player_name,position,class_year,previous_school,school_name,division,conference_code,primary_conference,source_url,collected_at,height_inches,hometown_city,hometown_state,hometown_country,season,height_imputed
Becca Siedenburg,S,SR,Gardner-Webb,Abilene Christian University,DI,WAC,Western Athletic Conference,https://acusports.com/sports/womens-volleyball/roster/2025,2026-07-20T00:46:56.672717+00:00,68.0,Wales,WI,USA,2025,False
Avery Thaler,MB,SO,,Abilene Christian University,DI,WAC,Western Athletic Conference,https://acusports.com/sports/womens-volleyball/roster/2025,2026-07-20T00:46:56.672717+00:00,70.0,Fairfield,TX,USA,2025,False
Rachel Koss,S,JR,,Abilene Christian University,DI,WAC,Western Athletic Conference,https://acusports.com/sports/womens-volleyball/roster/2025,2026-07-20T00:46:56.672717+00:00,71.0,Freedom,WI,USA,2025,False
Courtney Church,OH,R-FR,,Abilene Christian University,DI,WAC,Western Athletic Conference,https://acusports.com/sports/womens-volleyball/roster/2025,2026-07-20T00:46:56.672717+00:00,72.0,Driftwood,TX,USA,2025,False
Hannah Gonzalez,MB,JR,,Abilene Christian University,DI,WAC,Western Athletic Conference,https://acusports.com/sports/womens-volleyball/roster/2025,2026-07-20T00:46:56.672717+00:00,74.0,Lucas,TX,USA,2025,False
Annaleise Sevier,OH,SO,,Abilene Christian University,DI,WAC,Western Athletic Conference,https://acusports.com/sports/womens-volleyball/roster/2025,2026-07-20T00:46:56.672717+00:00,70.0,Aubrey,TX,USA,2025,False
Ashli Edmiston,OH,SR,,Abilene Christian University,DI,WAC,Western Athletic Conference,https://acusports.com/sports/womens-volleyball/roster/2025,2026-07-20T00:46:56.672717+00:00,68.0,Wilsonville,OR,USA,2025,False
Aubrey Beaver,OH,JR,Cal State Fullerton,Abilene Christian University,DI,WAC,Western Athletic Conference,https://acusports.com/sports/womens-volleyball/roster/2025,2026-07-20T00:46:56.672717+00:00,72.0,Murrieta,CA,USA,2025,False
Izabelle Larson,OH,JR,,Abilene Christian University,DI,WAC,Western Athletic Conference,https://acusports.com/sports/womens-volleyball/roster/2025,2026-07-20T00:46:56.672717+00:00,71.0,San Jose,CA,USA,2025,False
Abby Christian,L/DS,JR,,Abilene Christian University,DI,WAC,Western Athletic Conference,https://acusports.com/sports/womens-volleyball/roster/2025,2026-07-20T00:46:56.672717+00:00,69.0,Kansas City,MO,USA,2025,False
Aliyah Jowers,OH,FR,,Abilene Christian University,DI,WAC,Western Athletic Conference,https://acusports.com/sports/womens-volleyball/roster/2025,2026-07-20T00:46:56.672717+00:00,71.0,Abilene,TX,USA,2025,False
Hadlee Welch,OH,FR,,Abilene Christian University,DI,WAC,Western Athletic Conference,https://acusports.com/sports/womens-volleyball/roster/2025,2026-07-20T00:46:56.672717+00:00,76.0,Lubbock,TX,USA,2025,False
Alexis Strong,OH,JR,,Abilene Christian University,DI,WAC,Western Athletic Conference,https://acusports.com/sports/womens-volleyball/roster/2025,2026-07-20T00:46:56.672717+00:00,73.0,Louisville,KY,USA,2025,False
Erika Gustafson,MB,R-SO,Montana State,Abilene Christian University,DI,WAC,Western Athletic Conference,https://acusports.com/sports/womens-volleyball/roster/2025,2026-07-20T00:46:56.672717+00:00,74.0,Denton,TX,USA,2025,False
Brennan Ramirez,L/DS,R-FR,Texas,Abilene Christian University,DI,WAC,Western Athletic Conference,https://acusports.com/sports/womens-volleyball/roster/2025,2026-07-20T00:46:56.672717+00:00,61.0,Waxahachie,TX,USA,2025,False
Rayishon Jackman,OH,SO,,Alabama A&M University,DI,SWAC,Southwestern Athletic Conf.,https://aamusports.com/sports/womens-volleyball/roster/2025,2026-07-20T00:46:58.999395+00:00,69.0,Taipei,,Taiwan,2025,False
Sana Dennis,MB,GR,,Alabama A&M University,DI,SWAC,Southwestern Athletic Conf.,https://aamusports.com/sports/womens-volleyball/roster/2025,2026-07-20T00:46:58.999395+00:00,73.0,Atlanta,GA,USA,2025,False
Caitlin Shaw,OH,SR,,Alabama A&M University,DI,SWAC,Southwestern Athletic Conf.,https://aamusports.com/sports/womens-volleyball/roster/2025,2026-07-20T00:46:58.999395+00:00,73.0,Desoto,TX,USA,2025,False
Carys Sanabria,MB,FR,,Alabama A&M University,DI,SWAC,Southwestern Athletic Conf.,https://aamusports.com/sports/womens-volleyball/roster/2025,2026-07-20T00:46:58.999395+00:00,74.0,Marietta,GA,USA,2025,False
Nevaeh Johnson,MB,JR,,Alabama A&M University,DI,SWAC,Southwestern Athletic Conf.,https://aamusports.com/sports/womens-volleyball/roster/2025,2026-07-20T00:46:58.999395+00:00,75.0,Desoto,TX,USA,2025,False
Kaydee Smith,S,FR,,Alabama A&M University,DI,SWAC,Southwestern Athletic Conf.,https://aamusports.com/sports/womens-volleyball/roster/2025,2026-07-20T00:46:58.999395+00:00,69.0,Mooresville,NC,USA,2025,False
Tamirea Taylor,OH,JR,,Alabama A&M University,DI,SWAC,Southwestern Athletic Conf.,https://aamusports.com/sports/womens-volleyball/roster/2025,2026-07-20T00:46:58.999395+00:00,72.0,Bessemer,AL,USA,2025,False
Cherrish Robinson,MB,FR,,Alabama A&M University,DI,SWAC,Southwestern Athletic Conf.,https://aamusports.com/sports/womens-volleyball/roster/2025,2026-07-20T00:46:58.999395+00:00,72.0,Houston,TX,USA,2025,False
Nhya Morgan,MB,SO,,Alabama A&M University,DI,SWAC,Southwestern Athletic Conf.,https://aamusports.com/sports/womens-volleyball/roster/2025,2026-07-20T00:46:58.999395+00:00,72.0,Limón,,Costa Rica,2025,False
Kemora Coachman,L/DS,SR,,Alabama A&M University,DI,SWAC,Southwestern Athletic Conf.,https://aamusports.com/sports/womens-volleyball/roster/2025,2026-07-20T00:46:58.999395+00:00,70.0,Huntsville,AL,USA,2025,False
Isabella Fleurima,OH,FR,,Alabama A&M University,DI,SWAC,Southwestern Athletic Conf.,https://aamusports.com/sports/womens-volleyball/roster/2025,2026-07-20T00:46:58.999395+00:00,71.0,Naperville,IL,USA,2025,False
Briana Smith,S,JR,,Alabama A&M University,DI,SWAC,Southwestern Athletic Conf.,https://aamusports.com/sports/womens-volleyball/roster/2025,2026-07-20T00:46:58.999395+00:00,70.0,Madison,AL,USA,2025,False
Saniya Spalding,MB,SR,,Alabama A&M University,DI,SWAC,Southwestern Athletic Conf.,https://aamusports.com/sports/womens-volleyball/roster/2025,2026-07-20T00:46:58.999395+00:00,72.0,Merrillville,IN,USA,2025,False
Aspen Creekmore,OH,SO,,Alabama A&M University,DI,SWAC,Southwestern Athletic Conf.,https://aamusports.com/sports/womens-volleyball/roster/2025,2026-07-20T00:46:58.999395+00:00,73.0,Loganville,GA,USA,2025,False
Keyara Scott-Johnson,OH,SR,,Alabama A&M University,DI,SWAC,Southwestern Athletic Conf.,https://aamusports.com/sports/womens-volleyball/roster/2025,2026-07-20T00:46:58.999395+00:00,69.0,Laveen,AZ,USA,2025,False
Bailey Wallace,L/DS,FR,,Alabama A&M University,DI,SWAC,Southwestern Athletic Conf.,https://aamusports.com/sports/womens-volleyball/roster/2025,2026-07-20T00:46:58.999395+00:00,65.0,Chicago,IL,USA,2025,False
Kelani Talakai,L/DS,FR,,Alabama A&M University,DI,SWAC,Southwestern Athletic Conf.,https://aamusports.com/sports/womens-volleyball/roster/2025,2026-07-20T00:46:58.999395+00:00,65.0,Providence,UT,USA,2025,False
Brynn Metoyer,OH,FR,,Alabama State University,DI,SWAC,Southwestern Athletic Conf.,https://bamastatesports.com/sports/womens-volleyball/roster/2025,2026-07-20T00:47:01.301973+00:00,70.0,Spring,TX,USA,2025,False
Trinity Mitchell,L/DS,JR,,Alabama State University,DI,SWAC,Southwestern Athletic Conf.,https://bamastatesports.com/sports/womens-volleyball/roster/2025,2026-07-20T00:47:01.301973+00:00,64.0,Alpharetta,GA,USA,2025,False
Sierra Scanlan,S,SR,,Alabama State University,DI,SWAC,Southwestern Athletic Conf.,https://bamastatesports.com/sports/womens-volleyball/roster/2025,2026-07-20T00:47:01.301973+00:00,68.0,Puna,HI,USA,2025,False
Bailee Payne,OH,SO,,Alabama State University,DI,SWAC,Southwestern Athletic Conf.,https://bamastatesports.com/sports/womens-volleyball/roster/2025,2026-07-20T00:47:01.301973+00:00,70.0,Baytown,TX,USA,2025,False
Taylor Williams,OH,SO,,Alabama State University,DI,SWAC,Southwestern Athletic Conf.,https://bamastatesports.com/sports/womens-volleyball/roster/2025,2026-07-20T00:47:01.301973+00:00,70.0,Cypress,TX,USA,2025,False
Erin Rogers,OPP,FR,,Alabama State University,DI,SWAC,Southwestern Athletic Conf.,https://bamastatesports.com/sports/womens-volleyball/roster/2025,2026-07-20T00:47:01.301973+00:00,69.0,Lake Alfred,FL,USA,2025,False
Madisynne McQueen,OH,SR,,Alabama State University,DI,SWAC,Southwestern Athletic Conf.,https://bamastatesports.com/sports/womens-volleyball/roster/2025,2026-07-20T00:47:01.301973+00:00,72.0,Frisco,TX,USA,2025,False
Kamrynn Clay,S,SO,,Alabama State University,DI,SWAC,Southwestern Athletic Conf.,https://bamastatesports.com/sports/womens-volleyball/roster/2025,2026-07-20T00:47:01.301973+00:00,68.0,Saint Hedwig,TX,USA,2025,False
Camille Holloway,MB,FR,,Alabama State University,DI,SWAC,Southwestern Athletic Conf.,https://bamastatesports.com/sports/womens-volleyball/roster/2025,2026-07-20T00:47:01.301973+00:00,74.0,St. Petersburg,FL,USA,2025,False
Essence Jones,MB,JR,,Alabama State University,DI,SWAC,Southwestern Athletic Conf.,https://bamastatesports.com/sports/womens-volleyball/roster/2025,2026-07-20T00:47:01.301973+00:00,71.0,Alpharetta,GA,USA,2025,False
Zanobia Willis,MB,GR,,Alabama State University,DI,SWAC,Southwestern Athletic Conf.,https://bamastatesports.com/sports/womens-volleyball/roster/2025,2026-07-20T00:47:01.301973+00:00,72.0,Red Oak,TX,USA,2025,False
Breanna Swanson,L/DS,SO,,Alabama State University,DI,SWAC,Southwestern Athletic Conf.,https://bamastatesports.com/sports/womens-volleyball/roster/2025,2026-07-20T00:47:01.301973+00:00,63.0,Cypress,TX,USA,2025,False
Kaylen Hines,MB,JR,,Alabama State University,DI,SWAC,Southwestern Athletic Conf.,https://bamastatesports.com/sports/womens-volleyball/roster/2025,2026-07-20T00:47:01.301973+00:00,72.0,South Holland,IL,USA,2025,False
Juliana Henao,S,JR,,Alcorn State University,DI,SWAC,Southwestern Athletic Conf.,https://alcornsports.com/sports/womens-volleyball/roster/2025,2026-07-20T00:47:03.599420+00:00,74.0,Cali,,Colombia,2025,False
Kasey Watkins,OH,SO,,Alcorn State University,DI,SWAC,Southwestern Athletic Conf.,https://alcornsports.com/sports/womens-volleyball/roster/2025,2026-07-20T00:47:03.599420+00:00,68.0,Cedar Hill,TX,USA,2025,False
Cristin Webb,MB,FR,,Alcorn State University,DI,SWAC,Southwestern Athletic Conf.,https://alcornsports.com/sports/womens-volleyball/roster/2025,2026-07-20T00:47:03.599420+00:00,70.0,DeSoto,TX,USA,2025,False
Kyla Davis,MB,GR,,Alcorn State University,DI,SWAC,Southwestern Athletic Conf.,https://alcornsports.com/sports/womens-volleyball/roster/2025,2026-07-20T00:47:03.599420+00:00,72.0,Memphis,TN,USA,2025,False
Tomoni Giddings,L/DS,FR,,Alcorn State University,DI,SWAC,Southwestern Athletic Conf.,https://alcornsports.com/sports/womens-volleyball/roster/2025,2026-07-20T00:47:03.599420+00:00,64.0,Dallas,TX,USA,2025,False
Brayla Doss,L/DS,FR,,Alcorn State University,DI,SWAC,Southwestern Athletic Conf.,https://alcornsports.com/sports/womens-volleyball/roster/2025,2026-07-20T00:47:03.599420+00:00,61.0,Memphis,TN,USA,2025,False
Michaela Branner,OH,SO,,Alcorn State University,DI,SWAC,Southwestern Athletic Conf.,https://alcornsports.com/sports/womens-volleyball/roster/2025,2026-07-20T00:47:03.599420+00:00,73.0,Oakland,CA,USA,2025,False
Maya Winterhoff,MB,SR,,Appalachian State University,DI,SBC,Sun Belt Conference,https://appstatesports.com/sports/womens-volleyball/roster/2025,2026-07-20T00:47:08.270717+00:00,74.0,Charlottesville,VA,USA,2025,False
Julianna Horta,S,R-FR,,Appalachian State University,DI,SBC,Sun Belt Conference,https://appstatesports.com/sports/womens-volleyball/roster/2025,2026-07-20T00:47:08.270717+00:00,70.0,Clayton,NC,USA,2025,False
Addison Heidemann,S,R-SR,,Appalachian State University,DI,SBC,Sun Belt Conference,https://appstatesports.com/sports/womens-volleyball/roster/2025,2026-07-20T00:47:08.270717+00:00,70.0,Diller,NE,USA,2025,False
Bella Hutchens,OH,SO,,Appalachian State University,DI,SBC,Sun Belt Conference,https://appstatesports.com/sports/womens-volleyball/roster/2025,2026-07-20T00:47:08.270717+00:00,71.0,Pilot Mountain,NC,USA,2025,False
Akila Hardie,MB,JR,,Appalachian State University,DI,SBC,Sun Belt Conference,https://appstatesports.com/sports/womens-volleyball/roster/2025,2026-07-20T00:47:08.270717+00:00,72.0,High Point,NC,USA,2025,False
Maria Contreras,S,JR,,Appalachian State University,DI,SBC,Sun Belt Conference,https://appstatesports.com/sports/womens-volleyball/roster/2025,2026-07-20T00:47:08.270717+00:00,75.0,Tepic,,Mexico,2025,False
Maddie Smith,OH,R-FR,,Appalachian State University,DI,SBC,Sun Belt Conference,https://appstatesports.com/sports/womens-volleyball/roster/2025,2026-07-20T00:47:08.270717+00:00,72.0,Hickory,NC,USA,2025,False
Delanie Grevengoed,OPP,R-SO,,Appalachian State University,DI,SBC,Sun Belt Conference,https://appstatesports.com/sports/womens-volleyball/roster/2025,2026-07-20T00:47:08.270717+00:00,74.0,South Holland,IL,USA,2025,False
Ali Morris,OH,SR,,Appalachian State University,DI,SBC,Sun Belt Conference,https://appstatesports.com/sports/womens-volleyball/roster/2025,2026-07-20T00:47:08.270717+00:00,71.0,Knoxville,TN,USA,2025,False
Lou Johnson,MB,SO,,Appalachian State University,DI,SBC,Sun Belt Conference,https://appstatesports.com/sports/womens-volleyball/roster/2025,2026-07-20T00:47:08.270717+00:00,70.0,Ocala,FL,USA,2025,False
Reese Axness,S,FR,,Ball State University,DI,Mid American,Mid-American Conference,https://ballstatesports.com/sports/womens-volleyball/roster/2025,2026-07-20T00:47:34.750107+00:00,69.69760479041916,Brooklyn Park,MN,USA,2025,False
Elizabeth Tabeling,L/DS,SO,,Ball State University,DI,Mid American,Mid-American Conference,https://ballstatesports.com/sports/womens-volleyball/roster/2025,2026-07-20T00:47:34.750107+00:00,66.12328767123287,Edgewood,KY,USA,2025,False
Kendall Eden,L/DS,FR,,Ball State University,DI,Mid American,Mid-American Conference,https://ballstatesports.com/sports/womens-volleyball/roster/2025,2026-07-20T00:47:34.750107+00:00,66.12328767123287,Morgantown,IN,USA,2025,False
Christyn Ashby,OPP,GR,,Ball State University,DI,Mid American,Mid-American Conference,https://ballstatesports.com/sports/womens-volleyball/roster/2025,2026-07-20T00:47:34.750107+00:00,72.57241379310345,Atlanta,GA,USA,2025,False
Katie Egenolf,OH,SR,,Ball State University,DI,Mid American,Mid-American Conference,https://ballstatesports.com/sports/womens-volleyball/roster/2025,2026-07-20T00:47:34.750107+00:00,71.45390070921985,Greenwood,IN,USA,2025,False
Noelle VanOort,OH,GR,,Ball State University,DI,Mid American,Mid-American Conference,https://ballstatesports.com/sports/womens-volleyball/roster/2025,2026-07-20T00:47:34.750107+00:00,71.45390070921985,Mantorville,MN,USA,2025,False
Tiffany Snook,MB,SO,,Ball State University,DI,Mid American,Mid-American Conference,https://ballstatesports.com/sports/womens-volleyball/roster/2025,2026-07-20T00:47:34.750107+00:00,73.15611814345992,Fishers,IN,USA,2025,False
Sophie Ledbetter,L/DS,SO,,Ball State University,DI,Mid American,Mid-American Conference,https://ballstatesports.com/sports/womens-volleyball/roster/2025,2026-07-20T00:47:34.750107+00:00,66.12328767123287,Fishers,IN,USA,2025,False
Gwen Crull,MB,JR,,Ball State University,DI,Mid American,Mid-American Conference,https://ballstatesports.com/sports/womens-volleyball/roster/2025,2026-07-20T00:47:34.750107+00:00,73.15611814345992,Madison,WI,USA,2025,False
Aniya Kennedy,OH,R-JR,,Ball State University,DI,Mid American,Mid-American Conference,https://ballstatesports.com/sports/womens-volleyball/roster/2025,2026-07-20T00:47:34.750107+00:00,71.45390070921985,La Porte,IN,USA,2025,False
Alana Bailey,MB,FR,,Ball State University,DI,Mid American,Mid-American Conference,https://ballstatesports.com/sports/womens-volleyball/roster/2025,2026-07-20T00:47:34.750107+00:00,73.15611814345992,Grand Rapids,MI,USA,2025,False
Camryn Wise,MB,JR,,Ball State University,DI,Mid American,Mid-American Conference,https://ballstatesports.com/sports/womens-volleyball/roster/2025,2026-07-20T00:47:34.750107+00:00,73.15611814345992,Parker City,IN,USA,2025,False
Riley Whitlock,OH,R-FR,,Ball State University,DI,Mid American,Mid-American Conference,https://ballstatesports.com/sports/womens-volleyball/roster/2025,2026-07-20T00:47:34.750107+00:00,71.45390070921985,Lafayette,IN,USA,2025,False
Carson Tyler,OH,SO,,Ball State University,DI,Mid American,Mid-American Conference,https://ballstatesports.com/sports/womens-volleyball/roster/2025,2026-07-20T00:47:34.750107+00:00,71.45390070921985,Pavilion,NY,USA,2025,False
Madison Buckley,OPP,SR,,Ball State University,DI,Mid American,Mid-American Conference,https://ballstatesports.com/sports/womens-volleyball/roster/2025,2026-07-20T00:47:34.750107+00:00,72.57241379310345,Montgomery,IL,USA,2025,False
Kylynn White,S,SO,,Bethune-Cookman University,DI,SWAC,Southwestern Athletic Conf.,https://bcuathletics.com/sports/womens-volleyball/roster/2025,2026-07-20T00:47:44.703763+00:00,67.0,Chicago,IL,USA,2025,False
Sienna Lawrence,MB,SO,,Bethune-Cookman University,DI,SWAC,Southwestern Athletic Conf.,https://bcuathletics.com/sports/womens-volleyball/roster/2025,2026-07-20T00:47:44.703763+00:00,69.0,Miami,FL,USA,2025,False
Gianna Mora,S,JR,,Bethune-Cookman University,DI,SWAC,Southwestern Athletic Conf.,https://bcuathletics.com/sports/womens-volleyball/roster/2025,2026-07-20T00:47:44.703763+00:00,68.0,Orlando,FL,USA,2025,False
Nola Hemphill,S,SO,,Bethune-Cookman University,DI,SWAC,Southwestern Athletic Conf.,https://bcuathletics.com/sports/womens-volleyball/roster/2025,2026-07-20T00:47:44.703763+00:00,70.0,Atlanta,GA,USA,2025,False
Eve Roman,L/DS,FR,,Binghamton University,DI,America East,America East Conference,https://binghamtonbearcats.com/sports/womens-volleyball/roster/2025,2026-07-20T00:47:46.787031+00:00,66.0,Wayne,NJ,USA,2025,False
Alexandra Koleva,S,GR,Florida A&M,Binghamton University,DI,America East,America East Conference,https://binghamtonbearcats.com/sports/womens-volleyball/roster/2025,2026-07-20T00:47:46.787031+00:00,69.0,Sofia,,Bulgaria,2025,False
Regan Kadel,S,SO,,Binghamton University,DI,America East,America East Conference,https://binghamtonbearcats.com/sports/womens-volleyball/roster/2025,2026-07-20T00:47:46.787031+00:00,70.0,Parker,CO,USA,2025,False
Matilda Tjernqvist,MB,FR,,Binghamton University,DI,America East,America East Conference,https://binghamtonbearcats.com/sports/womens-volleyball/roster/2025,2026-07-20T00:47:46.787031+00:00,73.0,Habo,,Sweden,2025,False
Eleanor Dorritie,OPP,SO,,Binghamton University,DI,America East,America East Conference,https://binghamtonbearcats.com/sports/womens-volleyball/roster/2025,2026-07-20T00:47:46.787031+00:00,71.0,Rochester,NY,USA,2025,False
Maya Coblentz-Brown,OPP,FR,,Binghamton University,DI,America East,America East Conference,https://binghamtonbearcats.com/sports/womens-volleyball/roster/2025,2026-07-20T00:47:46.787031+00:00,72.0,Irvine,CA,USA,2025,False
Maia Marin,S,FR,,Binghamton University,DI,America East,America East Conference,https://binghamtonbearcats.com/sports/womens-volleyball/roster/2025,2026-07-20T00:47:46.787031+00:00,71.0,Louisville,KY,USA,2025,False
Emily Cronkhite,L/DS,SR,Illinois Central,Binghamton University,DI,America East,America East Conference,https://binghamtonbearcats.com/sports/womens-volleyball/roster/2025,2026-07-20T00:47:46.787031+00:00,68.0,Metamora,IL,USA,2025,False
Hannah Olmstead,MB,FR,,Binghamton University,DI,America East,America East Conference,https://binghamtonbearcats.com/sports/womens-volleyball/roster/2025,2026-07-20T00:47:46.787031+00:00,73.0,Victor,NY,USA,2025,False
Viktoria Dimitrova,OPP,SO,,Binghamton University,DI,America East,America East Conference,https://binghamtonbearcats.com/sports/womens-volleyball/roster/2025,2026-07-20T00:47:46.787031+00:00,72.0,Sofia,,Bulgaria,2025,False
Sophia Holland,MB,SO,,Binghamton University,DI,America East,America East Conference,https://binghamtonbearcats.com/sports/womens-volleyball/roster/2025,2026-07-20T00:47:46.787031+00:00,72.0,Lakeville,MN,USA,2025,False
Jalia Dublin,OH,FR,,Binghamton University,DI,America East,America East Conference,https://binghamtonbearcats.com/sports/womens-volleyball/roster/2025,2026-07-20T00:47:46.787031+00:00,69.0,Westampton,NJ,USA,2025,False
Merima Smajlovic,OH,SR,Seattle,Binghamton University,DI,America East,America East Conference,https://binghamtonbearcats.com/sports/womens-volleyball/roster/2025,2026-07-20T00:47:46.787031+00:00,71.0,Istanbul,,Turkey,2025,False
Haiden Fuhrmann,OH,SO,,Binghamton University,DI,America East,America East Conference,https://binghamtonbearcats.com/sports/womens-volleyball/roster/2025,2026-07-20T00:47:46.787031+00:00,70.0,Berkeley Heights,NJ,USA,2025,False
Selestine Liu Asomua,OH,FR,,Binghamton University,DI,America East,America East Conference,https://binghamtonbearcats.com/sports/womens-volleyball/roster/2025,2026-07-20T00:47:46.787031+00:00,73.0,Altona,MB,CAN,2025,False
Celeste Ocampo,L/DS,FR,,Binghamton University,DI,America East,America East Conference,https://binghamtonbearcats.com/sports/womens-volleyball/roster/2025,2026-07-20T00:47:46.787031+00:00,60.0,Little Elm,TX,USA,2025,False
Briana Binagi,OH,SO,,Binghamton University,DI,America East,America East Conference,https://binghamtonbearcats.com/sports/womens-volleyball/roster/2025,2026-07-20T00:47:46.787031+00:00,70.0,Pewaukee,WI,USA,2025,False
Francesca Pierdonati,MB,FR,,Binghamton University,DI,America East,America East Conference,https://binghamtonbearcats.com/sports/womens-volleyball/roster/2025,2026-07-20T00:47:46.787031+00:00,72.0,Rome,,Italy,2025,False
Corrie Brown,S,JR,,Bradley University,DI,MVC,Missouri Valley Conference,https://bradleybraves.com/sports/womens-volleyball/roster/2025,2026-07-20T00:48:04.980164+00:00,71.0,Maumee,OH,USA,2025,False
Gracie Furlong,OH,FR,,Bradley University,DI,MVC,Missouri Valley Conference,https://bradleybraves.com/sports/womens-volleyball/roster/2025,2026-07-20T00:48:04.980164+00:00,69.0,Galena,IL,USA,2025,False
Lauren Dale,OH,SO,,Bradley University,DI,MVC,Missouri Valley Conference,https://bradleybraves.com/sports/womens-volleyball/roster/2025,2026-07-20T00:48:04.980164+00:00,69.0,Houston,TX,USA,2025,False
Mairen Mannon,MB,JR,,Bradley University,DI,MVC,Missouri Valley Conference,https://bradleybraves.com/sports/womens-volleyball/roster/2025,2026-07-20T00:48:04.980164+00:00,74.0,Chillicothe,IL,USA,2025,False
Chloe Parker,MB,FR,,Bradley University,DI,MVC,Missouri Valley Conference,https://bradleybraves.com/sports/womens-volleyball/roster/2025,2026-07-20T00:48:04.980164+00:00,74.0,Green Bay,WI,USA,2025,False
Megan DePoorter,L/DS,JR,,Bradley University,DI,MVC,Missouri Valley Conference,https://bradleybraves.com/sports/womens-volleyball/roster/2025,2026-07-20T00:48:04.980164+00:00,65.0,Coal Valley,IL,USA,2025,False
Vitoria Oliveira,MB,SR,,Bradley University,DI,MVC,Missouri Valley Conference,https://bradleybraves.com/sports/womens-volleyball/roster/2025,2026-07-20T00:48:04.980164+00:00,74.0,Sao Paulo,,Brazil,2025,False
Irene Mostardini,L/DS,SR,,Bradley University,DI,MVC,Missouri Valley Conference,https://bradleybraves.com/sports/womens-volleyball/roster/2025,2026-07-20T00:48:04.980164+00:00,65.0,Monsummano Terme,,Italy,2025,False
Ava Patchett,L/DS,FR,,Bradley University,DI,MVC,Missouri Valley Conference,https://bradleybraves.com/sports/womens-volleyball/roster/2025,2026-07-20T00:48:04.980164+00:00,66.0,Appleton,WI,USA,2025,False
Tendai Titley,OH,R-FR,,Bradley University,DI,MVC,Missouri Valley Conference,https://bradleybraves.com/sports/womens-volleyball/roster/2025,2026-07-20T00:48:04.980164+00:00,70.0,Houston,TX,USA,2025,False
Emily McShan,L/DS,FR,,Bradley University,DI,MVC,Missouri Valley Conference,https://bradleybraves.com/sports/womens-volleyball/roster/2025,2026-07-20T00:48:04.980164+00:00,64.0,Frisco,TX,USA,2025,False
Maria Drapp,S,SO,,Bradley University,DI,MVC,Missouri Valley Conference,https://bradleybraves.com/sports/womens-volleyball/roster/2025,2026-07-20T00:48:04.980164+00:00,70.0,Cincinnati,OH,USA,2025,False
Adeline Goedheer,MB,FR,,Bradley University,DI,MVC,Missouri Valley Conference,https://bradleybraves.com/sports/womens-volleyball/roster/2025,2026-07-20T00:48:04.980164+00:00,74.0,Waukesha,WI,USA,2025,False
Anna Kiss,OH,SR,,Bradley University,DI,MVC,Missouri Valley Conference,https://bradleybraves.com/sports/womens-volleyball/roster/2025,2026-07-20T00:48:04.980164+00:00,71.0,Szekesfehervar,,Hungary,2025,False
Angelina Sayles,OH,JR,,Bradley University,DI,MVC,Missouri Valley Conference,https://bradleybraves.com/sports/womens-volleyball/roster/2025,2026-07-20T00:48:04.980164+00:00,70.0,Henderson,NV,USA,2025,False
Dakota Elliott,MB,SO,,Bradley University,DI,MVC,Missouri Valley Conference,https://bradleybraves.com/sports/womens-volleyball/roster/2025,2026-07-20T00:48:04.980164+00:00,70.0,Indianapolis,IN,USA,2025,False
Myia McCoy,OH,SO,,Bradley University,DI,MVC,Missouri Valley Conference,https://bradleybraves.com/sports/womens-volleyball/roster/2025,2026-07-20T00:48:04.980164+00:00,71.0,Greenwood,AR,USA,2025,False
Madison Koeller,S,JR,,Bryant University,DI,America East,America East Conference,https://bryantbulldogs.com/sports/womens-volleyball/roster/2025,2026-07-20T00:48:21.165751+00:00,72.0,Winchester,VA,USA,2025,False
London Hunt,MB,SR,,Bryant University,DI,America East,America East Conference,https://bryantbulldogs.com/sports/womens-volleyball/roster/2025,2026-07-20T00:48:21.165751+00:00,70.0,Denton,TX,USA,2025,False
Madison Keem,S,FR,,Bryant University,DI,America East,America East Conference,https://bryantbulldogs.com/sports/womens-volleyball/roster/2025,2026-07-20T00:48:21.165751+00:00,70.0,Lancaster,NY,USA,2025,False
Claudia Camacho-Castro,L/DS,SO,,Bryant University,DI,America East,America East Conference,https://bryantbulldogs.com/sports/womens-volleyball/roster/2025,2026-07-20T00:48:21.165751+00:00,63.0,Dorado,,PR,2025,False
Brookelyn Talmadge,MB,JR,,Bryant University,DI,America East,America East Conference,https://bryantbulldogs.com/sports/womens-volleyball/roster/2025,2026-07-20T00:48:21.165751+00:00,72.0,Clifton,NJ,USA,2025,False
Katelyn Rossini,OH,SO,,Bryant University,DI,America East,America East Conference,https://bryantbulldogs.com/sports/womens-volleyball/roster/2025,2026-07-20T00:48:21.165751+00:00,70.0,Lake Villa,IL,USA,2025,False
Ruth Ochelli,OH,FR,,Bryant University,DI,America East,America East Conference,https://bryantbulldogs.com/sports/womens-volleyball/roster/2025,2026-07-20T00:48:21.165751+00:00,72.0,Sugar Land,TX,USA,2025,False
Nadine Abdat,MB,JR,,Bryant University,DI,America East,America East Conference,https://bryantbulldogs.com/sports/womens-volleyball/roster/2025,2026-07-20T00:48:21.165751+00:00,74.0,North Andover,MA,USA,2025,False
Nina Gavin,OPP,JR,,Bryant University,DI,America East,America East Conference,https://bryantbulldogs.com/sports/womens-volleyball/roster/2025,2026-07-20T00:48:21.165751+00:00,73.0,Clinton,MA,USA,2025,False
Hannah Jackson,OH,FR,,Bryant University,DI,America East,America East Conference,https://bryantbulldogs.com/sports/womens-volleyball/roster/2025,2026-07-20T00:48:21.165751+00:00,73.0,Chanhassen,MN,USA,2025,False
Ana Fuertes-Brito,OPP,SR,,Bryant University,DI,America East,America East Conference,https://bryantbulldogs.com/sports/womens-volleyball/roster/2025,2026-07-20T00:48:21.165751+00:00,71.0,Guaynabo,,PR,2025,False
Arianna Ugolini,OH,SR,,Bryant University,DI,America East,America East Conference,https://bryantbulldogs.com/sports/womens-volleyball/roster/2025,2026-07-20T00:48:21.165751+00:00,72.0,Bologna,,Italy,2025,False
Melis Isik,S,SR,,Bryant University,DI,America East,America East Conference,https://bryantbulldogs.com/sports/womens-volleyball/roster/2025,2026-07-20T00:48:21.165751+00:00,73.0,Karisyaka,Izmir,Turkey,2025,False
Lea Mackey,OH,SR,,Bryant University,DI,America East,America East Conference,https://bryantbulldogs.com/sports/womens-volleyball/roster/2025,2026-07-20T00:48:21.165751+00:00,74.0,Rockaway,NJ,USA,2025,False
Kaitlin Curran,OH,FR,,Bryant University,DI,America East,America East Conference,https://bryantbulldogs.com/sports/womens-volleyball/roster/2025,2026-07-20T00:48:21.165751+00:00,73.0,Commack,NY,USA,2025,False
Maeve Voltz,MB,SR,,Bryant University,DI,America East,America East Conference,https://bryantbulldogs.com/sports/womens-volleyball/roster/2025,2026-07-20T00:48:21.165751+00:00,73.0,Bay Shore,NY,USA,2025,False
Natalie Ricevuto,OH,SO,,Bryant University,DI,America East,America East Conference,https://bryantbulldogs.com/sports/womens-volleyball/roster/2025,2026-07-20T00:48:21.165751+00:00,73.0,Collegeville,PA,USA,2025,False
Maddie Brown,S,R-SO,Redlands High School,California Baptist University,DI,WAC,Western Athletic Conference,https://cbulancers.com/sports/womens-volleyball/roster/2025,2026-07-20T00:48:29.177291+00:00,68.0,Beaumont,CA,USA,2025,False
Lucy Ryan,OPP,JR,Feather River College,California Baptist University,DI,WAC,Western Athletic Conference,https://cbulancers.com/sports/womens-volleyball/roster/2025,2026-07-20T00:48:29.177291+00:00,73.0,Reno,NV,USA,2025,False
Toree Tiffee,OH,JR,Southside HS,California Baptist University,DI,WAC,Western Athletic Conference,https://cbulancers.com/sports/womens-volleyball/roster/2025,2026-07-20T00:48:29.177291+00:00,71.0,Fort Smith,AR,USA,2025,False
Bella Breuer,MB,FR,Camdenton High School,California Baptist University,DI,WAC,Western Athletic Conference,https://cbulancers.com/sports/womens-volleyball/roster/2025,2026-07-20T00:48:29.177291+00:00,74.0,Camdenton,MO,USA,2025,False
Avery Barber,S,SO,Exeter Union HS,California Baptist University,DI,WAC,Western Athletic Conference,https://cbulancers.com/sports/womens-volleyball/roster/2025,2026-07-20T00:48:29.177291+00:00,69.0,Exeter,CA,USA,2025,False
Eliana Posada,OPP,GR,Pittsburgh,California Baptist University,DI,WAC,Western Athletic Conference,https://cbulancers.com/sports/womens-volleyball/roster/2025,2026-07-20T00:48:29.177291+00:00,74.0,Houston,TX,USA,2025,False
Mia Rossman,L/DS,SO,Feather River College,California Baptist University,DI,WAC,Western Athletic Conference,https://cbulancers.com/sports/womens-volleyball/roster/2025,2026-07-20T00:48:29.177291+00:00,65.0,Redding,CA,USA,2025,False
Gianna Perez,L/DS,SO,Glendora HS,California Baptist University,DI,WAC,Western Athletic Conference,https://cbulancers.com/sports/womens-volleyball/roster/2025,2026-07-20T00:48:29.177291+00:00,68.0,Glendora,CA,USA,2025,False
Filippa Botcher,MB,FR,INS Joaquim Blume High School,California Baptist University,DI,WAC,Western Athletic Conference,https://cbulancers.com/sports/womens-volleyball/roster/2025,2026-07-20T00:48:29.177291+00:00,72.0,Barcelona,,Spain,2025,False
Reese Reed,S,SR,Archbishop Mitty HS,California Baptist University,DI,WAC,Western Athletic Conference,https://cbulancers.com/sports/womens-volleyball/roster/2025,2026-07-20T00:48:29.177291+00:00,69.0,San Jose,CA,USA,2025,False
Olivia Melton,OH,SR,Memphis,California Baptist University,DI,WAC,Western Athletic Conference,https://cbulancers.com/sports/womens-volleyball/roster/2025,2026-07-20T00:48:29.177291+00:00,70.0,Fort Smith,AR,USA,2025,False
Athena Cox,MB,FR,Academy of Our Lady of Peace,California Baptist University,DI,WAC,Western Athletic Conference,https://cbulancers.com/sports/womens-volleyball/roster/2025,2026-07-20T00:48:29.177291+00:00,75.0,San Diego,CA,USA,2025,False
Eleftheria Baxa,OH,JR,Memphis,California Baptist University,DI,WAC,Western Athletic Conference,https://cbulancers.com/sports/womens-volleyball/roster/2025,2026-07-20T00:48:29.177291+00:00,75.0,Peristeri,,Greece,2025,False
Emery DeJong,OH,SO,Sedro-Woolley High School,California Baptist University,DI,WAC,Western Athletic Conference,https://cbulancers.com/sports/womens-volleyball/roster/2025,2026-07-20T00:48:29.177291+00:00,72.0,Mount Vernon,WA,USA,2025,False
Simge Yuksel,L/DS,FR,Uger Anadolu Lisesi,California Baptist University,DI,WAC,Western Athletic Conference,https://cbulancers.com/sports/womens-volleyball/roster/2025,2026-07-20T00:48:29.177291+00:00,68.0,Istanbul,,Turkey,2025,False
Jordyn Waite-Ward,MB,SO,Sonoma State,California Baptist University,DI,WAC,Western Athletic Conference,https://cbulancers.com/sports/womens-volleyball/roster/2025,2026-07-20T00:48:29.177291+00:00,74.0,Aptos,CA,USA,2025,False
Olivia Miller,L/DS,JR,,Campbell University,DI,CAA,Coastal Athletic Association,https://gocamels.com/sports/womens-volleyball/roster/2025,2026-07-20T00:48:47.477330+00:00,67.0,Louisville,KY,USA,2025,False
Maddie Lambers,MB,SO,,Campbell University,DI,CAA,Coastal Athletic Association,https://gocamels.com/sports/womens-volleyball/roster/2025,2026-07-20T00:48:47.477330+00:00,75.0,Cincinnati,OH,USA,2025,False
Maddie Converse,S,SR,,Campbell University,DI,CAA,Coastal Athletic Association,https://gocamels.com/sports/womens-volleyball/roster/2025,2026-07-20T00:48:47.477330+00:00,69.0,Mantorville,MN,USA,2025,False
Leah Freesemann,OH,FR,,Campbell University,DI,CAA,Coastal Athletic Association,https://gocamels.com/sports/womens-volleyball/roster/2025,2026-07-20T00:48:47.477330+00:00,74.0,Elgin,IL,USA,2025,False
Victoria Tupy,OH,SO,,Campbell University,DI,CAA,Coastal Athletic Association,https://gocamels.com/sports/womens-volleyball/roster/2025,2026-07-20T00:48:47.477330+00:00,73.0,Virginia Beach,VA,USA,2025,False
Hannah Pattie,S,SO,,Campbell University,DI,CAA,Coastal Athletic Association,https://gocamels.com/sports/womens-volleyball/roster/2025,2026-07-20T00:48:47.477330+00:00,67.0,Cleveland,OH,USA,2025,False
Sadie Johnston,L/DS,FR,,Campbell University,DI,CAA,Coastal Athletic Association,https://gocamels.com/sports/womens-volleyball/roster/2025,2026-07-20T00:48:47.477330+00:00,64.0,Clayton,NC,USA,2025,False
Abbie Tuyo,OH,SR,,Campbell University,DI,CAA,Coastal Athletic Association,https://gocamels.com/sports/womens-volleyball/roster/2025,2026-07-20T00:48:47.477330+00:00,70.0,Waco,TX,USA,2025,False
Bella Illig,L/DS,GR,,Campbell University,DI,CAA,Coastal Athletic Association,https://gocamels.com/sports/womens-volleyball/roster/2025,2026-07-20T00:48:47.477330+00:00,67.0,Delaware,OH,USA,2025,False
Maja Daca,OH,FR,,Campbell University,DI,CAA,Coastal Athletic Association,https://gocamels.com/sports/womens-volleyball/roster/2025,2026-07-20T00:48:47.477330+00:00,68.0,Warsaw,,Poland,2025,False
Hailey Heytvelt,MB,SO,,Campbell University,DI,CAA,Coastal Athletic Association,https://gocamels.com/sports/womens-volleyball/roster/2025,2026-07-20T00:48:47.477330+00:00,74.0,Vancouver,WA,USA,2025,False
Meredith Reisman,MB,JR,,Campbell University,DI,CAA,Coastal Athletic Association,https://gocamels.com/sports/womens-volleyball/roster/2025,2026-07-20T00:48:47.477330+00:00,73.0,Cincinnati,OH,USA,2025,False
Ashley Artura,S,JR,,Campbell University,DI,CAA,Coastal Athletic Association,https://gocamels.com/sports/womens-volleyball/roster/2025,2026-07-20T00:48:47.477330+00:00,73.0,Upland,CA,USA,2025,False
Gwen Wolkow,OH,SR,,Campbell University,DI,CAA,Coastal Athletic Association,https://gocamels.com/sports/womens-volleyball/roster/2025,2026-07-20T00:48:47.477330+00:00,72.0,Downers Grove,IL,USA,2025,False
Aley Clent,MB,SR,,Campbell University,DI,CAA,Coastal Athletic Association,https://gocamels.com/sports/womens-volleyball/roster/2025,2026-07-20T00:48:47.477330+00:00,77.0,Coppell,TX,USA,2025,False
Perry Stevenson,OH,SO,,Canisius University,DI,MAAC,Metro Atlantic Athletic Conference,https://gogriffs.com/sports/womens-volleyball/roster/2025,2026-07-20T00:48:50.067162+00:00,73.0,Millersville,MD,USA,2025,False
Anna Rich,S,FR,,Canisius University,DI,MAAC,Metro Atlantic Athletic Conference,https://gogriffs.com/sports/womens-volleyball/roster/2025,2026-07-20T00:48:50.067162+00:00,70.0,Waterford,MI,USA,2025,False
Ella Bourque,S,SR,,Canisius University,DI,MAAC,Metro Atlantic Athletic Conference,https://gogriffs.com/sports/womens-volleyball/roster/2025,2026-07-20T00:48:50.067162+00:00,71.0,Yorkville,IL,USA,2025,False
Julia Lenik,OH,R-SO,,Canisius University,DI,MAAC,Metro Atlantic Athletic Conference,https://gogriffs.com/sports/womens-volleyball/roster/2025,2026-07-20T00:48:50.067162+00:00,73.0,Rzeszow,,Poland,2025,False
Brenda Reynaga,L/DS,JR,,Canisius University,DI,MAAC,Metro Atlantic Athletic Conference,https://gogriffs.com/sports/womens-volleyball/roster/2025,2026-07-20T00:48:50.067162+00:00,63.0,Aurora,IL,USA,2025,False
Hannah Kos,OPP,JR,,Canisius University,DI,MAAC,Metro Atlantic Athletic Conference,https://gogriffs.com/sports/womens-volleyball/roster/2025,2026-07-20T00:48:50.067162+00:00,72.0,Greendale,WI,USA,2025,False
Bella Mosquera,MB,SR,,Canisius University,DI,MAAC,Metro Atlantic Athletic Conference,https://gogriffs.com/sports/womens-volleyball/roster/2025,2026-07-20T00:48:50.067162+00:00,74.0,West Chicago,IL,USA,2025,False
Kalia Reisma,MB,SR,,Canisius University,DI,MAAC,Metro Atlantic Athletic Conference,https://gogriffs.com/sports/womens-volleyball/roster/2025,2026-07-20T00:48:50.067162+00:00,72.0,Fort Myers,FL,USA,2025,False
Emma Isroff,OPP,SO,,Canisius University,DI,MAAC,Metro Atlantic Athletic Conference,https://gogriffs.com/sports/womens-volleyball/roster/2025,2026-07-20T00:48:50.067162+00:00,72.0,Hartville,OH,USA,2025,False
Azoria Davis,OH,JR,,Canisius University,DI,MAAC,Metro Atlantic Athletic Conference,https://gogriffs.com/sports/womens-volleyball/roster/2025,2026-07-20T00:48:50.067162+00:00,69.0,League City,TX,USA,2025,False
Alli Farmer,OH,FR,,Canisius University,DI,MAAC,Metro Atlantic Athletic Conference,https://gogriffs.com/sports/womens-volleyball/roster/2025,2026-07-20T00:48:50.067162+00:00,73.0,Lancaster,NY,USA,2025,False
McKenna Corcoran,MB,FR,,Canisius University,DI,MAAC,Metro Atlantic Athletic Conference,https://gogriffs.com/sports/womens-volleyball/roster/2025,2026-07-20T00:48:50.067162+00:00,72.0,Lancaster,NY,USA,2025,False
Skylar Yates,OH,SR,,Charleston Southern University,DI,Big South,Big South Conference,https://www.csusports.com/sports/womens-volleyball/roster/2025,2026-07-20T00:48:58.412733+00:00,67.0,Hedgesville,WV,USA,2025,False
Tristin Sutton,S,SO,,Charleston Southern University,DI,Big South,Big South Conference,https://www.csusports.com/sports/womens-volleyball/roster/2025,2026-07-20T00:48:58.412733+00:00,70.0,Chattanooga,TN,USA,2025,False
Emily Struckmeyer,MB,SR,,Charleston Southern University,DI,Big South,Big South Conference,https://www.csusports.com/sports/womens-volleyball/roster/2025,2026-07-20T00:48:58.412733+00:00,71.0,Lowell,MI,USA,2025,False
Sophia Kluska,OH,SR,,Charleston Southern University,DI,Big South,Big South Conference,https://www.csusports.com/sports/womens-volleyball/roster/2025,2026-07-20T00:48:58.412733+00:00,71.0,Olney,MD,USA,2025,False
Ola Matusiak,S,FR,,Charleston Southern University,DI,Big South,Big South Conference,https://www.csusports.com/sports/womens-volleyball/roster/2025,2026-07-20T00:48:58.412733+00:00,74.0,Lódz,,Poland,2025,False
Emma Bednarek,MB,JR,,Charleston Southern University,DI,Big South,Big South Conference,https://www.csusports.com/sports/womens-volleyball/roster/2025,2026-07-20T00:48:58.412733+00:00,75.0,Rosario,,Argentina,2025,False
Dillia Lowry,MB,SO,,Charleston Southern University,DI,Big South,Big South Conference,https://www.csusports.com/sports/womens-volleyball/roster/2025,2026-07-20T00:48:58.412733+00:00,72.0,Chattanooga,TN,USA,2025,False
Cara McLean,S,FR,,Charleston Southern University,DI,Big South,Big South Conference,https://www.csusports.com/sports/womens-volleyball/roster/2025,2026-07-20T00:48:58.412733+00:00,72.0,Chicago,IL,USA,2025,False
Faith Burch,OPP,JR,,Charleston Southern University,DI,Big South,Big South Conference,https://www.csusports.com/sports/womens-volleyball/roster/2025,2026-07-20T00:48:58.412733+00:00,70.0,Indianapolis,IN,USA,2025,False
Emmy Rollins,OH,GR,,Charleston Southern University,DI,Big South,Big South Conference,https://www.csusports.com/sports/womens-volleyball/roster/2025,2026-07-20T00:48:58.412733+00:00,73.0,Florence,SC,USA,2025,False
Nia Cummings,MB,JR,,Chicago State University,DI,NEC,Northeast Conference,https://www.gocsucougars.com/sports/womens-volleyball/roster/2025,2026-07-20T00:49:00.804965+00:00,70.0,San Diego,CA,USA,2025,False
Vasiliki Dagre,OH,FR,,Chicago State University,DI,NEC,Northeast Conference,https://www.gocsucougars.com/sports/womens-volleyball/roster/2025,2026-07-20T00:49:00.804965+00:00,73.0,Argos,,Greece,2025,False
Eliza Corvig,L/DS,FR,,Chicago State University,DI,NEC,Northeast Conference,https://www.gocsucougars.com/sports/womens-volleyball/roster/2025,2026-07-20T00:49:00.804965+00:00,68.0,Targu Mures,,Romania,2025,False
Nayella George,OH,R-SO,,Chicago State University,DI,NEC,Northeast Conference,https://www.gocsucougars.com/sports/womens-volleyball/roster/2025,2026-07-20T00:49:00.804965+00:00,70.0,Mukilteo,WA,USA,2025,False
Coco Figueroa,L/DS,,,Coppin State University,DI,MEAC,Mid-Eastern Athletic Conf.,https://coppinstatesports.com/sports/womens-volleyball/roster/2025,2026-07-20T00:49:33.098872+00:00,65.0,Bayamon,,PR,2025,False
Ahzhi Coleman,MB,,,Coppin State University,DI,MEAC,Mid-Eastern Athletic Conf.,https://coppinstatesports.com/sports/womens-volleyball/roster/2025,2026-07-20T00:49:33.098872+00:00,71.0,San Antonio,TX,USA,2025,False
Andrea Serrano,S,,Hutchinson CC,Coppin State University,DI,MEAC,Mid-Eastern Athletic Conf.,https://coppinstatesports.com/sports/womens-volleyball/roster/2025,2026-07-20T00:49:33.098872+00:00,66.0,Dorado,,PR,2025,False
Ayanna Pharoah,OPP,,,Coppin State University,DI,MEAC,Mid-Eastern Athletic Conf.,https://coppinstatesports.com/sports/womens-volleyball/roster/2025,2026-07-20T00:49:33.098872+00:00,70.0,Laurel,MD,USA,2025,False
Deviana Walker,OH,,,Coppin State University,DI,MEAC,Mid-Eastern Athletic Conf.,https://coppinstatesports.com/sports/womens-volleyball/roster/2025,2026-07-20T00:49:33.098872+00:00,71.0,Odenton,MD,USA,2025,False
Cherisse Atilano,OH,,,Coppin State University,DI,MEAC,Mid-Eastern Athletic Conf.,https://coppinstatesports.com/sports/womens-volleyball/roster/2025,2026-07-20T00:49:33.098872+00:00,70.0,Guaynabo,,PR,2025,False
Ivanna Luna,OPP,,,Coppin State University,DI,MEAC,Mid-Eastern Athletic Conf.,https://coppinstatesports.com/sports/womens-volleyball/roster/2025,2026-07-20T00:49:33.098872+00:00,73.0,Comerio,,PR,2025,False
TaKenya Stafford,OH,,Eastern Illinois,Coppin State University,DI,MEAC,Mid-Eastern Athletic Conf.,https://coppinstatesports.com/sports/womens-volleyball/roster/2025,2026-07-20T00:49:33.098872+00:00,71.0,Los Angeles,CA,USA,2025,False
Aya Rawlins,L/DS,,,Coppin State University,DI,MEAC,Mid-Eastern Athletic Conf.,https://coppinstatesports.com/sports/womens-volleyball/roster/2025,2026-07-20T00:49:33.098872+00:00,68.0,Silver Spring,MD,USA,2025,False
Beatriz Cornachini,OH,,Dodge City CC,Coppin State University,DI,MEAC,Mid-Eastern Athletic Conf.,https://coppinstatesports.com/sports/womens-volleyball/roster/2025,2026-07-20T00:49:33.098872+00:00,72.0,Itapora,,Brazil,2025,False
Andrea Cintron,S,,Youngstown State,Coppin State University,DI,MEAC,Mid-Eastern Athletic Conf.,https://coppinstatesports.com/sports/womens-volleyball/roster/2025,2026-07-20T00:49:33.098872+00:00,72.0,Naguabo,,PR,2025,False
Gabriela Zuquelo,OH,,Monroe College,Coppin State University,DI,MEAC,Mid-Eastern Athletic Conf.,https://coppinstatesports.com/sports/womens-volleyball/roster/2025,2026-07-20T00:49:33.098872+00:00,72.0,Parana,,Brazil,2025,False
Araya Garrison,MB,,Iowa Central CC,Coppin State University,DI,MEAC,Mid-Eastern Athletic Conf.,https://coppinstatesports.com/sports/womens-volleyball/roster/2025,2026-07-20T00:49:33.098872+00:00,72.0,Springfield,IL,USA,2025,False
McKenzie Parks,MB,,,Coppin State University,DI,MEAC,Mid-Eastern Athletic Conf.,https://coppinstatesports.com/sports/womens-volleyball/roster/2025,2026-07-20T00:49:33.098872+00:00,72.0,McDonough,GA,USA,2025,False
Maddie Smith,OH,,,Coppin State University,DI,MEAC,Mid-Eastern Athletic Conf.,https://coppinstatesports.com/sports/womens-volleyball/roster/2025,2026-07-20T00:49:33.098872+00:00,72.0,Spotsylvania,VA,USA,2025,False
Kayden Cupid,MB,,N.C. Central,Coppin State University,DI,MEAC,Mid-Eastern Athletic Conf.,https://coppinstatesports.com/sports/womens-volleyball/roster/2025,2026-07-20T00:49:33.098872+00:00,72.0,Supply,NC,USA,2025,False
Azul Pilahg,S,,Trinity Valley CC,Coppin State University,DI,MEAC,Mid-Eastern Athletic Conf.,https://coppinstatesports.com/sports/womens-volleyball/roster/2025,2026-07-20T00:49:33.098872+00:00,67.0,Resistencia,,Argentina,2025,False
Payton Swinton,OPP,,,Coppin State University,DI,MEAC,Mid-Eastern Athletic Conf.,https://coppinstatesports.com/sports/womens-volleyball/roster/2025,2026-07-20T00:49:33.098872+00:00,70.0,Odenton,MD,USA,2025,False
Grace Brooker,OPP,SR,,DePaul University,DI,Big East,Big East Conference,https://depaulbluedemons.com/sports/womens-volleyball/roster/2025,2026-07-20T00:49:47.735977+00:00,72.57241379310345,Georgetown,KY,USA,2025,False
Abby Cahill,L/DS,SO,,DePaul University,DI,Big East,Big East Conference,https://depaulbluedemons.com/sports/womens-volleyball/roster/2025,2026-07-20T00:49:47.735977+00:00,66.12328767123287,Fremont,OH,USA,2025,False
Arden Billingsley,S,FR,,DePaul University,DI,Big East,Big East Conference,https://depaulbluedemons.com/sports/womens-volleyball/roster/2025,2026-07-20T00:49:47.735977+00:00,69.69760479041916,Fairfield,CA,USA,2025,False
Logan Winn,S,GR,,DePaul University,DI,Big East,Big East Conference,https://depaulbluedemons.com/sports/womens-volleyball/roster/2025,2026-07-20T00:49:47.735977+00:00,69.69760479041916,Mountain View,CA,USA,2025,False
Eva Hurrle,L/DS,FR,,DePaul University,DI,Big East,Big East Conference,https://depaulbluedemons.com/sports/womens-volleyball/roster/2025,2026-07-20T00:49:47.735977+00:00,66.12328767123287,Greenwood,IN,USA,2025,False
Isabela Tavares Salomon,OPP,FR,,DePaul University,DI,Big East,Big East Conference,https://depaulbluedemons.com/sports/womens-volleyball/roster/2025,2026-07-20T00:49:47.735977+00:00,72.57241379310345,Belo Horizonte,,Brazil,2025,False
Ryan Gorski,OH,FR,,DePaul University,DI,Big East,Big East Conference,https://depaulbluedemons.com/sports/womens-volleyball/roster/2025,2026-07-20T00:49:47.735977+00:00,71.45390070921985,Scotch Plains,NJ,USA,2025,False
Luisa Juncu,OH,SO,,DePaul University,DI,Big East,Big East Conference,https://depaulbluedemons.com/sports/womens-volleyball/roster/2025,2026-07-20T00:49:47.735977+00:00,71.45390070921985,Brescia,,Italy,2025,False
Meghan Scholz,MB,JR,,DePaul University,DI,Big East,Big East Conference,https://depaulbluedemons.com/sports/womens-volleyball/roster/2025,2026-07-20T00:49:47.735977+00:00,73.15611814345992,Tomahawk,WI,USA,2025,False
Amanda Saeger,S,SO,,DePaul University,DI,Big East,Big East Conference,https://depaulbluedemons.com/sports/womens-volleyball/roster/2025,2026-07-20T00:49:47.735977+00:00,69.69760479041916,San Diego,CA,USA,2025,False
Nora Mannion,L/DS,JR,,DePaul University,DI,Big East,Big East Conference,https://depaulbluedemons.com/sports/womens-volleyball/roster/2025,2026-07-20T00:49:47.735977+00:00,66.12328767123287,San Francisco,CA,USA,2025,False
Martina Diana,OH,FR,,DePaul University,DI,Big East,Big East Conference,https://depaulbluedemons.com/sports/womens-volleyball/roster/2025,2026-07-20T00:49:47.735977+00:00,71.45390070921985,Crema,,Italy,2025,False
Jade Dudley-Epps,MB,SO,,DePaul University,DI,Big East,Big East Conference,https://depaulbluedemons.com/sports/womens-volleyball/roster/2025,2026-07-20T00:49:47.735977+00:00,73.15611814345992,Norwalk,CA,USA,2025,False
Katelynn Oxley,MB,SR,,DePaul University,DI,Big East,Big East Conference,https://depaulbluedemons.com/sports/womens-volleyball/roster/2025,2026-07-20T00:49:47.735977+00:00,73.15611814345992,Lincoln,NE,USA,2025,False
Yagmur Yavuz,OH,JR,,DePaul University,DI,Big East,Big East Conference,https://depaulbluedemons.com/sports/womens-volleyball/roster/2025,2026-07-20T00:49:47.735977+00:00,71.45390070921985,Ankara,,Turkey,2025,False
Morgan Stewart,OH,FR,,DePaul University,DI,Big East,Big East Conference,https://depaulbluedemons.com/sports/womens-volleyball/roster/2025,2026-07-20T00:49:47.735977+00:00,71.45390070921985,Two Rivers,WI,USA,2025,False
Kendall Timme,OH,FR,,DePaul University,DI,Big East,Big East Conference,https://depaulbluedemons.com/sports/womens-volleyball/roster/2025,2026-07-20T00:49:47.735977+00:00,71.45390070921985,Richardson,TX,USA,2025,False
Gracie Campbell,OH,JR,Nicholls,East Texas A&M University,DI,Southland,Southland Conference,https://lionathletics.com/sports/womens-volleyball/roster/2025,2026-07-20T00:50:05.293571+00:00,70.0,Spring,TX,USA,2025,False
Haley Mullaney,S,JR,Texas Woman's,East Texas A&M University,DI,Southland,Southland Conference,https://lionathletics.com/sports/womens-volleyball/roster/2025,2026-07-20T00:50:05.293571+00:00,69.0,Decatur,TX,USA,2025,False
Jordyn Wacaster,L/DS,FR,,East Texas A&M University,DI,Southland,Southland Conference,https://lionathletics.com/sports/womens-volleyball/roster/2025,2026-07-20T00:50:05.293571+00:00,67.0,Wylie,TX,USA,2025,False
Semaj Cox,L/DS,SO,,East Texas A&M University,DI,Southland,Southland Conference,https://lionathletics.com/sports/womens-volleyball/roster/2025,2026-07-20T00:50:05.293571+00:00,62.0,Missouri City,TX,USA,2025,False
MJ Klaumann,OH,GR,USC Upstate,East Texas A&M University,DI,Southland,Southland Conference,https://lionathletics.com/sports/womens-volleyball/roster/2025,2026-07-20T00:50:05.293571+00:00,75.0,Emerald Isle,NC,USA,2025,False
Jade Washington,L/DS,FR,,East Texas A&M University,DI,Southland,Southland Conference,https://lionathletics.com/sports/womens-volleyball/roster/2025,2026-07-20T00:50:05.293571+00:00,61.0,Waco,TX,USA,2025,False
Courtney Green,OH,SR,Oregon Tech,East Texas A&M University,DI,Southland,Southland Conference,https://lionathletics.com/sports/womens-volleyball/roster/2025,2026-07-20T00:50:05.293571+00:00,72.0,West Jordan,UT,USA,2025,False
Katelyn Pritchard,S,FR,,East Texas A&M University,DI,Southland,Southland Conference,https://lionathletics.com/sports/womens-volleyball/roster/2025,2026-07-20T00:50:05.293571+00:00,70.0,McAllen,TX,USA,2025,False
Peyton Roper,OH,SR,Hastings College,East Texas A&M University,DI,Southland,Southland Conference,https://lionathletics.com/sports/womens-volleyball/roster/2025,2026-07-20T00:50:05.293571+00:00,70.0,Converse,TX,USA,2025,False
Kylie Bray,L/DS,JR,Blinn College,East Texas A&M University,DI,Southland,Southland Conference,https://lionathletics.com/sports/womens-volleyball/roster/2025,2026-07-20T00:50:05.293571+00:00,67.0,The Woodlands,TX,USA,2025,False
Brooke Box,MB,JR,UTRGV,East Texas A&M University,DI,Southland,Southland Conference,https://lionathletics.com/sports/womens-volleyball/roster/2025,2026-07-20T00:50:05.293571+00:00,74.0,Spring,TX,USA,2025,False
Giana Brown,MB,FR,,East Texas A&M University,DI,Southland,Southland Conference,https://lionathletics.com/sports/womens-volleyball/roster/2025,2026-07-20T00:50:05.293571+00:00,73.0,San Antonio,TX,USA,2025,False
Savannah Jennings,S,JR,Lee,East Texas A&M University,DI,Southland,Southland Conference,https://lionathletics.com/sports/womens-volleyball/roster/2025,2026-07-20T00:50:05.293571+00:00,70.0,Tomball,TX,USA,2025,False
Rendi Fetty,OH,SO,East Central,East Texas A&M University,DI,Southland,Southland Conference,https://lionathletics.com/sports/womens-volleyball/roster/2025,2026-07-20T00:50:05.293571+00:00,69.0,Farmersville,TX,USA,2025,False
Nevaeh Smith,OPP,SO,,East Texas A&M University,DI,Southland,Southland Conference,https://lionathletics.com/sports/womens-volleyball/roster/2025,2026-07-20T00:50:05.293571+00:00,73.0,San Antonio,TX,USA,2025,False
Zoe Ruskofsky,OH,JR,Coalinga College,East Texas A&M University,DI,Southland,Southland Conference,https://lionathletics.com/sports/womens-volleyball/roster/2025,2026-07-20T00:50:05.293571+00:00,70.0,Clovis,CA,USA,2025,False
Olivia Burns,L/DS,FR,,Eastern Washington University,DI,Big Sky,Big Sky Conference,https://goeags.com/sports/womens-volleyball/roster/2025,2026-07-20T00:50:15.392797+00:00,64.0,Krum,TX,USA,2025,False
Quincey McCoy,MB,FR,,Eastern Washington University,DI,Big Sky,Big Sky Conference,https://goeags.com/sports/womens-volleyball/roster/2025,2026-07-20T00:50:15.392797+00:00,69.0,Aurora,CO,USA,2025,False
Anna Bolich,S,R-JR,,Eastern Washington University,DI,Big Sky,Big Sky Conference,https://goeags.com/sports/womens-volleyball/roster/2025,2026-07-20T00:50:15.392797+00:00,70.0,Mission Viejo,CA,USA,2025,False
Sophia Nagy,MB,SO,,Fairfield University,DI,MAAC,Metro Atlantic Athletic Conference,https://fairfieldstags.com/sports/womens-volleyball/roster/2025,2026-07-20T00:50:20.593175+00:00,73.0,Budapest,,Hungary,2025,False
Emma Bortolotti,OPP,FR,,Fairfield University,DI,MAAC,Metro Atlantic Athletic Conference,https://fairfieldstags.com/sports/womens-volleyball/roster/2025,2026-07-20T00:50:20.593175+00:00,74.0,San Pietro di Feletto,,Italy,2025,False
Zofia Sykut,S,FR,,Fairfield University,DI,MAAC,Metro Atlantic Athletic Conference,https://fairfieldstags.com/sports/womens-volleyball/roster/2025,2026-07-20T00:50:20.593175+00:00,71.0,Dresden,,Germany,2025,False
Mia Jean Claude,OH,FR,,Fairfield University,DI,MAAC,Metro Atlantic Athletic Conference,https://fairfieldstags.com/sports/womens-volleyball/roster/2025,2026-07-20T00:50:20.593175+00:00,72.0,Miami,FL,USA,2025,False
Ella Paniagua,OH,FR,,Fairfield University,DI,MAAC,Metro Atlantic Athletic Conference,https://fairfieldstags.com/sports/womens-volleyball/roster/2025,2026-07-20T00:50:20.593175+00:00,71.0,Orange County,CA,USA,2025,False
Reese Burry,L/DS,JR,,Florida Gulf Coast University,DI,ASUN,Atlantic Sun Conference,https://fgcuathletics.com/sports/womens-volleyball/roster/2025,2026-07-20T00:50:31.459253+00:00,63.0,Windermere,FL,USA,2025,False
Julija Grubisic Cabo,OH,JR,FSW,Florida Gulf Coast University,DI,ASUN,Atlantic Sun Conference,https://fgcuathletics.com/sports/womens-volleyball/roster/2025,2026-07-20T00:50:31.459253+00:00,70.0,Maribor,,Slovenia,2025,False
Erica Muhizi,MB,FR,,Florida Gulf Coast University,DI,ASUN,Atlantic Sun Conference,https://fgcuathletics.com/sports/womens-volleyball/roster/2025,2026-07-20T00:50:31.459253+00:00,74.0,Uppsala,,Sweden,2025,False
Eliska Vytiskova,S,JR,Akron,Florida Gulf Coast University,DI,ASUN,Atlantic Sun Conference,https://fgcuathletics.com/sports/womens-volleyball/roster/2025,2026-07-20T00:50:31.459253+00:00,69.0,Ostrava,,Czech Republic,2025,False
Barbara Koehler,OH,GR,Wichita State,Florida Gulf Coast University,DI,ASUN,Atlantic Sun Conference,https://fgcuathletics.com/sports/womens-volleyball/roster/2025,2026-07-20T00:50:31.459253+00:00,72.0,Cuiaba,Mato Grosso,Brazil,2025,False
Abby Toeniskoetter,MB,JR,FSW,Florida Gulf Coast University,DI,ASUN,Atlantic Sun Conference,https://fgcuathletics.com/sports/womens-volleyball/roster/2025,2026-07-20T00:50:31.459253+00:00,75.0,Boynton Beach,FL,USA,2025,False
Katie Gielas,OH,FR,,Florida Gulf Coast University,DI,ASUN,Atlantic Sun Conference,https://fgcuathletics.com/sports/womens-volleyball/roster/2025,2026-07-20T00:50:31.459253+00:00,74.0,Loveland,OH,USA,2025,False
Camila Soto,OH,R-FR,,Florida Gulf Coast University,DI,ASUN,Atlantic Sun Conference,https://fgcuathletics.com/sports/womens-volleyball/roster/2025,2026-07-20T00:50:31.459253+00:00,71.0,Guaynabo,,PR,2025,False
Ava Smith,OH,R-SO,,Florida Gulf Coast University,DI,ASUN,Atlantic Sun Conference,https://fgcuathletics.com/sports/womens-volleyball/roster/2025,2026-07-20T00:50:31.459253+00:00,73.0,Carmel,IN,USA,2025,False
Anna Marzella,L/DS,JR,FSW,Florida Gulf Coast University,DI,ASUN,Atlantic Sun Conference,https://fgcuathletics.com/sports/womens-volleyball/roster/2025,2026-07-20T00:50:31.459253+00:00,68.0,Milano,,Italy,2025,False
Catharina Scorza,OH,SO,USF,Florida Gulf Coast University,DI,ASUN,Atlantic Sun Conference,https://fgcuathletics.com/sports/womens-volleyball/roster/2025,2026-07-20T00:50:31.459253+00:00,72.0,Rio de Janeiro,,Brazil,2025,False
Chandler Swanson,L/DS,SO,,Florida Gulf Coast University,DI,ASUN,Atlantic Sun Conference,https://fgcuathletics.com/sports/womens-volleyball/roster/2025,2026-07-20T00:50:31.459253+00:00,65.0,Fort Myers,FL,USA,2025,False
Alona Clinansmith,MB,SR,USC Upstate,Florida Gulf Coast University,DI,ASUN,Atlantic Sun Conference,https://fgcuathletics.com/sports/womens-volleyball/roster/2025,2026-07-20T00:50:31.459253+00:00,74.0,Waterloo,ON,CAN,2025,False
Jillian Huckabey,OPP,SO,,Florida International University,DI,CUSA,Conference USA,https://fiusports.com/sports/womens-volleyball/roster/2025,2026-07-20T00:50:34.175166+00:00,72.0,Olathe,KS,USA,2025,False
Kaylee Musick,S,SO,,Florida International University,DI,CUSA,Conference USA,https://fiusports.com/sports/womens-volleyball/roster/2025,2026-07-20T00:50:34.175166+00:00,73.0,Canal Winchester,OH,USA,2025,False
Savannah Cook,S,SR,,Florida International University,DI,CUSA,Conference USA,https://fiusports.com/sports/womens-volleyball/roster/2025,2026-07-20T00:50:34.175166+00:00,73.0,Wilmington,NC,USA,2025,False
Ashlyn Blazer,OH,FR,,Florida International University,DI,CUSA,Conference USA,https://fiusports.com/sports/womens-volleyball/roster/2025,2026-07-20T00:50:34.175166+00:00,72.0,Shawnee,KS,USA,2025,False
Mandi Morioka,L/DS,SR,,Florida International University,DI,CUSA,Conference USA,https://fiusports.com/sports/womens-volleyball/roster/2025,2026-07-20T00:50:34.175166+00:00,67.0,Torrance,CA,USA,2025,False
Haley Herndon,OPP,FR,,Florida International University,DI,CUSA,Conference USA,https://fiusports.com/sports/womens-volleyball/roster/2025,2026-07-20T00:50:34.175166+00:00,73.0,Houston,TX,USA,2025,False
Madison Morgan,MB,SR,,Florida International University,DI,CUSA,Conference USA,https://fiusports.com/sports/womens-volleyball/roster/2025,2026-07-20T00:50:34.175166+00:00,75.0,Bellville,TX,USA,2025,False
Kindyl Kilar,OH,JR,,Florida International University,DI,CUSA,Conference USA,https://fiusports.com/sports/womens-volleyball/roster/2025,2026-07-20T00:50:34.175166+00:00,71.0,Whitewater,WI,USA,2025,False
Magda Stambrowska,MB,SR,,Florida International University,DI,CUSA,Conference USA,https://fiusports.com/sports/womens-volleyball/roster/2025,2026-07-20T00:50:34.175166+00:00,75.0,Katowice,,Poland,2025,False
Kate Kuehn,S,FR,,Florida International University,DI,CUSA,Conference USA,https://fiusports.com/sports/womens-volleyball/roster/2025,2026-07-20T00:50:34.175166+00:00,71.0,Katy,TX,USA,2025,False
Kira Givans,OH,SR,,Florida International University,DI,CUSA,Conference USA,https://fiusports.com/sports/womens-volleyball/roster/2025,2026-07-20T00:50:34.175166+00:00,75.0,Sacramento,CA,USA,2025,False
Courtney O'Brien,OH,JR,,Florida International University,DI,CUSA,Conference USA,https://fiusports.com/sports/womens-volleyball/roster/2025,2026-07-20T00:50:34.175166+00:00,71.0,Katy,TX,USA,2025,False
Rebekah Pfefferkorn,OH,FR,,Florida International University,DI,CUSA,Conference USA,https://fiusports.com/sports/womens-volleyball/roster/2025,2026-07-20T00:50:34.175166+00:00,75.0,Cypress,TX,USA,2025,False
Jenna McClure,L/DS,FR,,Florida International University,DI,CUSA,Conference USA,https://fiusports.com/sports/womens-volleyball/roster/2025,2026-07-20T00:50:34.175166+00:00,68.0,Overland Park,KS,USA,2025,False
Maliyah LaBrie,OH,JR,,Florida International University,DI,CUSA,Conference USA,https://fiusports.com/sports/womens-volleyball/roster/2025,2026-07-20T00:50:34.175166+00:00,70.0,Riverside,CA,USA,2025,False
Julia Thomas,MB,SO,,Florida International University,DI,CUSA,Conference USA,https://fiusports.com/sports/womens-volleyball/roster/2025,2026-07-20T00:50:34.175166+00:00,75.0,Cadiz,KY,USA,2025,False
Natalie Powers,L/DS,FR,,Florida International University,DI,CUSA,Conference USA,https://fiusports.com/sports/womens-volleyball/roster/2025,2026-07-20T00:50:34.175166+00:00,64.0,Mukwonago,WI,USA,2025,False
Emma Beretich,MB,JR,,Florida International University,DI,CUSA,Conference USA,https://fiusports.com/sports/womens-volleyball/roster/2025,2026-07-20T00:50:34.175166+00:00,74.0,Pickerington,OH,USA,2025,False
Sofie Vogel,MB,GR,,Florida International University,DI,CUSA,Conference USA,https://fiusports.com/sports/womens-volleyball/roster/2025,2026-07-20T00:50:34.175166+00:00,73.0,Golden Valley,MN,USA,2025,False
Payton Whalen,OH,SO,,Florida State University,DI,ACC,Atlantic Coast Conference,https://seminoles.com/sports/womens-volleyball/roster?path=wvball/2025,2026-07-20T00:50:36.998626+00:00,73.0,Peoria,AZ,USA,2025,False
Ava Lambert,L/DS,SO,,Florida State University,DI,ACC,Atlantic Coast Conference,https://seminoles.com/sports/womens-volleyball/roster?path=wvball/2025,2026-07-20T00:50:36.998626+00:00,69.0,Scottsdale,AZ,USA,2025,False
Kelsey Perry,MB,R-SR,,Florida State University,DI,ACC,Atlantic Coast Conference,https://seminoles.com/sports/womens-volleyball/roster?path=wvball/2025,2026-07-20T00:50:36.998626+00:00,76.0,Frisco,TX,USA,2025,False
Victoria David,OH,SO,,Florida State University,DI,ACC,Atlantic Coast Conference,https://seminoles.com/sports/womens-volleyball/roster?path=wvball/2025,2026-07-20T00:50:36.998626+00:00,73.0,Rio de Janeiro,,Brazil,2025,False
Ryan Murphy,S,R-FR,,Florida State University,DI,ACC,Atlantic Coast Conference,https://seminoles.com/sports/womens-volleyball/roster?path=wvball/2025,2026-07-20T00:50:36.998626+00:00,73.0,Ponte Vedra Beach,FL,USA,2025,False
Emma Lilo,S,JR,,Florida State University,DI,ACC,Atlantic Coast Conference,https://seminoles.com/sports/womens-volleyball/roster?path=wvball/2025,2026-07-20T00:50:36.998626+00:00,69.0,Kailua,HI,USA,2025,False
Callie Kieffer,S,SR,,Florida State University,DI,ACC,Atlantic Coast Conference,https://seminoles.com/sports/womens-volleyball/roster?path=wvball/2025,2026-07-20T00:50:36.998626+00:00,70.0,Prosper,TX,USA,2025,False
Caylan Russ,L/DS,JR,,Florida State University,DI,ACC,Atlantic Coast Conference,https://seminoles.com/sports/womens-volleyball/roster?path=wvball/2025,2026-07-20T00:50:36.998626+00:00,66.0,Winter Garden,FL,USA,2025,False
Kyleene Filimaua,OH,SR,,Florida State University,DI,ACC,Atlantic Coast Conference,https://seminoles.com/sports/womens-volleyball/roster?path=wvball/2025,2026-07-20T00:50:36.998626+00:00,73.0,Bothell,WA,USA,2025,False
Bennett Raterman,MB,FR,,Florida State University,DI,ACC,Atlantic Coast Conference,https://seminoles.com/sports/womens-volleyball/roster?path=wvball/2025,2026-07-20T00:50:36.998626+00:00,75.0,St. Louis,MO,USA,2025,False
Johanna Sova,MB,JR,,Florida State University,DI,ACC,Atlantic Coast Conference,https://seminoles.com/sports/womens-volleyball/roster?path=wvball/2025,2026-07-20T00:50:36.998626+00:00,77.0,Tallinn,,Estonia,2025,False
Nenu Kpea,MB,SO,,Florida State University,DI,ACC,Atlantic Coast Conference,https://seminoles.com/sports/womens-volleyball/roster?path=wvball/2025,2026-07-20T00:50:36.998626+00:00,74.0,Melissa,TX,USA,2025,False
Sofia Moss,OH,FR,,Florida State University,DI,ACC,Atlantic Coast Conference,https://seminoles.com/sports/womens-volleyball/roster?path=wvball/2025,2026-07-20T00:50:36.998626+00:00,72.0,Tortoli,,Italy,2025,False
Maile Chan,L/DS,JR,,Florida State University,DI,ACC,Atlantic Coast Conference,https://seminoles.com/sports/womens-volleyball/roster?path=wvball/2025,2026-07-20T00:50:36.998626+00:00,63.0,Portland,OR,USA,2025,False
Bailey Higgins,OPP,JR,,Florida State University,DI,ACC,Atlantic Coast Conference,https://seminoles.com/sports/womens-volleyball/roster?path=wvball/2025,2026-07-20T00:50:36.998626+00:00,71.0,Tampa,FL,USA,2025,False
Delaney Ewing,MB,JR,,Florida State University,DI,ACC,Atlantic Coast Conference,https://seminoles.com/sports/womens-volleyball/roster?path=wvball/2025,2026-07-20T00:50:36.998626+00:00,74.0,Fort Collins,CO,USA,2025,False
Lexie Mason,OPP,SO,,Florida State University,DI,ACC,Atlantic Coast Conference,https://seminoles.com/sports/womens-volleyball/roster?path=wvball/2025,2026-07-20T00:50:36.998626+00:00,73.0,Burlington,WA,USA,2025,False
Gabby Destler,OH,SO,,Fordham University,DI,A10,Atlantic 10 Conference,https://fordhamsports.com/sports/womens-volleyball/roster/2025,2026-07-20T00:50:39.716520+00:00,73.0,Los Angeles,CA,USA,2025,False
Zoe Talabong,OH,SR,,Fordham University,DI,A10,Atlantic 10 Conference,https://fordhamsports.com/sports/womens-volleyball/roster/2025,2026-07-20T00:50:39.716520+00:00,70.0,Orlando,FL,USA,2025,False
Mackenzie Colvin,S,SR,,Fordham University,DI,A10,Atlantic 10 Conference,https://fordhamsports.com/sports/womens-volleyball/roster/2025,2026-07-20T00:50:39.716520+00:00,69.0,Virginia Beach,VA,USA,2025,False
Audrey Brown,OH,SR,,Fordham University,DI,A10,Atlantic 10 Conference,https://fordhamsports.com/sports/womens-volleyball/roster/2025,2026-07-20T00:50:39.716520+00:00,73.0,Birmingham,MI,USA,2025,False
Sophia Kuyn,MB,SO,,Fordham University,DI,A10,Atlantic 10 Conference,https://fordhamsports.com/sports/womens-volleyball/roster/2025,2026-07-20T00:50:39.716520+00:00,73.0,San Antonio,TX,USA,2025,False
Sophia Oliveira,MB,FR,,Fordham University,DI,A10,Atlantic 10 Conference,https://fordhamsports.com/sports/womens-volleyball/roster/2025,2026-07-20T00:50:39.716520+00:00,74.0,Pompano Beach,FL,USA,2025,False
Ana Del Angel Aguilar,S,FR,,Fordham University,DI,A10,Atlantic 10 Conference,https://fordhamsports.com/sports/womens-volleyball/roster/2025,2026-07-20T00:50:39.716520+00:00,65.0,The Woodlands,TX,USA,2025,False
Tatum Holderied,MB,JR,,Fordham University,DI,A10,Atlantic 10 Conference,https://fordhamsports.com/sports/womens-volleyball/roster/2025,2026-07-20T00:50:39.716520+00:00,76.0,Fairfield,CT,USA,2025,False
Whitney Woodrow,S,JR,,Fordham University,DI,A10,Atlantic 10 Conference,https://fordhamsports.com/sports/womens-volleyball/roster/2025,2026-07-20T00:50:39.716520+00:00,73.0,Louisville,KY,USA,2025,False
Mia Hazelett,MB,R-FR,,George Mason University,DI,A10,Atlantic 10 Conference,https://gomason.com/sports/womens-volleyball/roster/2025,2026-07-20T00:50:55.914667+00:00,73.0,Apex,NC,USA,2025,False
Haley Graetz,OH,SR,,George Mason University,DI,A10,Atlantic 10 Conference,https://gomason.com/sports/womens-volleyball/roster/2025,2026-07-20T00:50:55.914667+00:00,72.0,River Falls,WI,USA,2025,False
Nina Mitchell,MB,SO,,George Mason University,DI,A10,Atlantic 10 Conference,https://gomason.com/sports/womens-volleyball/roster/2025,2026-07-20T00:50:55.914667+00:00,74.0,Wichita,KS,USA,2025,False
Caroline Rodriguez,OH,JR,,George Mason University,DI,A10,Atlantic 10 Conference,https://gomason.com/sports/womens-volleyball/roster/2025,2026-07-20T00:50:55.914667+00:00,73.0,Charlotte,NC,USA,2025,False
Kiera Hamilton,OH,FR,,George Mason University,DI,A10,Atlantic 10 Conference,https://gomason.com/sports/womens-volleyball/roster/2025,2026-07-20T00:50:55.914667+00:00,74.0,Tuscon,AZ,USA,2025,False
Rachel Larsen,L/DS,SR,,George Mason University,DI,A10,Atlantic 10 Conference,https://gomason.com/sports/womens-volleyball/roster/2025,2026-07-20T00:50:55.914667+00:00,65.0,Ashburn,VA,USA,2025,False
Chelsea Colter,MB,JR,,George Mason University,DI,A10,Atlantic 10 Conference,https://gomason.com/sports/womens-volleyball/roster/2025,2026-07-20T00:50:55.914667+00:00,73.0,Fairfax,VA,USA,2025,False
Avery Booker,OH,SO,,George Mason University,DI,A10,Atlantic 10 Conference,https://gomason.com/sports/womens-volleyball/roster/2025,2026-07-20T00:50:55.914667+00:00,73.0,Holly Springs,NC,USA,2025,False
Jaylin Lott,L/DS,SO,,George Mason University,DI,A10,Atlantic 10 Conference,https://gomason.com/sports/womens-volleyball/roster/2025,2026-07-20T00:50:55.914667+00:00,64.0,San Antonio,TX,USA,2025,False
Nia Thompson,OH,FR,,George Mason University,DI,A10,Atlantic 10 Conference,https://gomason.com/sports/womens-volleyball/roster/2025,2026-07-20T00:50:55.914667+00:00,71.0,San Diego,CA,USA,2025,False
Ava Cheney,S,FR,,George Mason University,DI,A10,Atlantic 10 Conference,https://gomason.com/sports/womens-volleyball/roster/2025,2026-07-20T00:50:55.914667+00:00,70.0,Tuscon,AZ,USA,2025,False
Camryn Weldon,S,JR,,George Mason University,DI,A10,Atlantic 10 Conference,https://gomason.com/sports/womens-volleyball/roster/2025,2026-07-20T00:50:55.914667+00:00,70.0,McKinney,TX,USA,2025,False
Morgan Inemer,OH,FR,,George Mason University,DI,A10,Atlantic 10 Conference,https://gomason.com/sports/womens-volleyball/roster/2025,2026-07-20T00:50:55.914667+00:00,73.0,Trophy Club,TX,USA,2025,False
Gabriella Gelfound,S,R-JR,,George Mason University,DI,A10,Atlantic 10 Conference,https://gomason.com/sports/womens-volleyball/roster/2025,2026-07-20T00:50:55.914667+00:00,74.0,Lancaster,CA,USA,2025,False
Damiana Bova-Ford,S,R-SR,,George Mason University,DI,A10,Atlantic 10 Conference,https://gomason.com/sports/womens-volleyball/roster/2025,2026-07-20T00:50:55.914667+00:00,69.0,Plano,TX,USA,2025,False
Jordan Lucas,L/DS,SO,,George Mason University,DI,A10,Atlantic 10 Conference,https://gomason.com/sports/womens-volleyball/roster/2025,2026-07-20T00:50:55.914667+00:00,65.0,Pembroke,VA,USA,2025,False
Autumn Martinez-Robinson,L/DS,JR,,George Mason University,DI,A10,Atlantic 10 Conference,https://gomason.com/sports/womens-volleyball/roster/2025,2026-07-20T00:50:55.914667+00:00,68.0,Lutz,FL,USA,2025,False
Alexa Stutzman,L/DS,FR,,George Mason University,DI,A10,Atlantic 10 Conference,https://gomason.com/sports/womens-volleyball/roster/2025,2026-07-20T00:50:55.914667+00:00,66.0,Bloomsburg,PA,USA,2025,False
Meredith Brown,MB,R-SO,,George Mason University,DI,A10,Atlantic 10 Conference,https://gomason.com/sports/womens-volleyball/roster/2025,2026-07-20T00:50:55.914667+00:00,76.0,Crestwood,KY,USA,2025,False
Taylor Mercado,L/DS,SO,,Georgetown University,DI,Big East,Big East Conference,https://guhoyas.com/sports/womens-volleyball/roster/2025,2026-07-20T00:51:01.694031+00:00,63.0,Long Beach,CA,USA,2025,False
Jade Smith,L/DS,GR,,Georgetown University,DI,Big East,Big East Conference,https://guhoyas.com/sports/womens-volleyball/roster/2025,2026-07-20T00:51:01.694031+00:00,64.0,Houston,TX,USA,2025,False
Jessica Lee,L/DS,FR,,Georgetown University,DI,Big East,Big East Conference,https://guhoyas.com/sports/womens-volleyball/roster/2025,2026-07-20T00:51:01.694031+00:00,67.0,Ypsilanti,MI,USA,2025,False
Natalie Nguyen,S,SO,,Georgetown University,DI,Big East,Big East Conference,https://guhoyas.com/sports/womens-volleyball/roster/2025,2026-07-20T00:51:01.694031+00:00,65.0,Vienna,VA,USA,2025,False
Vaughan Anoa'i,MB,SR,,Georgetown University,DI,Big East,Big East Conference,https://guhoyas.com/sports/womens-volleyball/roster/2025,2026-07-20T00:51:01.694031+00:00,74.0,Los Angeles,CA,USA,2025,False
Kamryn Lee-Caracci,MB,JR,,Georgetown University,DI,Big East,Big East Conference,https://guhoyas.com/sports/womens-volleyball/roster/2025,2026-07-20T00:51:01.694031+00:00,73.0,La Grange,IL,USA,2025,False
Katherine McGregor,OH,FR,,Georgetown University,DI,Big East,Big East Conference,https://guhoyas.com/sports/womens-volleyball/roster/2025,2026-07-20T00:51:01.694031+00:00,71.0,Evanston,IL,USA,2025,False
Berkeley Ploder,MB,SO,,Georgetown University,DI,Big East,Big East Conference,https://guhoyas.com/sports/womens-volleyball/roster/2025,2026-07-20T00:51:01.694031+00:00,74.0,Barrington,IL,USA,2025,False
Grace Albaugh,OH,JR,,Georgetown University,DI,Big East,Big East Conference,https://guhoyas.com/sports/womens-volleyball/roster/2025,2026-07-20T00:51:01.694031+00:00,72.0,Jacksonville,FL,USA,2025,False
Sydney Mercado,L/DS,FR,,Georgetown University,DI,Big East,Big East Conference,https://guhoyas.com/sports/womens-volleyball/roster/2025,2026-07-20T00:51:01.694031+00:00,63.0,Long Beach,CA,USA,2025,False
Juleigh Urbina,S,SO,,Georgetown University,DI,Big East,Big East Conference,https://guhoyas.com/sports/womens-volleyball/roster/2025,2026-07-20T00:51:01.694031+00:00,70.0,Lakeland,FL,USA,2025,False
Fiona Turnbull,MB,FR,,Georgetown University,DI,Big East,Big East Conference,https://guhoyas.com/sports/womens-volleyball/roster/2025,2026-07-20T00:51:01.694031+00:00,74.0,Geneva,IL,USA,2025,False
Dionna Mitchell,OH,SO,,Georgetown University,DI,Big East,Big East Conference,https://guhoyas.com/sports/womens-volleyball/roster/2025,2026-07-20T00:51:01.694031+00:00,71.0,Orlando,FL,USA,2025,False
Samantha Soderlund,OH,FR,,Georgetown University,DI,Big East,Big East Conference,https://guhoyas.com/sports/womens-volleyball/roster/2025,2026-07-20T00:51:01.694031+00:00,74.0,Naples,FL,USA,2025,False
Myllena Torquetti,MB,GR,Auburn University at Montgomery,Georgia State University,DI,SBC,Sun Belt Conference,https://georgiastatesports.com/sports/womens-volleyball/roster/2025,2026-07-20T00:51:19.339255+00:00,72.0,Belo Horizonte,,Brazil,2025,False
Alessia Cappai,OH,SR,Auburn University at Montgomery,Georgia State University,DI,SBC,Sun Belt Conference,https://georgiastatesports.com/sports/womens-volleyball/roster/2025,2026-07-20T00:51:19.339255+00:00,73.0,Genoa,,Italy,2025,False
Emily Harden,S,FR,,Georgia State University,DI,SBC,Sun Belt Conference,https://georgiastatesports.com/sports/womens-volleyball/roster/2025,2026-07-20T00:51:19.339255+00:00,65.0,Jonesboro,GA,USA,2025,False
Courtney Smith,OH,SR,,Georgia State University,DI,SBC,Sun Belt Conference,https://georgiastatesports.com/sports/womens-volleyball/roster/2025,2026-07-20T00:51:19.339255+00:00,72.0,Granbury,TX,USA,2025,False
Marta Lazzarin,L/DS,FR,,Georgia State University,DI,SBC,Sun Belt Conference,https://georgiastatesports.com/sports/womens-volleyball/roster/2025,2026-07-20T00:51:19.339255+00:00,64.0,Venice,,Italy,2025,False
Ava Casey,S,FR,,Georgia State University,DI,SBC,Sun Belt Conference,https://georgiastatesports.com/sports/womens-volleyball/roster/2025,2026-07-20T00:51:19.339255+00:00,72.0,Suwanee,GA,USA,2025,False
Diana Snopok,MB,FR,,Georgia State University,DI,SBC,Sun Belt Conference,https://georgiastatesports.com/sports/womens-volleyball/roster/2025,2026-07-20T00:51:19.339255+00:00,72.0,Kherson,,Ukraine,2025,False
Rayne Williams,MB,FR,,Georgia State University,DI,SBC,Sun Belt Conference,https://georgiastatesports.com/sports/womens-volleyball/roster/2025,2026-07-20T00:51:19.339255+00:00,69.0,Snellville,GA,USA,2025,False
Marla Valentin,OH,FR,Miami,Georgia State University,DI,SBC,Sun Belt Conference,https://georgiastatesports.com/sports/womens-volleyball/roster/2025,2026-07-20T00:51:19.339255+00:00,71.0,Guaynabo,,PR,2025,False
Nazli Guvener,OH,SR,Northern Illinois,Georgia State University,DI,SBC,Sun Belt Conference,https://georgiastatesports.com/sports/womens-volleyball/roster/2025,2026-07-20T00:51:19.339255+00:00,70.0,Ankara,,Turkey,2025,False
Akira Burt,OPP,JR,,Georgia State University,DI,SBC,Sun Belt Conference,https://georgiastatesports.com/sports/womens-volleyball/roster/2025,2026-07-20T00:51:19.339255+00:00,70.0,Columbus,GA,USA,2025,False
Jayden Eaker,OPP,R-SO,Scottsdale C.C.,Georgia State University,DI,SBC,Sun Belt Conference,https://georgiastatesports.com/sports/womens-volleyball/roster/2025,2026-07-20T00:51:19.339255+00:00,73.0,Queen Creek,AZ,USA,2025,False
Kamryn Itzen,MB,SO,,Georgia State University,DI,SBC,Sun Belt Conference,https://georgiastatesports.com/sports/womens-volleyball/roster/2025,2026-07-20T00:51:19.339255+00:00,73.0,Chandler,AZ,USA,2025,False
Shanelle Martinez,S,SR,Western Nebraska CC,Georgia State University,DI,SBC,Sun Belt Conference,https://georgiastatesports.com/sports/womens-volleyball/roster/2025,2026-07-20T00:51:19.339255+00:00,69.0,San Antonio,TX,USA,2025,False
Maria Cecilia de Pinho,OPP,GR,Lynn University,Georgia State University,DI,SBC,Sun Belt Conference,https://georgiastatesports.com/sports/womens-volleyball/roster/2025,2026-07-20T00:51:19.339255+00:00,71.0,Rio de Janeiro,,Brazil,2025,False
Hady Pickard,L/DS,R-FR,,Georgia State University,DI,SBC,Sun Belt Conference,https://georgiastatesports.com/sports/womens-volleyball/roster/2025,2026-07-20T00:51:19.339255+00:00,68.0,Roswell,GA,USA,2025,False
Manuela Altieri Liev,OPP,FR,,Georgia State University,DI,SBC,Sun Belt Conference,https://georgiastatesports.com/sports/womens-volleyball/roster/2025,2026-07-20T00:51:19.339255+00:00,71.0,Marbella,,Spain,2025,False
Kelly McAuley,,FR,,Gonzaga University,DI,WCC,West Coast Conference,https://gozags.com/sports/womens-volleyball/roster/2025,2026-07-20T00:51:21.992696+00:00,70.7984734270275,Naples,FL,USA,2025,False
Kate Herrick,,SO,,Gonzaga University,DI,WCC,West Coast Conference,https://gozags.com/sports/womens-volleyball/roster/2025,2026-07-20T00:51:21.992696+00:00,70.7984734270275,Olympia,WA,USA,2025,False
Nia Damuni,,JR,,Gonzaga University,DI,WCC,West Coast Conference,https://gozags.com/sports/womens-volleyball/roster/2025,2026-07-20T00:51:21.992696+00:00,70.7984734270275,Providence,UT,USA,2025,False
Krista Kostoff,,SO,,Gonzaga University,DI,WCC,West Coast Conference,https://gozags.com/sports/womens-volleyball/roster/2025,2026-07-20T00:51:21.992696+00:00,70.7984734270275,Redmond,WA,USA,2025,False
Brianna Martin,,JR,,Gonzaga University,DI,WCC,West Coast Conference,https://gozags.com/sports/womens-volleyball/roster/2025,2026-07-20T00:51:21.992696+00:00,70.7984734270275,Prosper,TX,USA,2025,False
Gabby Vandal,,SO,,Gonzaga University,DI,WCC,West Coast Conference,https://gozags.com/sports/womens-volleyball/roster/2025,2026-07-20T00:51:21.992696+00:00,70.7984734270275,Okotoks,AB,CAN,2025,False
Sjakkie Donkers,,SO,,Gonzaga University,DI,WCC,West Coast Conference,https://gozags.com/sports/womens-volleyball/roster/2025,2026-07-20T00:51:21.992696+00:00,70.7984734270275,Brabant,,Netherlands,2025,False
Hazel Murphy,,FR,,Gonzaga University,DI,WCC,West Coast Conference,https://gozags.com/sports/womens-volleyball/roster/2025,2026-07-20T00:51:21.992696+00:00,70.7984734270275,Ellensburg,WA,USA,2025,False
Carina Zaldivar,,FR,,Gonzaga University,DI,WCC,West Coast Conference,https://gozags.com/sports/womens-volleyball/roster/2025,2026-07-20T00:51:21.992696+00:00,70.7984734270275,Upland,CA,USA,2025,False
Autumn Larson,,SR,,Gonzaga University,DI,WCC,West Coast Conference,https://gozags.com/sports/womens-volleyball/roster/2025,2026-07-20T00:51:21.992696+00:00,70.7984734270275,Richland,WA,USA,2025,False
Mia Clyburn,,FR,,Gonzaga University,DI,WCC,West Coast Conference,https://gozags.com/sports/womens-volleyball/roster/2025,2026-07-20T00:51:21.992696+00:00,70.7984734270275,Fort Mill,SC,USA,2025,False
Maggie Rickert,,JR,,Gonzaga University,DI,WCC,West Coast Conference,https://gozags.com/sports/womens-volleyball/roster/2025,2026-07-20T00:51:21.992696+00:00,70.7984734270275,Nashville,TN,USA,2025,False
Dani Johnson,,R-SO,,Gonzaga University,DI,WCC,West Coast Conference,https://gozags.com/sports/womens-volleyball/roster/2025,2026-07-20T00:51:21.992696+00:00,70.7984734270275,Spokane,WA,USA,2025,False
Raechelle Dykstra,,SO,,Gonzaga University,DI,WCC,West Coast Conference,https://gozags.com/sports/womens-volleyball/roster/2025,2026-07-20T00:51:21.992696+00:00,70.7984734270275,Avondale,AZ,USA,2025,False
Taylor Walsh,,SO,,Gonzaga University,DI,WCC,West Coast Conference,https://gozags.com/sports/womens-volleyball/roster/2025,2026-07-20T00:51:21.992696+00:00,70.7984734270275,Villa Park,CA,USA,2025,False
Fallon Thompson,,SR,,Gonzaga University,DI,WCC,West Coast Conference,https://gozags.com/sports/womens-volleyball/roster/2025,2026-07-20T00:51:21.992696+00:00,70.7984734270275,Spring,TX,USA,2025,False
Ra'Niya Brown,MB,SR,,Grambling State University,DI,SWAC,Southwestern Athletic Conf.,https://gsutigers.com/sports/womens-volleyball/roster/2025,2026-07-20T00:51:24.620714+00:00,71.0,Dallas,TX,USA,2025,False
Rihianna Brown,MB,FR,,Grambling State University,DI,SWAC,Southwestern Athletic Conf.,https://gsutigers.com/sports/womens-volleyball/roster/2025,2026-07-20T00:51:24.620714+00:00,71.0,Dallas,TX,USA,2025,False
Aubreigh Haxton,OPP,SR,,Grambling State University,DI,SWAC,Southwestern Athletic Conf.,https://gsutigers.com/sports/womens-volleyball/roster/2025,2026-07-20T00:51:24.620714+00:00,75.0,Argonia,KS,USA,2025,False
Alayna Howard,S,FR,,Grambling State University,DI,SWAC,Southwestern Athletic Conf.,https://gsutigers.com/sports/womens-volleyball/roster/2025,2026-07-20T00:51:24.620714+00:00,68.0,Royse City,TX,USA,2025,False
Leisey Keli'i,L/DS,JR,,Grambling State University,DI,SWAC,Southwestern Athletic Conf.,https://gsutigers.com/sports/womens-volleyball/roster/2025,2026-07-20T00:51:24.620714+00:00,63.0,Hilo,HI,USA,2025,False
Amaris Marks,OH,FR,,Grambling State University,DI,SWAC,Southwestern Athletic Conf.,https://gsutigers.com/sports/womens-volleyball/roster/2025,2026-07-20T00:51:24.620714+00:00,68.0,Humble,TX,USA,2025,False
Delaney Sheridan,L/DS,SO,,Grambling State University,DI,SWAC,Southwestern Athletic Conf.,https://gsutigers.com/sports/womens-volleyball/roster/2025,2026-07-20T00:51:24.620714+00:00,65.0,Hoover,AL,USA,2025,False
Avri Solik-Fifarek,OH,SO,,Grambling State University,DI,SWAC,Southwestern Athletic Conf.,https://gsutigers.com/sports/womens-volleyball/roster/2025,2026-07-20T00:51:24.620714+00:00,72.0,Milwaukee,WI,USA,2025,False
Denver Watkins,OH,SO,,Grambling State University,DI,SWAC,Southwestern Athletic Conf.,https://gsutigers.com/sports/womens-volleyball/roster/2025,2026-07-20T00:51:24.620714+00:00,70.0,Atlanta,GA,USA,2025,False
Briley Decker,S,R-JR,Denver,Grand Canyon University,DI,Mountain West,Mountain West Conference,https://gculopes.com/sports/womens-volleyball/roster/2025,2026-07-20T00:51:29.061229+00:00,73.0,Mesa,AZ,USA,2025,False
Sophia Parlanti,OH,GR,Indianapolis,Grand Canyon University,DI,Mountain West,Mountain West Conference,https://gculopes.com/sports/womens-volleyball/roster/2025,2026-07-20T00:51:29.061229+00:00,72.0,Las Vegas,NV,USA,2025,False
Hayden Goodman,MB,GR,San Francisco,Grand Canyon University,DI,Mountain West,Mountain West Conference,https://gculopes.com/sports/womens-volleyball/roster/2025,2026-07-20T00:51:29.061229+00:00,74.0,Park City,UT,USA,2025,False
Taylor Kubacak,S,SO,,Grand Canyon University,DI,Mountain West,Mountain West Conference,https://gculopes.com/sports/womens-volleyball/roster/2025,2026-07-20T00:51:29.061229+00:00,71.0,Kerrville,TX,USA,2025,False
Ali Wiest,OH,R-SO,Weber State,Grand Canyon University,DI,Mountain West,Mountain West Conference,https://gculopes.com/sports/womens-volleyball/roster/2025,2026-07-20T00:51:29.061229+00:00,72.0,Peoria,AZ,USA,2025,False
Natalie Guerrero,L/DS,SO,Stephen F. Austin,Grand Canyon University,DI,Mountain West,Mountain West Conference,https://gculopes.com/sports/womens-volleyball/roster/2025,2026-07-20T00:51:29.061229+00:00,65.0,Tolleson,AZ,USA,2025,False
Bella Anderson,L/DS,JR,,Grand Canyon University,DI,Mountain West,Mountain West Conference,https://gculopes.com/sports/womens-volleyball/roster/2025,2026-07-20T00:51:29.061229+00:00,69.0,Scottsdale,AZ,USA,2025,False
Macey Hughes,OPP,FR,,Grand Canyon University,DI,Mountain West,Mountain West Conference,https://gculopes.com/sports/womens-volleyball/roster/2025,2026-07-20T00:51:29.061229+00:00,73.0,San Antonio,TX,USA,2025,False
Aubrey Bellus,MB,FR,,Grand Canyon University,DI,Mountain West,Mountain West Conference,https://gculopes.com/sports/womens-volleyball/roster/2025,2026-07-20T00:51:29.061229+00:00,74.0,Mesa,AZ,USA,2025,False
Anna Ruter,MB,R-JR,Northeastern Junior College,Grand Canyon University,DI,Mountain West,Mountain West Conference,https://gculopes.com/sports/womens-volleyball/roster/2025,2026-07-20T00:51:29.061229+00:00,74.0,Arvada,CO,USA,2025,False
Sofia Österdahl,OH,JR,American,Grand Canyon University,DI,Mountain West,Mountain West Conference,https://gculopes.com/sports/womens-volleyball/roster/2025,2026-07-20T00:51:29.061229+00:00,71.0,Sollentuna,,Sweden,2025,False
Shay Heaney,OH,FR,,Grand Canyon University,DI,Mountain West,Mountain West Conference,https://gculopes.com/sports/womens-volleyball/roster/2025,2026-07-20T00:51:29.061229+00:00,73.0,Elkhorn,NE,USA,2025,False
Aspyn Reed,OH,FR,,Grand Canyon University,DI,Mountain West,Mountain West Conference,https://gculopes.com/sports/womens-volleyball/roster/2025,2026-07-20T00:51:29.061229+00:00,69.0,Rockford,WA,USA,2025,False
Hunter West,L/DS,SO,,Grand Canyon University,DI,Mountain West,Mountain West Conference,https://gculopes.com/sports/womens-volleyball/roster/2025,2026-07-20T00:51:29.061229+00:00,68.0,Wausa,NE,USA,2025,False
Anaelena Ramirez,OH,SR,,Grand Canyon University,DI,Mountain West,Mountain West Conference,https://gculopes.com/sports/womens-volleyball/roster/2025,2026-07-20T00:51:29.061229+00:00,74.0,El Paso,TX,USA,2025,False
Aubrey Goodere,MB,SO,,Grand Canyon University,DI,Mountain West,Mountain West Conference,https://gculopes.com/sports/womens-volleyball/roster/2025,2026-07-20T00:51:29.061229+00:00,75.0,Buckeye,AZ,USA,2025,False
Ana Jaramazovic,OPP,FR,,Grand Canyon University,DI,Mountain West,Mountain West Conference,https://gculopes.com/sports/womens-volleyball/roster/2025,2026-07-20T00:51:29.061229+00:00,76.0,Subotica,,Serbia,2025,False
Bella Nunez,S,FR,,Grand Canyon University,DI,Mountain West,Mountain West Conference,https://gculopes.com/sports/womens-volleyball/roster/2025,2026-07-20T00:51:29.061229+00:00,71.0,El Paso,TX,USA,2025,False
Logan Strong,L/DS,FR,,Grand Canyon University,DI,Mountain West,Mountain West Conference,https://gculopes.com/sports/womens-volleyball/roster/2025,2026-07-20T00:51:29.061229+00:00,70.0,Ontario,ON,Canada,2025,False
Avalynn Roundy,MB,FR,,Grand Canyon University,DI,Mountain West,Mountain West Conference,https://gculopes.com/sports/womens-volleyball/roster/2025,2026-07-20T00:51:29.061229+00:00,75.0,Eugene,OR,USA,2025,False
Arrington Earle,OH,FR,,Hampton University,DI,CAA,Coastal Athletic Association,https://hamptonpirates.com/sports/womens-volleyball/roster/2025,2026-07-20T00:51:31.710926+00:00,69.0,Columbia,SC,USA,2025,False
Jaya Rimm,OH,FR,,Hampton University,DI,CAA,Coastal Athletic Association,https://hamptonpirates.com/sports/womens-volleyball/roster/2025,2026-07-20T00:51:31.710926+00:00,70.0,Cypress,TX,USA,2025,False
Maria Clara Andrade,OH,SO,,Hampton University,DI,CAA,Coastal Athletic Association,https://hamptonpirates.com/sports/womens-volleyball/roster/2025,2026-07-20T00:51:31.710926+00:00,69.0,Parana,,Brazil,2025,False
Kylah McNeal,MB,FR,,Hampton University,DI,CAA,Coastal Athletic Association,https://hamptonpirates.com/sports/womens-volleyball/roster/2025,2026-07-20T00:51:31.710926+00:00,72.0,Blacklick,OH,USA,2025,False
Morgan Warren,S,SO,,Hampton University,DI,CAA,Coastal Athletic Association,https://hamptonpirates.com/sports/womens-volleyball/roster/2025,2026-07-20T00:51:31.710926+00:00,67.0,Austin,TX,USA,2025,False
Ida Wiszomirska,S,SO,,Hampton University,DI,CAA,Coastal Athletic Association,https://hamptonpirates.com/sports/womens-volleyball/roster/2025,2026-07-20T00:51:31.710926+00:00,72.0,Warsaw,,Poland,2025,False
Gabriella Prather,MB,FR,,Hampton University,DI,CAA,Coastal Athletic Association,https://hamptonpirates.com/sports/womens-volleyball/roster/2025,2026-07-20T00:51:31.710926+00:00,75.0,Laurel,MD,USA,2025,False
Lyrique Alteus,MB,SO,,Hampton University,DI,CAA,Coastal Athletic Association,https://hamptonpirates.com/sports/womens-volleyball/roster/2025,2026-07-20T00:51:31.710926+00:00,73.0,Lumberton,NJ,USA,2025,False
Lillian Campbell,MB,FR,,Hampton University,DI,CAA,Coastal Athletic Association,https://hamptonpirates.com/sports/womens-volleyball/roster/2025,2026-07-20T00:51:31.710926+00:00,73.0,Fairburn,GA,USA,2025,False
Dila Derendeli,OH,JR,,Hampton University,DI,CAA,Coastal Athletic Association,https://hamptonpirates.com/sports/womens-volleyball/roster/2025,2026-07-20T00:51:31.710926+00:00,72.0,Bursa,,Turkey,2025,False
Gabrielle Washington,OPP,FR,,Hampton University,DI,CAA,Coastal Athletic Association,https://hamptonpirates.com/sports/womens-volleyball/roster/2025,2026-07-20T00:51:31.710926+00:00,74.0,Bowie,MD,USA,2025,False
Racquel Frazier,OH,FR,,Hampton University,DI,CAA,Coastal Athletic Association,https://hamptonpirates.com/sports/womens-volleyball/roster/2025,2026-07-20T00:51:31.710926+00:00,73.0,Silver Spring,MD,USA,2025,False
Sophia Wei,S,FR,,Harvard University,DI,IVY,The Ivy League,https://gocrimson.com/sports/womens-volleyball/roster/2025,2026-07-20T00:51:34.129931+00:00,68.0,Plano,TX,USA,2025,False
Sophia Jo,L/DS,FR,,Harvard University,DI,IVY,The Ivy League,https://gocrimson.com/sports/womens-volleyball/roster/2025,2026-07-20T00:51:34.129931+00:00,65.0,Atlanta,GA,USA,2025,False
Brynne Faltinsky,OH,SR,,Harvard University,DI,IVY,The Ivy League,https://gocrimson.com/sports/womens-volleyball/roster/2025,2026-07-20T00:51:34.129931+00:00,72.0,Rancho Santa Fe,CA,USA,2025,False
Hannah Nguyen,L/DS,SR,,Harvard University,DI,IVY,The Ivy League,https://gocrimson.com/sports/womens-volleyball/roster/2025,2026-07-20T00:51:34.129931+00:00,65.0,Portland,OR,USA,2025,False
Nicole Cornell,S,SO,,Harvard University,DI,IVY,The Ivy League,https://gocrimson.com/sports/womens-volleyball/roster/2025,2026-07-20T00:51:34.129931+00:00,72.0,Lucas,TX,USA,2025,False
Taylor Larkin,MB,SO,,Harvard University,DI,IVY,The Ivy League,https://gocrimson.com/sports/womens-volleyball/roster/2025,2026-07-20T00:51:34.129931+00:00,72.0,Houston,TX,USA,2025,False
Alicia Guo,OH,SO,,Harvard University,DI,IVY,The Ivy League,https://gocrimson.com/sports/womens-volleyball/roster/2025,2026-07-20T00:51:34.129931+00:00,71.0,Southborough,MA,USA,2025,False
Ali Farquhar,OH,JR,,Harvard University,DI,IVY,The Ivy League,https://gocrimson.com/sports/womens-volleyball/roster/2025,2026-07-20T00:51:34.129931+00:00,75.0,Santa Rosa,CA,USA,2025,False
Bennett Trubey,MB,SO,,Harvard University,DI,IVY,The Ivy League,https://gocrimson.com/sports/womens-volleyball/roster/2025,2026-07-20T00:51:34.129931+00:00,77.0,Dallas,TX,USA,2025,False
Bridget Egan,OH,FR,,Harvard University,DI,IVY,The Ivy League,https://gocrimson.com/sports/womens-volleyball/roster/2025,2026-07-20T00:51:34.129931+00:00,72.0,Louisville,KY,USA,2025,False
Yvette Easton,L/DS,JR,,Harvard University,DI,IVY,The Ivy League,https://gocrimson.com/sports/womens-volleyball/roster/2025,2026-07-20T00:51:34.129931+00:00,65.0,Westwood,MA,USA,2025,False
Riley Resmer,MB,SO,,Harvard University,DI,IVY,The Ivy League,https://gocrimson.com/sports/womens-volleyball/roster/2025,2026-07-20T00:51:34.129931+00:00,73.0,Noblesville,IN,USA,2025,False
Ryleigh Patterson,MB,JR,,Harvard University,DI,IVY,The Ivy League,https://gocrimson.com/sports/womens-volleyball/roster/2025,2026-07-20T00:51:34.129931+00:00,73.0,Rancho Santa Fe,CA,USA,2025,False
Peyton Hollis,OH,SR,,Harvard University,DI,IVY,The Ivy League,https://gocrimson.com/sports/womens-volleyball/roster/2025,2026-07-20T00:51:34.129931+00:00,70.0,Windermere,FL,USA,2025,False
Sofia Rossi,OH,FR,,Harvard University,DI,IVY,The Ivy League,https://gocrimson.com/sports/womens-volleyball/roster/2025,2026-07-20T00:51:34.129931+00:00,72.0,Park Ridge,IL,USA,2025,False
Brooke Briscoe,L/DS,SO,,High Point University,DI,Big South,Big South Conference,https://highpointpanthers.com/sports/womens-volleyball/roster/2025,2026-07-20T00:51:36.685447+00:00,65.0,Versailles,OH,USA,2025,False
Ella Grace Holloway,OH,SO,,High Point University,DI,Big South,Big South Conference,https://highpointpanthers.com/sports/womens-volleyball/roster/2025,2026-07-20T00:51:36.685447+00:00,76.0,Olive Branch,MS,USA,2025,False
Kea Whillock,L/DS,JR,,High Point University,DI,Big South,Big South Conference,https://highpointpanthers.com/sports/womens-volleyball/roster/2025,2026-07-20T00:51:36.685447+00:00,68.0,Keller,TX,USA,2025,False
Addison Freeland,MB,SO,,High Point University,DI,Big South,Big South Conference,https://highpointpanthers.com/sports/womens-volleyball/roster/2025,2026-07-20T00:51:36.685447+00:00,75.0,Herriman,UT,USA,2025,False
Brooke Jeffrey,OH,GR,,High Point University,DI,Big South,Big South Conference,https://highpointpanthers.com/sports/womens-volleyball/roster/2025,2026-07-20T00:51:36.685447+00:00,73.0,Austin,TX,USA,2025,False
Ryley Boyne,OH,SR,,High Point University,DI,Big South,Big South Conference,https://highpointpanthers.com/sports/womens-volleyball/roster/2025,2026-07-20T00:51:36.685447+00:00,72.0,Destrehan,LA,USA,2025,False
Maya Bukovcan,MB,FR,,High Point University,DI,Big South,Big South Conference,https://highpointpanthers.com/sports/womens-volleyball/roster/2025,2026-07-20T00:51:36.685447+00:00,76.0,Ottawa,ON,Canada,2025,False
Remy Catojo,S,FR,,High Point University,DI,Big South,Big South Conference,https://highpointpanthers.com/sports/womens-volleyball/roster/2025,2026-07-20T00:51:36.685447+00:00,77.0,Winnipeg,Manitoba,Canada,2025,False
Allie Gray,S,GR,,High Point University,DI,Big South,Big South Conference,https://highpointpanthers.com/sports/womens-volleyball/roster/2025,2026-07-20T00:51:36.685447+00:00,71.0,Omaha,NE,USA,2025,False
Gabby Hill,OH,FR,,High Point University,DI,Big South,Big South Conference,https://highpointpanthers.com/sports/womens-volleyball/roster/2025,2026-07-20T00:51:36.685447+00:00,72.0,Happy Valley,OR,USA,2025,False
Sydney McKay,L/DS,FR,,High Point University,DI,Big South,Big South Conference,https://highpointpanthers.com/sports/womens-volleyball/roster/2025,2026-07-20T00:51:36.685447+00:00,67.0,Bellville,TX,USA,2025,False
Talia Lardner,MB,FR,,High Point University,DI,Big South,Big South Conference,https://highpointpanthers.com/sports/womens-volleyball/roster/2025,2026-07-20T00:51:36.685447+00:00,74.0,Dallas,TX,USA,2025,False
Jasmine Oduro,MB,FR,,High Point University,DI,Big South,Big South Conference,https://highpointpanthers.com/sports/womens-volleyball/roster/2025,2026-07-20T00:51:36.685447+00:00,73.0,Centreville,VA,USA,2025,False
Julia Johnson,S,R-FR,,High Point University,DI,Big South,Big South Conference,https://highpointpanthers.com/sports/womens-volleyball/roster/2025,2026-07-20T00:51:36.685447+00:00,72.0,Champaign,IL,USA,2025,False
Élodie Lalonde,OH,SO,,High Point University,DI,Big South,Big South Conference,https://highpointpanthers.com/sports/womens-volleyball/roster/2025,2026-07-20T00:51:36.685447+00:00,73.0,Ottawa,ON,Canada,2025,False
Lilia Duczek,MB,FR,,Hofstra University,DI,CAA,Coastal Athletic Association,https://gohofstra.com/sports/womens-volleyball/roster/2025,2026-07-20T00:51:39.247174+00:00,74.0,Magdalenka,,Poland,2025,False
Clara Bal,OPP,SR,,Hofstra University,DI,CAA,Coastal Athletic Association,https://gohofstra.com/sports/womens-volleyball/roster/2025,2026-07-20T00:51:39.247174+00:00,70.0,Riom,,France,2025,False
Emilly Nunes,MB,SR,,Hofstra University,DI,CAA,Coastal Athletic Association,https://gohofstra.com/sports/womens-volleyball/roster/2025,2026-07-20T00:51:39.247174+00:00,73.0,Brasilia,,Brazil,2025,False
Nil Kayaalp,L/DS,JR,,Hofstra University,DI,CAA,Coastal Athletic Association,https://gohofstra.com/sports/womens-volleyball/roster/2025,2026-07-20T00:51:39.247174+00:00,64.0,Nilüfer,Bursa,Turkey,2025,False
Mairi Hadjipetrou,S,SR,,Hofstra University,DI,CAA,Coastal Athletic Association,https://gohofstra.com/sports/womens-volleyball/roster/2025,2026-07-20T00:51:39.247174+00:00,68.0,Nicosia,,Cyprus,2025,False
Beatriz Braga,OH,JR,,Hofstra University,DI,CAA,Coastal Athletic Association,https://gohofstra.com/sports/womens-volleyball/roster/2025,2026-07-20T00:51:39.247174+00:00,71.0,Uberlândia,,Brazil,2025,False
Izadora Stedile,OH,SR,,Hofstra University,DI,CAA,Coastal Athletic Association,https://gohofstra.com/sports/womens-volleyball/roster/2025,2026-07-20T00:51:39.247174+00:00,67.0,Curitiba,Paraná,Brazil,2025,False
Ellie Pamatat,S,SO,,Hofstra University,DI,CAA,Coastal Athletic Association,https://gohofstra.com/sports/womens-volleyball/roster/2025,2026-07-20T00:51:39.247174+00:00,69.0,Garden City,NY,USA,2025,False
Pinar Erol,OH,SO,,Hofstra University,DI,CAA,Coastal Athletic Association,https://gohofstra.com/sports/womens-volleyball/roster/2025,2026-07-20T00:51:39.247174+00:00,72.0,Maltepe,Istanbul,Turkey,2025,False
Stella Becker,OH,FR,,Hofstra University,DI,CAA,Coastal Athletic Association,https://gohofstra.com/sports/womens-volleyball/roster/2025,2026-07-20T00:51:39.247174+00:00,70.0,Bellmore,NY,USA,2025,False
Valentina Lopez Moya,MB,FR,,Hofstra University,DI,CAA,Coastal Athletic Association,https://gohofstra.com/sports/womens-volleyball/roster/2025,2026-07-20T00:51:39.247174+00:00,73.0,Santa Lucía,San Juan Province,Argentina,2025,False
Julia Amorim,MB,FR,,Hofstra University,DI,CAA,Coastal Athletic Association,https://gohofstra.com/sports/womens-volleyball/roster/2025,2026-07-20T00:51:39.247174+00:00,73.0,Pavuna,Rio de Janeiro,Brazil,2025,False
Ellia Zhang,L/DS,FR,,Hofstra University,DI,CAA,Coastal Athletic Association,https://gohofstra.com/sports/womens-volleyball/roster/2025,2026-07-20T00:51:39.247174+00:00,62.0,New Hyde Park,NY,USA,2025,False
Constanza Perez Sain,OPP,SO,,Hofstra University,DI,CAA,Coastal Athletic Association,https://gohofstra.com/sports/womens-volleyball/roster/2025,2026-07-20T00:51:39.247174+00:00,73.0,Santa Lucía,San Juan,Argentina,2025,False
Lauren Konzen,L/DS,JR,,Hofstra University,DI,CAA,Coastal Athletic Association,https://gohofstra.com/sports/womens-volleyball/roster/2025,2026-07-20T00:51:39.247174+00:00,66.0,Bohemia,NY,USA,2025,False
Georgia Ahlert,MB,FR,,Hofstra University,DI,CAA,Coastal Athletic Association,https://gohofstra.com/sports/womens-volleyball/roster/2025,2026-07-20T00:51:39.247174+00:00,72.0,Norman,OK,USA,2025,False
Cecilia Anderson,L/DS,FR,,Hofstra University,DI,CAA,Coastal Athletic Association,https://gohofstra.com/sports/womens-volleyball/roster/2025,2026-07-20T00:51:39.247174+00:00,68.0,Eau Claire,WI,USA,2025,False
Nina Jioshvili-Ravva,S,FR,,Hofstra University,DI,CAA,Coastal Athletic Association,https://gohofstra.com/sports/womens-volleyball/roster/2025,2026-07-20T00:51:39.247174+00:00,72.0,La Roquette-sur-Siagne,,France,2025,False
Chloe Richards,OH,R-FR,,Houston Christian University,DI,Southland,Southland Conference,https://hcuhuskies.com/sports/womens-volleyball/roster/2025,2026-07-20T00:51:41.948497+00:00,73.0,Magnolia,TX,USA,2025,False
Taylor Bonner-Williams,OH,FR,,Houston Christian University,DI,Southland,Southland Conference,https://hcuhuskies.com/sports/womens-volleyball/roster/2025,2026-07-20T00:51:41.948497+00:00,70.0,Rosharon,TX,USA,2025,False
Jade Smith,MB,SO,,Houston Christian University,DI,Southland,Southland Conference,https://hcuhuskies.com/sports/womens-volleyball/roster/2025,2026-07-20T00:51:41.948497+00:00,71.0,Jonesboro,LA,USA,2025,False
Sa'Myah Medford,OH,JR,,Houston Christian University,DI,Southland,Southland Conference,https://hcuhuskies.com/sports/womens-volleyball/roster/2025,2026-07-20T00:51:41.948497+00:00,72.0,Mansfield,TX,USA,2025,False
Hannah Redrow,MB,JR,,Houston Christian University,DI,Southland,Southland Conference,https://hcuhuskies.com/sports/womens-volleyball/roster/2025,2026-07-20T00:51:41.948497+00:00,74.0,Carrollton,TX,USA,2025,False
Cassidy Drapela,OH,SR,,Houston Christian University,DI,Southland,Southland Conference,https://hcuhuskies.com/sports/womens-volleyball/roster/2025,2026-07-20T00:51:41.948497+00:00,72.0,Richmond,TX,USA,2025,False
Allana Archie,MB,JR,,Houston Christian University,DI,Southland,Southland Conference,https://hcuhuskies.com/sports/womens-volleyball/roster/2025,2026-07-20T00:51:41.948497+00:00,73.0,Spring,TX,USA,2025,False
Madison Hess,S,JR,,Houston Christian University,DI,Southland,Southland Conference,https://hcuhuskies.com/sports/womens-volleyball/roster/2025,2026-07-20T00:51:41.948497+00:00,73.0,Houston,TX,USA,2025,False
Joya Euhus,OH,FR,,Houston Christian University,DI,Southland,Southland Conference,https://hcuhuskies.com/sports/womens-volleyball/roster/2025,2026-07-20T00:51:41.948497+00:00,73.0,Corvallis,OR,USA,2025,False
Ana Garza,OH,JR,,Houston Christian University,DI,Southland,Southland Conference,https://hcuhuskies.com/sports/womens-volleyball/roster/2025,2026-07-20T00:51:41.948497+00:00,72.0,Alvin,TX,USA,2025,False
Peyton Fadal,S,SO,,Houston Christian University,DI,Southland,Southland Conference,https://hcuhuskies.com/sports/womens-volleyball/roster/2025,2026-07-20T00:51:41.948497+00:00,69.0,Baytown,TX,USA,2025,False
Tobey Allen,S,FR,,Houston Christian University,DI,Southland,Southland Conference,https://hcuhuskies.com/sports/womens-volleyball/roster/2025,2026-07-20T00:51:41.948497+00:00,74.0,Yucaipa,CA,USA,2025,False
Halie,L/DS,,,Howard University,DI,MEAC,Mid-Eastern Athletic Conf.,https://hubison.com/sports/womens-volleyball/roster/2025,2026-07-20T00:51:46.767803+00:00,70.0,Calabasas,CA,USA,2025,False
Kristen,MB,,,Howard University,DI,MEAC,Mid-Eastern Athletic Conf.,https://hubison.com/sports/womens-volleyball/roster/2025,2026-07-20T00:51:46.767803+00:00,73.0,Carson,CA,USA,2025,False
Madisyn,L/DS,,,Howard University,DI,MEAC,Mid-Eastern Athletic Conf.,https://hubison.com/sports/womens-volleyball/roster/2025,2026-07-20T00:51:46.767803+00:00,65.0,Bridgeville,PA,USA,2025,False
Claire,L/DS,,,Howard University,DI,MEAC,Mid-Eastern Athletic Conf.,https://hubison.com/sports/womens-volleyball/roster/2025,2026-07-20T00:51:46.767803+00:00,66.0,Plainfield,IL,USA,2025,False
Alexys,S,,,Howard University,DI,MEAC,Mid-Eastern Athletic Conf.,https://hubison.com/sports/womens-volleyball/roster/2025,2026-07-20T00:51:46.767803+00:00,69.0,Houston,TX,USA,2025,False
Sydnei,S,,,Howard University,DI,MEAC,Mid-Eastern Athletic Conf.,https://hubison.com/sports/womens-volleyball/roster/2025,2026-07-20T00:51:46.767803+00:00,68.0,Bridgeville,PA,USA,2025,False
Aziah,OH,,North Carolina,Howard University,DI,MEAC,Mid-Eastern Athletic Conf.,https://hubison.com/sports/womens-volleyball/roster/2025,2026-07-20T00:51:46.767803+00:00,72.0,Memphis,TN,USA,2025,False
Rya,OH,,,Howard University,DI,MEAC,Mid-Eastern Athletic Conf.,https://hubison.com/sports/womens-volleyball/roster/2025,2026-07-20T00:51:46.767803+00:00,71.0,Hoover,AL,USA,2025,False
Maddie,OH,,,Howard University,DI,MEAC,Mid-Eastern Athletic Conf.,https://hubison.com/sports/womens-volleyball/roster/2025,2026-07-20T00:51:46.767803+00:00,71.0,Fishers,IN,USA,2025,False
Camryn,L/DS,,UCF,Howard University,DI,MEAC,Mid-Eastern Athletic Conf.,https://hubison.com/sports/womens-volleyball/roster/2025,2026-07-20T00:51:46.767803+00:00,67.0,Charlotte,NC,USA,2025,False
Leah,S,,,Howard University,DI,MEAC,Mid-Eastern Athletic Conf.,https://hubison.com/sports/womens-volleyball/roster/2025,2026-07-20T00:51:46.767803+00:00,69.0,Allen,TX,USA,2025,False
Reese,OPP,,,Howard University,DI,MEAC,Mid-Eastern Athletic Conf.,https://hubison.com/sports/womens-volleyball/roster/2025,2026-07-20T00:51:46.767803+00:00,72.0,Atlanta,GA,USA,2025,False
Kaitlynn,MB,,,Howard University,DI,MEAC,Mid-Eastern Athletic Conf.,https://hubison.com/sports/womens-volleyball/roster/2025,2026-07-20T00:51:46.767803+00:00,75.0,Oklahoma City,OK,USA,2025,False
Bailey,S,,,Howard University,DI,MEAC,Mid-Eastern Athletic Conf.,https://hubison.com/sports/womens-volleyball/roster/2025,2026-07-20T00:51:46.767803+00:00,72.0,Windermere,FL,USA,2025,False
Zenai,MB,,Texas State,Howard University,DI,MEAC,Mid-Eastern Athletic Conf.,https://hubison.com/sports/womens-volleyball/roster/2025,2026-07-20T00:51:46.767803+00:00,73.0,Dallas,TX,USA,2025,False
Gabby,L/DS,,,Howard University,DI,MEAC,Mid-Eastern Athletic Conf.,https://hubison.com/sports/womens-volleyball/roster/2025,2026-07-20T00:51:46.767803+00:00,65.0,Laurel,MD,USA,2025,False
Corinne,OH,,,Howard University,DI,MEAC,Mid-Eastern Athletic Conf.,https://hubison.com/sports/womens-volleyball/roster/2025,2026-07-20T00:51:46.767803+00:00,71.0,Derwood,MD,USA,2025,False
Bella,OH,,,Howard University,DI,MEAC,Mid-Eastern Athletic Conf.,https://hubison.com/sports/womens-volleyball/roster/2025,2026-07-20T00:51:46.767803+00:00,71.0,Kansas City,MO,USA,2025,False
Kennedi,OH,,Texas Permian Basin,Howard University,DI,MEAC,Mid-Eastern Athletic Conf.,https://hubison.com/sports/womens-volleyball/roster/2025,2026-07-20T00:51:46.767803+00:00,69.0,Plano,TX,USA,2025,False
Meline Shulikov,OPP,SR,,Idaho State University,DI,Big Sky,Big Sky Conference,https://isubengals.com/sports/womens-volleyball/roster/2025,2026-07-20T00:51:49.921069+00:00,71.0,Spanish Fork,UT,USA,2025,False
Nora Waddoups,S,FR,,Idaho State University,DI,Big Sky,Big Sky Conference,https://isubengals.com/sports/womens-volleyball/roster/2025,2026-07-20T00:51:49.921069+00:00,69.0,Rexburg,ID,USA,2025,False
Ashlyn Smith,MB,R-FR,,Idaho State University,DI,Big Sky,Big Sky Conference,https://isubengals.com/sports/womens-volleyball/roster/2025,2026-07-20T00:51:49.921069+00:00,73.0,Chubbuck,ID,USA,2025,False
Kadrianna Peterson,MB,FR,,Idaho State University,DI,Big Sky,Big Sky Conference,https://isubengals.com/sports/womens-volleyball/roster/2025,2026-07-20T00:51:49.921069+00:00,75.0,Mountain Home,ID,USA,2025,False
Marci Bell,MB,SR,,Idaho State University,DI,Big Sky,Big Sky Conference,https://isubengals.com/sports/womens-volleyball/roster/2025,2026-07-20T00:51:49.921069+00:00,69.0,Henefer,UT,USA,2025,False
Kadence Marsh,S,FR,,Idaho State University,DI,Big Sky,Big Sky Conference,https://isubengals.com/sports/womens-volleyball/roster/2025,2026-07-20T00:51:49.921069+00:00,72.0,Windsor,CO,USA,2025,False
Daelyn Harris,MB,FR,,Idaho State University,DI,Big Sky,Big Sky Conference,https://isubengals.com/sports/womens-volleyball/roster/2025,2026-07-20T00:51:49.921069+00:00,72.0,Boise,ID,USA,2025,False
Keilee Eskelsen,OH,FR,,Idaho State University,DI,Big Sky,Big Sky Conference,https://isubengals.com/sports/womens-volleyball/roster/2025,2026-07-20T00:51:49.921069+00:00,71.0,Spokane,WA,USA,2025,False
Jaydin Watts,MB,JR,,Idaho State University,DI,Big Sky,Big Sky Conference,https://isubengals.com/sports/womens-volleyball/roster/2025,2026-07-20T00:51:49.921069+00:00,71.0,Lancaster,CA,USA,2025,False
Khenedi Guest,MB,SO,,Illinois State University,DI,MVC,Missouri Valley Conference,https://goredbirds.com/sports/womens-volleyball/roster/2025,2026-07-20T00:51:52.568036+00:00,74.0,Benton,AR,USA,2025,False
Madison Smith,L/DS,JR,,Illinois State University,DI,MVC,Missouri Valley Conference,https://goredbirds.com/sports/womens-volleyball/roster/2025,2026-07-20T00:51:52.568036+00:00,67.0,St. Louis,MO,USA,2025,False
Sammi Bunch,L/DS,SR,,Illinois State University,DI,MVC,Missouri Valley Conference,https://goredbirds.com/sports/womens-volleyball/roster/2025,2026-07-20T00:51:52.568036+00:00,68.0,Romeoville,IL,USA,2025,False
Logan Grevengoed,OPP,R-JR,,Illinois State University,DI,MVC,Missouri Valley Conference,https://goredbirds.com/sports/womens-volleyball/roster/2025,2026-07-20T00:51:52.568036+00:00,75.0,South Holland,IL,USA,2025,False
Ella Craggs,S,FR,,Illinois State University,DI,MVC,Missouri Valley Conference,https://goredbirds.com/sports/womens-volleyball/roster/2025,2026-07-20T00:51:52.568036+00:00,69.0,Northville,MI,USA,2025,False
Ne'Khaela Rogers,MB,FR,,Illinois State University,DI,MVC,Missouri Valley Conference,https://goredbirds.com/sports/womens-volleyball/roster/2025,2026-07-20T00:51:52.568036+00:00,72.0,Burleson,TX,USA,2025,False
Colleen Hege,L/DS,SR,,Illinois State University,DI,MVC,Missouri Valley Conference,https://goredbirds.com/sports/womens-volleyball/roster/2025,2026-07-20T00:51:52.568036+00:00,68.0,Champaign,IL,USA,2025,False
Devynn Schulze,L/DS,FR,,Illinois State University,DI,MVC,Missouri Valley Conference,https://goredbirds.com/sports/womens-volleyball/roster/2025,2026-07-20T00:51:52.568036+00:00,66.0,Wonder Lake,IL,USA,2025,False
Hannah Reichensperger,MB,SR,,Illinois State University,DI,MVC,Missouri Valley Conference,https://goredbirds.com/sports/womens-volleyball/roster/2025,2026-07-20T00:51:52.568036+00:00,73.0,Tower,MN,USA,2025,False
Audrey Clark,S,JR,,Illinois State University,DI,MVC,Missouri Valley Conference,https://goredbirds.com/sports/womens-volleyball/roster/2025,2026-07-20T00:51:52.568036+00:00,69.0,Frisco,TX,USA,2025,False
Sydney King,MB,FR,,Indiana State University,DI,MVC,Missouri Valley Conference,https://gosycamores.com/sports/womens-volleyball/roster/2025,2026-07-20T00:51:55.385540+00:00,71.0,Lebanon,TN,USA,2025,False
Ella Scott,MB,JR,,Indiana State University,DI,MVC,Missouri Valley Conference,https://gosycamores.com/sports/womens-volleyball/roster/2025,2026-07-20T00:51:55.385540+00:00,73.0,Plainfield,IN,USA,2025,False
Lily Mueller,MB,JR,,Indiana State University,DI,MVC,Missouri Valley Conference,https://gosycamores.com/sports/womens-volleyball/roster/2025,2026-07-20T00:51:55.385540+00:00,73.0,Genoa,IL,USA,2025,False
Ava Robart,OH,FR,,Indiana State University,DI,MVC,Missouri Valley Conference,https://gosycamores.com/sports/womens-volleyball/roster/2025,2026-07-20T00:51:55.385540+00:00,72.0,Potosi,MO,USA,2025,False
Hadley Hardersen,S,FR,,Indiana State University,DI,MVC,Missouri Valley Conference,https://gosycamores.com/sports/womens-volleyball/roster/2025,2026-07-20T00:51:55.385540+00:00,72.0,Urbandale,IA,USA,2025,False
Anna Ptacin,MB,SO,,Indiana State University,DI,MVC,Missouri Valley Conference,https://gosycamores.com/sports/womens-volleyball/roster/2025,2026-07-20T00:51:55.385540+00:00,74.0,Roscoe,IL,USA,2025,False
Emily Weber,S,SR,,Indiana State University,DI,MVC,Missouri Valley Conference,https://gosycamores.com/sports/womens-volleyball/roster/2025,2026-07-20T00:51:55.385540+00:00,72.0,Fishers,IN,USA,2025,False
Corinne Knapp,OH,FR,,Indiana State University,DI,MVC,Missouri Valley Conference,https://gosycamores.com/sports/womens-volleyball/roster/2025,2026-07-20T00:51:55.385540+00:00,70.0,Lithopolis,OH,USA,2025,False
Sophia Mayo,OH,R-FR,,Indiana State University,DI,MVC,Missouri Valley Conference,https://gosycamores.com/sports/womens-volleyball/roster/2025,2026-07-20T00:51:55.385540+00:00,74.0,Indianapolis,IN,USA,2025,False
Curry Kendall,OH,SO,,Indiana State University,DI,MVC,Missouri Valley Conference,https://gosycamores.com/sports/womens-volleyball/roster/2025,2026-07-20T00:51:55.385540+00:00,73.0,Tulsa,OK,USA,2025,False
Kira Holland,OH,JR,,Indiana State University,DI,MVC,Missouri Valley Conference,https://gosycamores.com/sports/womens-volleyball/roster/2025,2026-07-20T00:51:55.385540+00:00,74.0,Medina,OH,USA,2025,False
Avery Hales,S,JR,,Indiana State University,DI,MVC,Missouri Valley Conference,https://gosycamores.com/sports/womens-volleyball/roster/2025,2026-07-20T00:51:55.385540+00:00,71.0,Cromwell,IN,USA,2025,False
Taylor Knuth,MB,JR,,Indiana State University,DI,MVC,Missouri Valley Conference,https://gosycamores.com/sports/womens-volleyball/roster/2025,2026-07-20T00:51:55.385540+00:00,71.0,Glenview,IL,USA,2025,False
Kimora Whetstone,MB,SR,,Indiana State University,DI,MVC,Missouri Valley Conference,https://gosycamores.com/sports/womens-volleyball/roster/2025,2026-07-20T00:51:55.385540+00:00,69.0,Indianapolis,IN,USA,2025,False
Morgan Ostrowski,MB,,,Indiana University Indianapolis,DI,Horizon,Horizon League,https://iuindyjags.com/sports/womens-volleyball/roster/2025,2026-07-20T00:51:58.312109+00:00,73.0,Auburn,IN,USA,2025,False
Grace Purichia,S,,,Indiana University Indianapolis,DI,Horizon,Horizon League,https://iuindyjags.com/sports/womens-volleyball/roster/2025,2026-07-20T00:51:58.312109+00:00,67.0,New Albany,IN,USA,2025,False
Jordyn Pax,L/DS,,Monmouth Univ.,Indiana University Indianapolis,DI,Horizon,Horizon League,https://iuindyjags.com/sports/womens-volleyball/roster/2025,2026-07-20T00:51:58.312109+00:00,64.0,Plainfield,IN,USA,2025,False
Jillian Tippmann,OPP,,,Indiana University Indianapolis,DI,Horizon,Horizon League,https://iuindyjags.com/sports/womens-volleyball/roster/2025,2026-07-20T00:51:58.312109+00:00,70.0,Fort Wayne,IN,USA,2025,False
Kate White,OPP,,,Indiana University Indianapolis,DI,Horizon,Horizon League,https://iuindyjags.com/sports/womens-volleyball/roster/2025,2026-07-20T00:51:58.312109+00:00,70.0,Cincinnati,OH,USA,2025,False
Lila Britt,MB,,,Indiana University Indianapolis,DI,Horizon,Horizon League,https://iuindyjags.com/sports/womens-volleyball/roster/2025,2026-07-20T00:51:58.312109+00:00,73.0,Bowling Green,KY,USA,2025,False
Ava Harris,OPP,,,Indiana University Indianapolis,DI,Horizon,Horizon League,https://iuindyjags.com/sports/womens-volleyball/roster/2025,2026-07-20T00:51:58.312109+00:00,70.0,Noblesville,IN,USA,2025,False
Kate Jacquay,S,,,Indiana University Indianapolis,DI,Horizon,Horizon League,https://iuindyjags.com/sports/womens-volleyball/roster/2025,2026-07-20T00:51:58.312109+00:00,69.0,Fort Wayne,IN,USA,2025,False
Brynn Zastrow,L/DS,,,Indiana University Indianapolis,DI,Horizon,Horizon League,https://iuindyjags.com/sports/womens-volleyball/roster/2025,2026-07-20T00:51:58.312109+00:00,66.0,Fishers,IN,USA,2025,False
Maia Long,OH,,,Indiana University Indianapolis,DI,Horizon,Horizon League,https://iuindyjags.com/sports/womens-volleyball/roster/2025,2026-07-20T00:51:58.312109+00:00,70.0,Erlanger,KY,USA,2025,False
Elle Patterson,OH,,San Jose State,Indiana University Indianapolis,DI,Horizon,Horizon League,https://iuindyjags.com/sports/womens-volleyball/roster/2025,2026-07-20T00:51:58.312109+00:00,72.0,Greencastle,IN,USA,2025,False
Laura Roeder,L/DS,,,Indiana University Indianapolis,DI,Horizon,Horizon League,https://iuindyjags.com/sports/womens-volleyball/roster/2025,2026-07-20T00:51:58.312109+00:00,63.0,Seymour,IN,USA,2025,False
Kennedy Seputis,L/DS,,,Indiana University Indianapolis,DI,Horizon,Horizon League,https://iuindyjags.com/sports/womens-volleyball/roster/2025,2026-07-20T00:51:58.312109+00:00,67.0,Springboro,OH,USA,2025,False
Amanda Stephens,MB,,,Indiana University Indianapolis,DI,Horizon,Horizon League,https://iuindyjags.com/sports/womens-volleyball/roster/2025,2026-07-20T00:51:58.312109+00:00,72.0,Bowen,IL,USA,2025,False
Ninah Miranda,OH,,Lipscomb,Indiana University Indianapolis,DI,Horizon,Horizon League,https://iuindyjags.com/sports/womens-volleyball/roster/2025,2026-07-20T00:51:58.312109+00:00,72.0,Lebanon,OH,USA,2025,False
Chloe Macias,MB,,,Indiana University Indianapolis,DI,Horizon,Horizon League,https://iuindyjags.com/sports/womens-volleyball/roster/2025,2026-07-20T00:51:58.312109+00:00,72.0,Bakersfield,CA,USA,2025,False
Hope Briggs,OPP,JR,,Jackson State University,DI,SWAC,Southwestern Athletic Conf.,https://gojsutigers.com/sports/womens-volleyball/roster/2025,2026-07-20T00:52:08.858138+00:00,72.0,Cedar Hill,TX,USA,2025,False
Jayden James,OH,SR,,Jackson State University,DI,SWAC,Southwestern Athletic Conf.,https://gojsutigers.com/sports/womens-volleyball/roster/2025,2026-07-20T00:52:08.858138+00:00,69.0,Chandler,AZ,USA,2025,False
Naija Gadis,S,JR,,Jackson State University,DI,SWAC,Southwestern Athletic Conf.,https://gojsutigers.com/sports/womens-volleyball/roster/2025,2026-07-20T00:52:08.858138+00:00,67.0,Indianapolis,IN,USA,2025,False
Giannelle Asomani,L/DS,FR,,Jackson State University,DI,SWAC,Southwestern Athletic Conf.,https://gojsutigers.com/sports/womens-volleyball/roster/2025,2026-07-20T00:52:08.858138+00:00,63.0,McKinney,TX,USA,2025,False
Mackenzie Moore,OH,FR,,Jackson State University,DI,SWAC,Southwestern Athletic Conf.,https://gojsutigers.com/sports/womens-volleyball/roster/2025,2026-07-20T00:52:08.858138+00:00,69.0,Powder Springs,GA,USA,2025,False
Shelby Zanders,MB,FR,,Jackson State University,DI,SWAC,Southwestern Athletic Conf.,https://gojsutigers.com/sports/womens-volleyball/roster/2025,2026-07-20T00:52:08.858138+00:00,72.0,Jonesboro,GA,USA,2025,False
Karys Dove,S,SR,,Jackson State University,DI,SWAC,Southwestern Athletic Conf.,https://gojsutigers.com/sports/womens-volleyball/roster/2025,2026-07-20T00:52:08.858138+00:00,68.0,Pflugerville,TX,USA,2025,False
Makenzie Washington,OPP,SR,,Jackson State University,DI,SWAC,Southwestern Athletic Conf.,https://gojsutigers.com/sports/womens-volleyball/roster/2025,2026-07-20T00:52:08.858138+00:00,69.0,Grand Prairie,TX,USA,2025,False
Ryleigh Davis,S,FR,,Jackson State University,DI,SWAC,Southwestern Athletic Conf.,https://gojsutigers.com/sports/womens-volleyball/roster/2025,2026-07-20T00:52:08.858138+00:00,72.0,Mansfield,TX,USA,2025,False
Kyra Dove,MB,JR,,Jackson State University,DI,SWAC,Southwestern Athletic Conf.,https://gojsutigers.com/sports/womens-volleyball/roster/2025,2026-07-20T00:52:08.858138+00:00,70.0,Pflugerville,TX,USA,2025,False
Maya Reeves,L/DS,JR,,Jackson State University,DI,SWAC,Southwestern Athletic Conf.,https://gojsutigers.com/sports/womens-volleyball/roster/2025,2026-07-20T00:52:08.858138+00:00,68.0,Upper Marlboro,MD,USA,2025,False
Kymorah Carter,L/DS,SR,,Jackson State University,DI,SWAC,Southwestern Athletic Conf.,https://gojsutigers.com/sports/womens-volleyball/roster/2025,2026-07-20T00:52:08.858138+00:00,66.0,Cedar Park,TX,USA,2025,False
Kayla Troutman,S,SO,,Jackson State University,DI,SWAC,Southwestern Athletic Conf.,https://gojsutigers.com/sports/womens-volleyball/roster/2025,2026-07-20T00:52:08.858138+00:00,67.0,Pembroke Pines,FL,USA,2025,False
Malaya Hall,MB,SO,,Jackson State University,DI,SWAC,Southwestern Athletic Conf.,https://gojsutigers.com/sports/womens-volleyball/roster/2025,2026-07-20T00:52:08.858138+00:00,70.0,Hesperia,CA,USA,2025,False
Sydney Fischer,S,FR,,Jacksonville University,DI,ASUN,Atlantic Sun Conference,https://judolphins.com/sports/womens-volleyball/roster/2025,2026-07-20T00:52:14.646532+00:00,69.0,Lexington,SC,USA,2025,False
Bella Dearinger,S,GR,,Jacksonville University,DI,ASUN,Atlantic Sun Conference,https://judolphins.com/sports/womens-volleyball/roster/2025,2026-07-20T00:52:14.646532+00:00,69.0,Muncie,IN,USA,2025,False
Rebekah Williams,OH,SR,,Jacksonville University,DI,ASUN,Atlantic Sun Conference,https://judolphins.com/sports/womens-volleyball/roster/2025,2026-07-20T00:52:14.646532+00:00,69.0,Spring Branch,TX,USA,2025,False
Alija Heins,MB,JR,,Jacksonville University,DI,ASUN,Atlantic Sun Conference,https://judolphins.com/sports/womens-volleyball/roster/2025,2026-07-20T00:52:14.646532+00:00,73.0,Gifhorn,,Germany,2025,False
Claire Mrukowski,OH,JR,,Jacksonville University,DI,ASUN,Atlantic Sun Conference,https://judolphins.com/sports/womens-volleyball/roster/2025,2026-07-20T00:52:14.646532+00:00,72.0,Powell,OH,USA,2025,False
Lydia Mesusan,MB,SR,,Jacksonville University,DI,ASUN,Atlantic Sun Conference,https://judolphins.com/sports/womens-volleyball/roster/2025,2026-07-20T00:52:14.646532+00:00,73.0,Spring,TX,USA,2025,False
Jade Cuya Cobos,S,JR,,Jacksonville University,DI,ASUN,Atlantic Sun Conference,https://judolphins.com/sports/womens-volleyball/roster/2025,2026-07-20T00:52:14.646532+00:00,70.0,Lima,,Peru,2025,False
Haley Yount,MB,SO,,Jacksonville University,DI,ASUN,Atlantic Sun Conference,https://judolphins.com/sports/womens-volleyball/roster/2025,2026-07-20T00:52:14.646532+00:00,74.0,St. Louis,MO,USA,2025,False
Kristina Nika,L/DS,SR,,Jacksonville University,DI,ASUN,Atlantic Sun Conference,https://judolphins.com/sports/womens-volleyball/roster/2025,2026-07-20T00:52:14.646532+00:00,65.0,Jacksonville,FL,USA,2025,False
Zoey Vandel,OH,FR,,Jacksonville University,DI,ASUN,Atlantic Sun Conference,https://judolphins.com/sports/womens-volleyball/roster/2025,2026-07-20T00:52:14.646532+00:00,70.0,Panama City Beach,FL,USA,2025,False
Madi Novak,OH,GR,,Jacksonville University,DI,ASUN,Atlantic Sun Conference,https://judolphins.com/sports/womens-volleyball/roster/2025,2026-07-20T00:52:14.646532+00:00,72.0,Lancaster,CA,USA,2025,False
Kennedy Louisell,OH,JR,,James Madison University,DI,SBC,Sun Belt Conference,https://jmusports.com/sports/womens-volleyball/roster/2025,2026-07-20T00:52:17.387069+00:00,72.0,Grand Rapids,MI,USA,2025,False
Grace Wenrich,S,SR,,James Madison University,DI,SBC,Sun Belt Conference,https://jmusports.com/sports/womens-volleyball/roster/2025,2026-07-20T00:52:17.387069+00:00,69.0,Watkinsville,GA,USA,2025,False
Julia McNeley,L/DS,SR,,James Madison University,DI,SBC,Sun Belt Conference,https://jmusports.com/sports/womens-volleyball/roster/2025,2026-07-20T00:52:17.387069+00:00,69.0,Louisville,KY,USA,2025,False
Addie Norman,OH,FR,,James Madison University,DI,SBC,Sun Belt Conference,https://jmusports.com/sports/womens-volleyball/roster/2025,2026-07-20T00:52:17.387069+00:00,76.0,Wilmington,NC,USA,2025,False
Peri Linterman,MB,FR,,James Madison University,DI,SBC,Sun Belt Conference,https://jmusports.com/sports/womens-volleyball/roster/2025,2026-07-20T00:52:17.387069+00:00,75.0,Fredericksburg,VA,USA,2025,False
Anna Wilson,MB,JR,,James Madison University,DI,SBC,Sun Belt Conference,https://jmusports.com/sports/womens-volleyball/roster/2025,2026-07-20T00:52:17.387069+00:00,75.0,Burlington,ON,CAN,2025,False
Ayen Nhial,MB,SO,,James Madison University,DI,SBC,Sun Belt Conference,https://jmusports.com/sports/womens-volleyball/roster/2025,2026-07-20T00:52:17.387069+00:00,74.0,Louisville,KY,USA,2025,False
Sarah Schnell,OPP,SO,,James Madison University,DI,SBC,Sun Belt Conference,https://jmusports.com/sports/womens-volleyball/roster/2025,2026-07-20T00:52:17.387069+00:00,75.0,Pembroke Pines,FL,USA,2025,False
Rebecca Watkins,S,JR,,James Madison University,DI,SBC,Sun Belt Conference,https://jmusports.com/sports/womens-volleyball/roster/2025,2026-07-20T00:52:17.387069+00:00,72.0,Roswell,GA,USA,2025,False
Ana Toumazatos,OH,FR,,James Madison University,DI,SBC,Sun Belt Conference,https://jmusports.com/sports/womens-volleyball/roster/2025,2026-07-20T00:52:17.387069+00:00,72.0,Great Falls,VA,USA,2025,False
Jordan Smart,S,SO,,James Madison University,DI,SBC,Sun Belt Conference,https://jmusports.com/sports/womens-volleyball/roster/2025,2026-07-20T00:52:17.387069+00:00,68.0,Winston-Salem,NC,USA,2025,False
B'Lise Bradley,MB,FR,,James Madison University,DI,SBC,Sun Belt Conference,https://jmusports.com/sports/womens-volleyball/roster/2025,2026-07-20T00:52:17.387069+00:00,76.0,Shaker Heights,OH,USA,2025,False
Shelby Davis,L/DS,FR,,James Madison University,DI,SBC,Sun Belt Conference,https://jmusports.com/sports/womens-volleyball/roster/2025,2026-07-20T00:52:17.387069+00:00,69.0,Smithfield,KY,USA,2025,False
Sydney Lewis,L/DS,JR,,James Madison University,DI,SBC,Sun Belt Conference,https://jmusports.com/sports/womens-volleyball/roster/2025,2026-07-20T00:52:17.387069+00:00,68.0,Saint Johns,FL,USA,2025,False
Melisa Ilter,OPP,R-JR,,James Madison University,DI,SBC,Sun Belt Conference,https://jmusports.com/sports/womens-volleyball/roster/2025,2026-07-20T00:52:17.387069+00:00,76.0,Bursa,,Turkey,2025,False
Greta Bolognini,L/DS,SR,McCook C.C.,Kent State University,DI,Mid American,Mid-American Conference,https://kentstatesports.com/sports/womens-volleyball/roster/2025,2026-07-20T00:52:25.769067+00:00,68.0,Bergamo,,Italy,2025,False
Avrey Rigney,OH,SO,Madison Central,Kent State University,DI,Mid American,Mid-American Conference,https://kentstatesports.com/sports/womens-volleyball/roster/2025,2026-07-20T00:52:25.769067+00:00,74.0,Richmond,KY,USA,2025,False
Kaelynn Burge,S,SO,Urbana,Kent State University,DI,Mid American,Mid-American Conference,https://kentstatesports.com/sports/womens-volleyball/roster/2025,2026-07-20T00:52:25.769067+00:00,68.0,Frederick,MD,USA,2025,False
Hailey Brenner,L/DS,SO,Gulliver Prep,Kent State University,DI,Mid American,Mid-American Conference,https://kentstatesports.com/sports/womens-volleyball/roster/2025,2026-07-20T00:52:25.769067+00:00,68.0,Miami,FL,USA,2025,False
Lesley Furuta,L/DS,SO,Bishop Watterson,Kent State University,DI,Mid American,Mid-American Conference,https://kentstatesports.com/sports/womens-volleyball/roster/2025,2026-07-20T00:52:25.769067+00:00,66.0,Columbus,OH,USA,2025,False
Liliana Mechura,MB,R-JR,Odessa College,Kent State University,DI,Mid American,Mid-American Conference,https://kentstatesports.com/sports/womens-volleyball/roster/2025,2026-07-20T00:52:25.769067+00:00,73.0,Lakeway,TX,USA,2025,False
Mercedez Brown,OH,JR,Kansas City Kansas C.C.,Kent State University,DI,Mid American,Mid-American Conference,https://kentstatesports.com/sports/womens-volleyball/roster/2025,2026-07-20T00:52:25.769067+00:00,69.0,Clinton,MO,USA,2025,False
Nadia Miller,MB,SO,Eastwood,Kent State University,DI,Mid American,Mid-American Conference,https://kentstatesports.com/sports/womens-volleyball/roster/2025,2026-07-20T00:52:25.769067+00:00,72.0,Bowling Green,OH,USA,2025,False
Paige McGee,OPP,SR,Southwestern Christian,Kent State University,DI,Mid American,Mid-American Conference,https://kentstatesports.com/sports/womens-volleyball/roster/2025,2026-07-20T00:52:25.769067+00:00,70.0,Oak Cliff,TX,USA,2025,False
Macie Moreland,OH,FR,Bishop Watterson,Kent State University,DI,Mid American,Mid-American Conference,https://kentstatesports.com/sports/womens-volleyball/roster/2025,2026-07-20T00:52:25.769067+00:00,72.0,Dublin,OH,USA,2025,False
Mackenzie McGuire,OH,SR,Broken Arrow,Kent State University,DI,Mid American,Mid-American Conference,https://kentstatesports.com/sports/womens-volleyball/roster/2025,2026-07-20T00:52:25.769067+00:00,74.0,Broken Arrow,OK,USA,2025,False
Catie Patterson,L/DS,FR,Woodridge,Kent State University,DI,Mid American,Mid-American Conference,https://kentstatesports.com/sports/womens-volleyball/roster/2025,2026-07-20T00:52:25.769067+00:00,65.0,Cuyahoga Falls,OH,USA,2025,False
Christina Vigil,S,JR,Enterprise State C.C.,Kent State University,DI,Mid American,Mid-American Conference,https://kentstatesports.com/sports/womens-volleyball/roster/2025,2026-07-20T00:52:25.769067+00:00,70.0,Houston,TX,USA,2025,False
Sydney Walker,S,JR,Tyler J.C.,Kent State University,DI,Mid American,Mid-American Conference,https://kentstatesports.com/sports/womens-volleyball/roster/2025,2026-07-20T00:52:25.769067+00:00,67.0,Greenville,TX,USA,2025,False
Adalynn Ginley,MB,R-SO,Marshall,Kent State University,DI,Mid American,Mid-American Conference,https://kentstatesports.com/sports/womens-volleyball/roster/2025,2026-07-20T00:52:25.769067+00:00,75.0,North Ridgeville,OH,USA,2025,False
Abbey Debevec,OH,FR,Jackson,Kent State University,DI,Mid American,Mid-American Conference,https://kentstatesports.com/sports/womens-volleyball/roster/2025,2026-07-20T00:52:25.769067+00:00,69.0,Massillon,OH,USA,2025,False
Drew Brown,OH,SR,,Lehigh University,DI,PL,Patriot League,https://lehighsports.com/sports/womens-volleyball/roster/2025,2026-07-20T00:52:33.354615+00:00,69.0,Charlotte,NC,USA,2025,False
Dakota Arnette,OH,SO,,Lehigh University,DI,PL,Patriot League,https://lehighsports.com/sports/womens-volleyball/roster/2025,2026-07-20T00:52:33.354615+00:00,71.0,Boynton Beach,FL,USA,2025,False
Chloe Fisher,S,FR,,Lehigh University,DI,PL,Patriot League,https://lehighsports.com/sports/womens-volleyball/roster/2025,2026-07-20T00:52:33.354615+00:00,68.0,Hagerstown,MD,USA,2025,False
Arden Below,S,SR,,Lehigh University,DI,PL,Patriot League,https://lehighsports.com/sports/womens-volleyball/roster/2025,2026-07-20T00:52:33.354615+00:00,72.0,Springfield,MO,USA,2025,False
Jaidyn Garcia,OPP,JR,,Lehigh University,DI,PL,Patriot League,https://lehighsports.com/sports/womens-volleyball/roster/2025,2026-07-20T00:52:33.354615+00:00,72.0,Kennesaw,GA,USA,2025,False
Sophia Bond,L/DS,SO,,Lehigh University,DI,PL,Patriot League,https://lehighsports.com/sports/womens-volleyball/roster/2025,2026-07-20T00:52:33.354615+00:00,66.0,Olathe,KS,USA,2025,False
Olivia Lasee,MB,JR,,Lehigh University,DI,PL,Patriot League,https://lehighsports.com/sports/womens-volleyball/roster/2025,2026-07-20T00:52:33.354615+00:00,74.0,Appleton,WI,USA,2025,False
Grace Slovensky,S,SO,,Lehigh University,DI,PL,Patriot League,https://lehighsports.com/sports/womens-volleyball/roster/2025,2026-07-20T00:52:33.354615+00:00,73.0,Chesapeake,VA,USA,2025,False
Madison McCartney,MB,SR,,Lehigh University,DI,PL,Patriot League,https://lehighsports.com/sports/womens-volleyball/roster/2025,2026-07-20T00:52:33.354615+00:00,72.0,Arlington,VA,USA,2025,False
Lauryn Allen,OH,FR,,Lehigh University,DI,PL,Patriot League,https://lehighsports.com/sports/womens-volleyball/roster/2025,2026-07-20T00:52:33.354615+00:00,69.0,Hagerstown,MD,USA,2025,False
Jana Jankowski,MB,FR,,Lehigh University,DI,PL,Patriot League,https://lehighsports.com/sports/womens-volleyball/roster/2025,2026-07-20T00:52:33.354615+00:00,73.0,Hudson,WI,USA,2025,False
Ufuoma Omene,OPP,JR,,Lehigh University,DI,PL,Patriot League,https://lehighsports.com/sports/womens-volleyball/roster/2025,2026-07-20T00:52:33.354615+00:00,71.0,South Holland,IL,USA,2025,False
Mary Massias,OH,FR,,Lehigh University,DI,PL,Patriot League,https://lehighsports.com/sports/womens-volleyball/roster/2025,2026-07-20T00:52:33.354615+00:00,71.0,Gainesville,FL,USA,2025,False
Alysia Fingall,OH,JR,,Lehigh University,DI,PL,Patriot League,https://lehighsports.com/sports/womens-volleyball/roster/2025,2026-07-20T00:52:33.354615+00:00,70.0,Panama City,FL,USA,2025,False
Molly Thompson,L/DS,JR,,Lehigh University,DI,PL,Patriot League,https://lehighsports.com/sports/womens-volleyball/roster/2025,2026-07-20T00:52:33.354615+00:00,64.0,Boalsburg,PA,USA,2025,False
Abby Felkai,S,JR,,Lehigh University,DI,PL,Patriot League,https://lehighsports.com/sports/womens-volleyball/roster/2025,2026-07-20T00:52:33.354615+00:00,69.0,Dawsonville,GA,USA,2025,False
Natalie Luscomb,OPP,SR,,Lehigh University,DI,PL,Patriot League,https://lehighsports.com/sports/womens-volleyball/roster/2025,2026-07-20T00:52:33.354615+00:00,73.0,Annapolis,MD,USA,2025,False
Laney Daniell,MB,FR,,Liberty University,DI,CUSA,Conference USA,https://libertyflames.com/sports/womens-volleyball/roster/2025,2026-07-20T00:52:36.166692+00:00,73.15611814345992,Kennesaw,GA,USA,2025,False
Kayla O'Brien,L/DS,FR,,Liberty University,DI,CUSA,Conference USA,https://libertyflames.com/sports/womens-volleyball/roster/2025,2026-07-20T00:52:36.166692+00:00,66.12328767123287,Pauline,SC,USA,2025,False
Carly O'Brien,OH,SO,,Liberty University,DI,CUSA,Conference USA,https://libertyflames.com/sports/womens-volleyball/roster/2025,2026-07-20T00:52:36.166692+00:00,71.45390070921985,Pauline,SC,USA,2025,False
Addie Fielder,S,FR,,Liberty University,DI,CUSA,Conference USA,https://libertyflames.com/sports/womens-volleyball/roster/2025,2026-07-20T00:52:36.166692+00:00,69.69760479041916,Little Rock,AR,USA,2025,False
Shyia Richardson,OH,GR,,Liberty University,DI,CUSA,Conference USA,https://libertyflames.com/sports/womens-volleyball/roster/2025,2026-07-20T00:52:36.166692+00:00,71.45390070921985,League City,TX,USA,2025,False
Addison Hart,OH,FR,,Liberty University,DI,CUSA,Conference USA,https://libertyflames.com/sports/womens-volleyball/roster/2025,2026-07-20T00:52:36.166692+00:00,71.45390070921985,Paducah,KY,USA,2025,False
Jenna Otts,OH,JR,,Liberty University,DI,CUSA,Conference USA,https://libertyflames.com/sports/womens-volleyball/roster/2025,2026-07-20T00:52:36.166692+00:00,71.45390070921985,Saint Johns,FL,USA,2025,False
Aubrey Acheson,L/DS,SO,,Liberty University,DI,CUSA,Conference USA,https://libertyflames.com/sports/womens-volleyball/roster/2025,2026-07-20T00:52:36.166692+00:00,66.12328767123287,Georgetown,TX,USA,2025,False
Audrey Heiring,OH,FR,,Liberty University,DI,CUSA,Conference USA,https://libertyflames.com/sports/womens-volleyball/roster/2025,2026-07-20T00:52:36.166692+00:00,71.45390070921985,Kenosha,WI,USA,2025,False
Alison Bierwagen,S,FR,,Liberty University,DI,CUSA,Conference USA,https://libertyflames.com/sports/womens-volleyball/roster/2025,2026-07-20T00:52:36.166692+00:00,69.69760479041916,DeLand,FL,USA,2025,False
Amelia Tomlinson,L/DS,SO,,Liberty University,DI,CUSA,Conference USA,https://libertyflames.com/sports/womens-volleyball/roster/2025,2026-07-20T00:52:36.166692+00:00,66.12328767123287,Waynesboro,VA,USA,2025,False
Charli Morris,S,JR,,Liberty University,DI,CUSA,Conference USA,https://libertyflames.com/sports/womens-volleyball/roster/2025,2026-07-20T00:52:36.166692+00:00,69.69760479041916,Lugoff,SC,USA,2025,False
Charli Crowson,S,SO,,Liberty University,DI,CUSA,Conference USA,https://libertyflames.com/sports/womens-volleyball/roster/2025,2026-07-20T00:52:36.166692+00:00,69.69760479041916,College Station,TX,USA,2025,False
Zoe Hall,MB,GR,,Liberty University,DI,CUSA,Conference USA,https://libertyflames.com/sports/womens-volleyball/roster/2025,2026-07-20T00:52:36.166692+00:00,73.15611814345992,Bridgeport,TX,USA,2025,False
Molly Littlefield,L/DS,JR,,Liberty University,DI,CUSA,Conference USA,https://libertyflames.com/sports/womens-volleyball/roster/2025,2026-07-20T00:52:36.166692+00:00,66.12328767123287,Rockton,IL,USA,2025,False
Kate Fourman,OPP,FR,,Liberty University,DI,CUSA,Conference USA,https://libertyflames.com/sports/womens-volleyball/roster/2025,2026-07-20T00:52:36.166692+00:00,72.57241379310345,Worthington,OH,USA,2025,False
Layla Collins,MB,SO,,Liberty University,DI,CUSA,Conference USA,https://libertyflames.com/sports/womens-volleyball/roster/2025,2026-07-20T00:52:36.166692+00:00,73.15611814345992,Plainfield,IL,USA,2025,False
Paige Overcash,OH,SO,,Liberty University,DI,CUSA,Conference USA,https://libertyflames.com/sports/womens-volleyball/roster/2025,2026-07-20T00:52:36.166692+00:00,71.45390070921985,Ashe County,NC,USA,2025,False
Amelia Thro,S,R-JR,,Lindenwood University,DI,Ohio Valley,Ohio Valley Conference,https://lindenwoodlions.com/sports/womens-volleyball/roster/2025,2026-07-20T00:52:38.633604+00:00,70.0,St. Charles,MO,USA,2025,False
Anna Kraemer,OPP,JR,,Lindenwood University,DI,Ohio Valley,Ohio Valley Conference,https://lindenwoodlions.com/sports/womens-volleyball/roster/2025,2026-07-20T00:52:38.633604+00:00,72.0,Wildwood,MO,USA,2025,False
Jade Roth,MB,R-SO,,Lindenwood University,DI,Ohio Valley,Ohio Valley Conference,https://lindenwoodlions.com/sports/womens-volleyball/roster/2025,2026-07-20T00:52:38.633604+00:00,72.0,Farmington,MO,USA,2025,False
Shannon Monahan,OH,FR,,Lindenwood University,DI,Ohio Valley,Ohio Valley Conference,https://lindenwoodlions.com/sports/womens-volleyball/roster/2025,2026-07-20T00:52:38.633604+00:00,71.0,Champaign,IL,USA,2025,False
Greta Shadewald,S,FR,,Lindenwood University,DI,Ohio Valley,Ohio Valley Conference,https://lindenwoodlions.com/sports/womens-volleyball/roster/2025,2026-07-20T00:52:38.633604+00:00,70.0,Prairie du Sac,WI,USA,2025,False
Faith Atkins,MB,SR,,Lindenwood University,DI,Ohio Valley,Ohio Valley Conference,https://lindenwoodlions.com/sports/womens-volleyball/roster/2025,2026-07-20T00:52:38.633604+00:00,70.0,Alton,IL,USA,2025,False
Autumn Bax,OPP,SO,,Lindenwood University,DI,Ohio Valley,Ohio Valley Conference,https://lindenwoodlions.com/sports/womens-volleyball/roster/2025,2026-07-20T00:52:38.633604+00:00,74.0,Jefferson City,MO,USA,2025,False
Ashley Geluck,MB,JR,,Lindenwood University,DI,Ohio Valley,Ohio Valley Conference,https://lindenwoodlions.com/sports/womens-volleyball/roster/2025,2026-07-20T00:52:38.633604+00:00,72.0,Millstadt,IL,USA,2025,False
Emma Johnson,OH,SO,,Lindenwood University,DI,Ohio Valley,Ohio Valley Conference,https://lindenwoodlions.com/sports/womens-volleyball/roster/2025,2026-07-20T00:52:38.633604+00:00,74.0,Breese,IL,USA,2025,False
Izzy Herrbold,L/DS,SO,,Lindenwood University,DI,Ohio Valley,Ohio Valley Conference,https://lindenwoodlions.com/sports/womens-volleyball/roster/2025,2026-07-20T00:52:38.633604+00:00,66.0,Jefferson City,MO,USA,2025,False
Miabella Musignac,L/DS,SO,,Long Island University,DI,NEC,Northeast Conference,https://www.liuathletics.com/sports/womens-volleyball/roster/2025,2026-07-20T00:52:48.099599+00:00,67.0,San Juan,,PR,2025,False
Ella Pallagi,S,SO,,Long Island University,DI,NEC,Northeast Conference,https://www.liuathletics.com/sports/womens-volleyball/roster/2025,2026-07-20T00:52:48.099599+00:00,73.0,Gilbert,AZ,USA,2025,False
Sofia Varela,S,FR,,Long Island University,DI,NEC,Northeast Conference,https://www.liuathletics.com/sports/womens-volleyball/roster/2025,2026-07-20T00:52:48.099599+00:00,70.0,Ottobrunn,,Germany,2025,False
Bella Correia,OH,SO,,Long Island University,DI,NEC,Northeast Conference,https://www.liuathletics.com/sports/womens-volleyball/roster/2025,2026-07-20T00:52:48.099599+00:00,73.0,Sao Paulo,,Brazil,2025,False
Yasmeen Muhammad,MB,JR,,Long Island University,DI,NEC,Northeast Conference,https://www.liuathletics.com/sports/womens-volleyball/roster/2025,2026-07-20T00:52:48.099599+00:00,74.0,Shoreline,WA,USA,2025,False
Riley Greene,MB,FR,,Long Island University,DI,NEC,Northeast Conference,https://www.liuathletics.com/sports/womens-volleyball/roster/2025,2026-07-20T00:52:48.099599+00:00,73.0,Sarasota,FL,USA,2025,False
Sara van Gisteren,OH,JR,,Long Island University,DI,NEC,Northeast Conference,https://www.liuathletics.com/sports/womens-volleyball/roster/2025,2026-07-20T00:52:48.099599+00:00,75.0,Leuth,,Netherlands,2025,False
Isabella Ocampo,OH,FR,,Loyola Marymount University,DI,WCC,West Coast Conference,https://lmulions.com/sports/womens-volleyball/roster/2025,2026-07-20T00:53:03.659680+00:00,71.0,Dallas,TX,USA,2025,False
Mariana Simao,MB,FR,,Loyola Marymount University,DI,WCC,West Coast Conference,https://lmulions.com/sports/womens-volleyball/roster/2025,2026-07-20T00:53:03.659680+00:00,74.0,Belo Horizonte,,Brazil,2025,False
Sophia Keene,OH,GR,,Loyola Marymount University,DI,WCC,West Coast Conference,https://lmulions.com/sports/womens-volleyball/roster/2025,2026-07-20T00:53:03.659680+00:00,74.0,The Woodlands,TX,USA,2025,False
Delfina Schuh,S,SO,,Loyola Marymount University,DI,WCC,West Coast Conference,https://lmulions.com/sports/womens-volleyball/roster/2025,2026-07-20T00:53:03.659680+00:00,72.0,Buenos Aires,,Argentina,2025,False
Taly Acherboim,L/DS,FR,,Loyola Marymount University,DI,WCC,West Coast Conference,https://lmulions.com/sports/womens-volleyball/roster/2025,2026-07-20T00:53:03.659680+00:00,64.0,São Paulo,,Brazil,2025,False
Kaitlyn Evans,MB,JR,,Loyola Marymount University,DI,WCC,West Coast Conference,https://lmulions.com/sports/womens-volleyball/roster/2025,2026-07-20T00:53:03.659680+00:00,71.0,Dallas,TX,USA,2025,False
Camille Pomeroy,MB,SO,,Loyola Marymount University,DI,WCC,West Coast Conference,https://lmulions.com/sports/womens-volleyball/roster/2025,2026-07-20T00:53:03.659680+00:00,74.0,Vienna,VA,USA,2025,False
Zaria Thornton,MB,SO,,Loyola Marymount University,DI,WCC,West Coast Conference,https://lmulions.com/sports/womens-volleyball/roster/2025,2026-07-20T00:53:03.659680+00:00,71.0,Carson,CA,USA,2025,False
Gabriella Cascione,L/DS,FR,,Loyola Marymount University,DI,WCC,West Coast Conference,https://lmulions.com/sports/womens-volleyball/roster/2025,2026-07-20T00:53:03.659680+00:00,68.0,Santa Clarita,CA,USA,2025,False
Sophie Stephenson,OH,SR,,Loyola Marymount University,DI,WCC,West Coast Conference,https://lmulions.com/sports/womens-volleyball/roster/2025,2026-07-20T00:53:03.659680+00:00,74.0,Seattle,WA,USA,2025,False
Kayla Lopez,L/DS,JR,,Loyola Marymount University,DI,WCC,West Coast Conference,https://lmulions.com/sports/womens-volleyball/roster/2025,2026-07-20T00:53:03.659680+00:00,65.0,Austin,TX,USA,2025,False
Nicole Schuetz,OH,FR,,Loyola Marymount University,DI,WCC,West Coast Conference,https://lmulions.com/sports/womens-volleyball/roster/2025,2026-07-20T00:53:03.659680+00:00,75.0,Santa Barbara,CA,USA,2025,False
Kyla Firestone,S,SO,,Loyola Marymount University,DI,WCC,West Coast Conference,https://lmulions.com/sports/womens-volleyball/roster/2025,2026-07-20T00:53:03.659680+00:00,64.0,Encino,CA,USA,2025,False
Leah Burrell,OPP,R-JR,,Loyola Marymount University,DI,WCC,West Coast Conference,https://lmulions.com/sports/womens-volleyball/roster/2025,2026-07-20T00:53:03.659680+00:00,72.0,Ajax,ON,Canada,2025,False
Maddie Boerstra,OH,GR,,Loyola Marymount University,DI,WCC,West Coast Conference,https://lmulions.com/sports/womens-volleyball/roster/2025,2026-07-20T00:53:03.659680+00:00,72.0,Lotus,CA,USA,2025,False
Cecily Bramschreiber,OH,GR,,Loyola Marymount University,DI,WCC,West Coast Conference,https://lmulions.com/sports/womens-volleyball/roster/2025,2026-07-20T00:53:03.659680+00:00,69.0,Lucas,TX,USA,2025,False
Emma Henry,S,JR,,Loyola University Chicago,DI,A10,Atlantic 10 Conference,https://loyolaramblers.com/sports/womens-volleyball/roster/2025,2026-07-20T00:53:06.366137+00:00,68.0,Norman,OK,USA,2025,False
Ava Hunter,S,FR,,Loyola University Chicago,DI,A10,Atlantic 10 Conference,https://loyolaramblers.com/sports/womens-volleyball/roster/2025,2026-07-20T00:53:06.366137+00:00,71.0,Fishers,IN,USA,2025,False
Ann Marie Remmes,MB,SR,,Loyola University Chicago,DI,A10,Atlantic 10 Conference,https://loyolaramblers.com/sports/womens-volleyball/roster/2025,2026-07-20T00:53:06.366137+00:00,73.0,Lisle,IL,USA,2025,False
Kaitlyn Burke,OH,SO,,Loyola University Chicago,DI,A10,Atlantic 10 Conference,https://loyolaramblers.com/sports/womens-volleyball/roster/2025,2026-07-20T00:53:06.366137+00:00,71.0,Shawnee,KS,USA,2025,False
Chloe Morgan,MB,SO,,Loyola University Chicago,DI,A10,Atlantic 10 Conference,https://loyolaramblers.com/sports/womens-volleyball/roster/2025,2026-07-20T00:53:06.366137+00:00,72.0,Mont Belvieu,TX,USA,2025,False
Josie Halbleib,S,GR,,Loyola University Chicago,DI,A10,Atlantic 10 Conference,https://loyolaramblers.com/sports/womens-volleyball/roster/2025,2026-07-20T00:53:06.366137+00:00,73.0,Sun Prairie,WI,USA,2025,False
Ella Ramsay,MB,SR,,Loyola University Chicago,DI,A10,Atlantic 10 Conference,https://loyolaramblers.com/sports/womens-volleyball/roster/2025,2026-07-20T00:53:06.366137+00:00,73.0,Moline,IL,USA,2025,False
Avary DeBlieck,MB,JR,,Loyola University Chicago,DI,A10,Atlantic 10 Conference,https://loyolaramblers.com/sports/womens-volleyball/roster/2025,2026-07-20T00:53:06.366137+00:00,74.0,Algonquin,IL,USA,2025,False
Jordan Bruckner,L/DS,JR,,Loyola University Chicago,DI,A10,Atlantic 10 Conference,https://loyolaramblers.com/sports/womens-volleyball/roster/2025,2026-07-20T00:53:06.366137+00:00,66.0,Bel Aire,KS,USA,2025,False
Claire Van Den Herik,OH,SO,,Loyola University Chicago,DI,A10,Atlantic 10 Conference,https://loyolaramblers.com/sports/womens-volleyball/roster/2025,2026-07-20T00:53:06.366137+00:00,73.0,Prospect Heights,IL,USA,2025,False
Riley Hamilton,OH,SR,,Loyola University Maryland,DI,PL,Patriot League,https://loyolagreyhounds.com/sports/womens-volleyball/roster/2025,2026-07-20T00:53:08.890335+00:00,70.0,Colgate,WI,USA,2025,False
Leah Hunter,L/DS,SR,,Loyola University Maryland,DI,PL,Patriot League,https://loyolagreyhounds.com/sports/womens-volleyball/roster/2025,2026-07-20T00:53:08.890335+00:00,65.0,Raleigh,NC,USA,2025,False
Ally Bauer,L/DS,SR,,Loyola University Maryland,DI,PL,Patriot League,https://loyolagreyhounds.com/sports/womens-volleyball/roster/2025,2026-07-20T00:53:08.890335+00:00,64.0,Jupiter,FL,USA,2025,False
Addie Huber,L/DS,FR,,Loyola University Maryland,DI,PL,Patriot League,https://loyolagreyhounds.com/sports/womens-volleyball/roster/2025,2026-07-20T00:53:08.890335+00:00,65.0,Hershey,PA,USA,2025,False
Ellie Joffe,MB,FR,,Loyola University Maryland,DI,PL,Patriot League,https://loyolagreyhounds.com/sports/womens-volleyball/roster/2025,2026-07-20T00:53:08.890335+00:00,73.0,Naples,FL,USA,2025,False
Gabi Verdicchio,S,JR,,Loyola University Maryland,DI,PL,Patriot League,https://loyolagreyhounds.com/sports/womens-volleyball/roster/2025,2026-07-20T00:53:08.890335+00:00,70.0,Raleigh,NC,USA,2025,False
Ava Nepkin,OH,JR,,Loyola University Maryland,DI,PL,Patriot League,https://loyolagreyhounds.com/sports/womens-volleyball/roster/2025,2026-07-20T00:53:08.890335+00:00,73.0,Frankfort,IL,USA,2025,False
Elsie Afful,MB,FR,,Loyola University Maryland,DI,PL,Patriot League,https://loyolagreyhounds.com/sports/womens-volleyball/roster/2025,2026-07-20T00:53:08.890335+00:00,72.0,Stafford,VA,USA,2025,False
Mariah Sanabia,MB,JR,,Loyola University Maryland,DI,PL,Patriot League,https://loyolagreyhounds.com/sports/womens-volleyball/roster/2025,2026-07-20T00:53:08.890335+00:00,72.0,Odenton,MD,USA,2025,False
Ansley Keel,OH,FR,,Loyola University Maryland,DI,PL,Patriot League,https://loyolagreyhounds.com/sports/womens-volleyball/roster/2025,2026-07-20T00:53:08.890335+00:00,71.0,Charlotte,NC,USA,2025,False
Sarah Tate,OH,FR,,Loyola University Maryland,DI,PL,Patriot League,https://loyolagreyhounds.com/sports/womens-volleyball/roster/2025,2026-07-20T00:53:08.890335+00:00,70.0,State College,PA,USA,2025,False
Kennedy Stevens,MB,SR,,Loyola University Maryland,DI,PL,Patriot League,https://loyolagreyhounds.com/sports/womens-volleyball/roster/2025,2026-07-20T00:53:08.890335+00:00,74.0,Mississauga,ON,CAN,2025,False
Maggie Smith,S,SO,,Loyola University Maryland,DI,PL,Patriot League,https://loyolagreyhounds.com/sports/womens-volleyball/roster/2025,2026-07-20T00:53:08.890335+00:00,69.0,Schnecksville,PA,USA,2025,False
Morgan Crawford,OH,JR,,Loyola University Maryland,DI,PL,Patriot League,https://loyolagreyhounds.com/sports/womens-volleyball/roster/2025,2026-07-20T00:53:08.890335+00:00,71.0,Richmond,VA,USA,2025,False
Hunter Kwan,S,SO,,Manhattan University,DI,MAAC,Metro Atlantic Athletic Conference,https://gojaspers.com/sports/womens-volleyball/roster/2025,2026-07-20T00:53:11.344022+00:00,67.0,Foster City,CA,USA,2025,False
Emilia Kuzniar,S,JR,,Manhattan University,DI,MAAC,Metro Atlantic Athletic Conference,https://gojaspers.com/sports/womens-volleyball/roster/2025,2026-07-20T00:53:11.344022+00:00,70.0,Przemysl,,Poland,2025,False
Fiona VanDyke,OH,SO,,Manhattan University,DI,MAAC,Metro Atlantic Athletic Conference,https://gojaspers.com/sports/womens-volleyball/roster/2025,2026-07-20T00:53:11.344022+00:00,73.0,Lawrence,KS,USA,2025,False
Abby Morreale,MB,JR,,Manhattan University,DI,MAAC,Metro Atlantic Athletic Conference,https://gojaspers.com/sports/womens-volleyball/roster/2025,2026-07-20T00:53:11.344022+00:00,72.0,Lake Grove,NY,USA,2025,False
Helenn Montilla,MB,FR,,Manhattan University,DI,MAAC,Metro Atlantic Athletic Conference,https://gojaspers.com/sports/womens-volleyball/roster/2025,2026-07-20T00:53:11.344022+00:00,74.0,Miami,FL,USA,2025,False
Anna Duncan,L/DS,JR,,Manhattan University,DI,MAAC,Metro Atlantic Athletic Conference,https://gojaspers.com/sports/womens-volleyball/roster/2025,2026-07-20T00:53:11.344022+00:00,70.0,Wildwood,MO,USA,2025,False
Mikalah Curran,OH,JR,,Manhattan University,DI,MAAC,Metro Atlantic Athletic Conference,https://gojaspers.com/sports/womens-volleyball/roster/2025,2026-07-20T00:53:11.344022+00:00,71.0,Commack,NY,USA,2025,False
Brooke Johnson,OH,R-FR,,Manhattan University,DI,MAAC,Metro Atlantic Athletic Conference,https://gojaspers.com/sports/womens-volleyball/roster/2025,2026-07-20T00:53:11.344022+00:00,70.0,Wynnewood,PA,USA,2025,False
Hanna Kaczynska,OPP,FR,,Manhattan University,DI,MAAC,Metro Atlantic Athletic Conference,https://gojaspers.com/sports/womens-volleyball/roster/2025,2026-07-20T00:53:11.344022+00:00,73.0,Warsaw,,Poland,2025,False
Laura Hernandez,MB,FR,,Manhattan University,DI,MAAC,Metro Atlantic Athletic Conference,https://gojaspers.com/sports/womens-volleyball/roster/2025,2026-07-20T00:53:11.344022+00:00,73.0,Callisburg,TX,USA,2025,False
Ava,OPP,FR,,Marist University,DI,MAAC,Metro Atlantic Athletic Conference,https://goredfoxes.com/sports/womens-volleyball/roster/2025,2026-07-20T00:53:13.577871+00:00,70.0,Doylestown,PA,USA,2025,False
Claire,S,GR,,Marist University,DI,MAAC,Metro Atlantic Athletic Conference,https://goredfoxes.com/sports/womens-volleyball/roster/2025,2026-07-20T00:53:13.577871+00:00,68.0,Peachtree City,GA,USA,2025,False
Claudia,L/DS,JR,,Marist University,DI,MAAC,Metro Atlantic Athletic Conference,https://goredfoxes.com/sports/womens-volleyball/roster/2025,2026-07-20T00:53:13.577871+00:00,67.0,North Wales,PA,USA,2025,False
"Cecilia ""CC""",L/DS,JR,,Marist University,DI,MAAC,Metro Atlantic Athletic Conference,https://goredfoxes.com/sports/womens-volleyball/roster/2025,2026-07-20T00:53:13.577871+00:00,67.0,Palm Desert,CA,USA,2025,False
Taylor,OH,SO,,Marist University,DI,MAAC,Metro Atlantic Athletic Conference,https://goredfoxes.com/sports/womens-volleyball/roster/2025,2026-07-20T00:53:13.577871+00:00,73.0,Haworth,NJ,USA,2025,False
Eden,OH,SO,,Marist University,DI,MAAC,Metro Atlantic Athletic Conference,https://goredfoxes.com/sports/womens-volleyball/roster/2025,2026-07-20T00:53:13.577871+00:00,69.0,Ottawa,ON,CAN,2025,False
Sara,OH,JR,,Marist University,DI,MAAC,Metro Atlantic Athletic Conference,https://goredfoxes.com/sports/womens-volleyball/roster/2025,2026-07-20T00:53:13.577871+00:00,72.0,Lazarevac,,Serbia,2025,False
Sarah,MB,SO,,Marist University,DI,MAAC,Metro Atlantic Athletic Conference,https://goredfoxes.com/sports/womens-volleyball/roster/2025,2026-07-20T00:53:13.577871+00:00,75.0,Waterloo,ON,CAN,2025,False
Mikayla,MB,R-JR,,Marist University,DI,MAAC,Metro Atlantic Athletic Conference,https://goredfoxes.com/sports/womens-volleyball/roster/2025,2026-07-20T00:53:13.577871+00:00,73.0,Ypsilanti,MI,USA,2025,False
Eleana,OPP,FR,,Marist University,DI,MAAC,Metro Atlantic Athletic Conference,https://goredfoxes.com/sports/womens-volleyball/roster/2025,2026-07-20T00:53:13.577871+00:00,76.0,Almyros,,Greece,2025,False
Gabby,OH,SO,,Marist University,DI,MAAC,Metro Atlantic Athletic Conference,https://goredfoxes.com/sports/womens-volleyball/roster/2025,2026-07-20T00:53:13.577871+00:00,74.0,Ashburn,VA,USA,2025,False
Mallory,OH,FR,,Marist University,DI,MAAC,Metro Atlantic Athletic Conference,https://goredfoxes.com/sports/womens-volleyball/roster/2025,2026-07-20T00:53:13.577871+00:00,71.0,Northville,MI,USA,2025,False
Trinity,MB,JR,,Marist University,DI,MAAC,Metro Atlantic Athletic Conference,https://goredfoxes.com/sports/womens-volleyball/roster/2025,2026-07-20T00:53:13.577871+00:00,70.0,Austin,TX,USA,2025,False
Savannah,MB,SO,,Marist University,DI,MAAC,Metro Atlantic Athletic Conference,https://goredfoxes.com/sports/womens-volleyball/roster/2025,2026-07-20T00:53:13.577871+00:00,72.0,San Antonio,TX,USA,2025,False
Vallane,OH,JR,,Marist University,DI,MAAC,Metro Atlantic Athletic Conference,https://goredfoxes.com/sports/womens-volleyball/roster/2025,2026-07-20T00:53:13.577871+00:00,72.0,Gig Harbor,WA,USA,2025,False
Caelyn,S,FR,,Marist University,DI,MAAC,Metro Atlantic Athletic Conference,https://goredfoxes.com/sports/womens-volleyball/roster/2025,2026-07-20T00:53:13.577871+00:00,70.0,Katy,TX,USA,2025,False
Kinga Ziolkowska,S,FR,,McNeese State University,DI,Southland,Southland Conference,https://mcneesesports.com/sports/womens-volleyball/roster/2025,2026-07-20T00:53:22.225419+00:00,68.0,Poznan,,Poland,2025,False
Corynne Hausler,S,SO,,McNeese State University,DI,Southland,Southland Conference,https://mcneesesports.com/sports/womens-volleyball/roster/2025,2026-07-20T00:53:22.225419+00:00,67.0,Phoenix,AZ,USA,2025,False
Carli Banks,OH,JR,,McNeese State University,DI,Southland,Southland Conference,https://mcneesesports.com/sports/womens-volleyball/roster/2025,2026-07-20T00:53:22.225419+00:00,69.0,Houston,TX,USA,2025,False
Maleah Mutterback,MB,FR,,McNeese State University,DI,Southland,Southland Conference,https://mcneesesports.com/sports/womens-volleyball/roster/2025,2026-07-20T00:53:22.225419+00:00,75.0,Vero Beach,FL,USA,2025,False
Sophie Twigg,L/DS,JR,,McNeese State University,DI,Southland,Southland Conference,https://mcneesesports.com/sports/womens-volleyball/roster/2025,2026-07-20T00:53:22.225419+00:00,68.0,Sylvania,OH,USA,2025,False
Bailey Foolkes,L/DS,FR,,McNeese State University,DI,Southland,Southland Conference,https://mcneesesports.com/sports/womens-volleyball/roster/2025,2026-07-20T00:53:22.225419+00:00,64.0,Lake Charles,LA,USA,2025,False
Summer Anderson,L/DS,FR,,McNeese State University,DI,Southland,Southland Conference,https://mcneesesports.com/sports/womens-volleyball/roster/2025,2026-07-20T00:53:22.225419+00:00,67.0,Overland Park,KS,USA,2025,False
Olivia Moffett,S,FR,,McNeese State University,DI,Southland,Southland Conference,https://mcneesesports.com/sports/womens-volleyball/roster/2025,2026-07-20T00:53:22.225419+00:00,74.0,Colorado Springs,CO,USA,2025,False
D'Nari Mills,OH,SR,,McNeese State University,DI,Southland,Southland Conference,https://mcneesesports.com/sports/womens-volleyball/roster/2025,2026-07-20T00:53:22.225419+00:00,67.0,Tomball,TX,USA,2025,False
Mary-Alice Dohmann,OH,FR,,McNeese State University,DI,Southland,Southland Conference,https://mcneesesports.com/sports/womens-volleyball/roster/2025,2026-07-20T00:53:22.225419+00:00,71.0,Berwick,LA,USA,2025,False
Neal Grace Berry,OPP,FR,,McNeese State University,DI,Southland,Southland Conference,https://mcneesesports.com/sports/womens-volleyball/roster/2025,2026-07-20T00:53:22.225419+00:00,72.0,Houma,LA,USA,2025,False
Nylah Gray,OH,SO,,McNeese State University,DI,Southland,Southland Conference,https://mcneesesports.com/sports/womens-volleyball/roster/2025,2026-07-20T00:53:22.225419+00:00,70.0,Cypress,TX,USA,2025,False
Jordan Gamble,MB,SR,,McNeese State University,DI,Southland,Southland Conference,https://mcneesesports.com/sports/womens-volleyball/roster/2025,2026-07-20T00:53:22.225419+00:00,75.0,Katy,TX,USA,2025,False
Lauren Fuller,L/DS,SR,,McNeese State University,DI,Southland,Southland Conference,https://mcneesesports.com/sports/womens-volleyball/roster/2025,2026-07-20T00:53:22.225419+00:00,68.0,Corpus Christi,TX,USA,2025,False
Kayla Wilson,OH,SR,,McNeese State University,DI,Southland,Southland Conference,https://mcneesesports.com/sports/womens-volleyball/roster/2025,2026-07-20T00:53:22.225419+00:00,70.0,Missouri City,TX,USA,2025,False
Vaia Tsioutsioulas,OH,SO,California Lutheran University,Merrimack College,DI,MAAC,Metro Atlantic Athletic Conference,https://merrimackathletics.com/sports/womens-volleyball/roster/2025,2026-07-20T00:53:28.281067+00:00,69.0,Toronto,ON,CAN,2025,False
Sophia DeBonis,S,JR,,Merrimack College,DI,MAAC,Metro Atlantic Athletic Conference,https://merrimackathletics.com/sports/womens-volleyball/roster/2025,2026-07-20T00:53:28.281067+00:00,68.0,Bay Shore,NY,USA,2025,False
Molly O'Donnell,OH,SR,,Merrimack College,DI,MAAC,Metro Atlantic Athletic Conference,https://merrimackathletics.com/sports/womens-volleyball/roster/2025,2026-07-20T00:53:28.281067+00:00,70.0,Hudson,NH,USA,2025,False
Jocelyn Hammerstrand,OPP,FR,,Merrimack College,DI,MAAC,Metro Atlantic Athletic Conference,https://merrimackathletics.com/sports/womens-volleyball/roster/2025,2026-07-20T00:53:28.281067+00:00,73.0,San Diego,CA,USA,2025,False
Avry Bryant,OPP,SO,,Merrimack College,DI,MAAC,Metro Atlantic Athletic Conference,https://merrimackathletics.com/sports/womens-volleyball/roster/2025,2026-07-20T00:53:28.281067+00:00,75.0,Denver,CO,USA,2025,False
Mckenna Shotwell,OH,SO,,Merrimack College,DI,MAAC,Metro Atlantic Athletic Conference,https://merrimackathletics.com/sports/womens-volleyball/roster/2025,2026-07-20T00:53:28.281067+00:00,71.0,Murfreesboro,TN,USA,2025,False
Ella Maldonado,L/DS,JR,,Merrimack College,DI,MAAC,Metro Atlantic Athletic Conference,https://merrimackathletics.com/sports/womens-volleyball/roster/2025,2026-07-20T00:53:28.281067+00:00,66.0,Merrick,NY,USA,2025,False
Lilly Konrad,S,SR,,Merrimack College,DI,MAAC,Metro Atlantic Athletic Conference,https://merrimackathletics.com/sports/womens-volleyball/roster/2025,2026-07-20T00:53:28.281067+00:00,69.0,Hope Mills,NC,USA,2025,False
Mia Izzo,MB,FR,,Merrimack College,DI,MAAC,Metro Atlantic Athletic Conference,https://merrimackathletics.com/sports/womens-volleyball/roster/2025,2026-07-20T00:53:28.281067+00:00,74.0,Park Ridge,NJ,USA,2025,False
Morgan Thurlow,MB,SR,,Merrimack College,DI,MAAC,Metro Atlantic Athletic Conference,https://merrimackathletics.com/sports/womens-volleyball/roster/2025,2026-07-20T00:53:28.281067+00:00,72.0,Brooklyn,NY,USA,2025,False
Elizabeth Kenney,S,SO,,Merrimack College,DI,MAAC,Metro Atlantic Athletic Conference,https://merrimackathletics.com/sports/womens-volleyball/roster/2025,2026-07-20T00:53:28.281067+00:00,70.0,Williston Park,NY,USA,2025,False
Ellie Watts,OH,FR,,Middle Tennessee State University,DI,CUSA,Conference USA,https://goblueraiders.com/sports/womens-volleyball/roster/2025,2026-07-20T00:53:38.620338+00:00,71.45390070921985,Birmingham,AL,USA,2025,False
Logan Carr,MB,JR,,Middle Tennessee State University,DI,CUSA,Conference USA,https://goblueraiders.com/sports/womens-volleyball/roster/2025,2026-07-20T00:53:38.620338+00:00,73.15611814345992,Desoto,TX,USA,2025,False
Raegan Durbin,OH,FR,,Middle Tennessee State University,DI,CUSA,Conference USA,https://goblueraiders.com/sports/womens-volleyball/roster/2025,2026-07-20T00:53:38.620338+00:00,71.45390070921985,Thorntown,IN,USA,2025,False
Gabrielle Clinkscale,OH,FR,,Middle Tennessee State University,DI,CUSA,Conference USA,https://goblueraiders.com/sports/womens-volleyball/roster/2025,2026-07-20T00:53:38.620338+00:00,71.45390070921985,St. Louis,MO,USA,2025,False
Marie Lowell,L/DS,SR,,Middle Tennessee State University,DI,CUSA,Conference USA,https://goblueraiders.com/sports/womens-volleyball/roster/2025,2026-07-20T00:53:38.620338+00:00,66.12328767123287,West Chicago,IL,USA,2025,False
Nora Marginean,S,SO,,Middle Tennessee State University,DI,CUSA,Conference USA,https://goblueraiders.com/sports/womens-volleyball/roster/2025,2026-07-20T00:53:38.620338+00:00,69.69760479041916,Cluj-Napoca,,Romania,2025,False
Isil Yilmaz,L/DS,GR,,Middle Tennessee State University,DI,CUSA,Conference USA,https://goblueraiders.com/sports/womens-volleyball/roster/2025,2026-07-20T00:53:38.620338+00:00,66.12328767123287,Ankara,,Turkey,2025,False
Ana Stojicic,OH,FR,,Middle Tennessee State University,DI,CUSA,Conference USA,https://goblueraiders.com/sports/womens-volleyball/roster/2025,2026-07-20T00:53:38.620338+00:00,71.45390070921985,Novi Sad,,Serbia,2025,False
Khalia-Leigh James,MB,FR,,Middle Tennessee State University,DI,CUSA,Conference USA,https://goblueraiders.com/sports/womens-volleyball/roster/2025,2026-07-20T00:53:38.620338+00:00,73.15611814345992,Brampton,ON,Canada,2025,False
Michaela Dlouhá,MB,JR,,Middle Tennessee State University,DI,CUSA,Conference USA,https://goblueraiders.com/sports/womens-volleyball/roster/2025,2026-07-20T00:53:38.620338+00:00,73.15611814345992,Pardubice,,Czechia,2025,False
Payton Deidesheimer,OPP,SR,,Middle Tennessee State University,DI,CUSA,Conference USA,https://goblueraiders.com/sports/womens-volleyball/roster/2025,2026-07-20T00:53:38.620338+00:00,72.57241379310345,West Chester,OH,USA,2025,False
Caroline Macander,S,SR,,Middle Tennessee State University,DI,CUSA,Conference USA,https://goblueraiders.com/sports/womens-volleyball/roster/2025,2026-07-20T00:53:38.620338+00:00,69.69760479041916,Chicago,IL,USA,2025,False
Ryan Oden,L/DS,FR,,Middle Tennessee State University,DI,CUSA,Conference USA,https://goblueraiders.com/sports/womens-volleyball/roster/2025,2026-07-20T00:53:38.620338+00:00,66.12328767123287,Nashville,TN,USA,2025,False
Danit Cohen,S,JR,,Middle Tennessee State University,DI,CUSA,Conference USA,https://goblueraiders.com/sports/womens-volleyball/roster/2025,2026-07-20T00:53:38.620338+00:00,69.69760479041916,Los Angeles,CA,USA,2025,False
Aowyn Schrader,OH,SO,,Middle Tennessee State University,DI,CUSA,Conference USA,https://goblueraiders.com/sports/womens-volleyball/roster/2025,2026-07-20T00:53:38.620338+00:00,71.45390070921985,Ankeny,IA,USA,2025,False
Trinniti Stevens,MB,FR,,Middle Tennessee State University,DI,CUSA,Conference USA,https://goblueraiders.com/sports/womens-volleyball/roster/2025,2026-07-20T00:53:38.620338+00:00,73.15611814345992,Overland Park,KS,USA,2025,False
Mackenna Poole,L/DS,R-FR,,Middle Tennessee State University,DI,CUSA,Conference USA,https://goblueraiders.com/sports/womens-volleyball/roster/2025,2026-07-20T00:53:38.620338+00:00,66.12328767123287,College Grove,TN,USA,2025,False
Ashlynn,OH,JR,,Mississippi Valley State University,DI,SWAC,Southwestern Athletic Conf.,https://mvsusports.com/sports/womens-volleyball/roster/2025,2026-07-20T00:53:44.065878+00:00,65.0,Houston,TX,USA,2025,False
Mikayla,S,SR,,Mississippi Valley State University,DI,SWAC,Southwestern Athletic Conf.,https://mvsusports.com/sports/womens-volleyball/roster/2025,2026-07-20T00:53:44.065878+00:00,67.0,East St. Louis,IL,USA,2025,False
Brooklyn,MB,SO,,Mississippi Valley State University,DI,SWAC,Southwestern Athletic Conf.,https://mvsusports.com/sports/womens-volleyball/roster/2025,2026-07-20T00:53:44.065878+00:00,71.0,Memphis,TN,USA,2025,False
Jadyn,MB,SO,,Mississippi Valley State University,DI,SWAC,Southwestern Athletic Conf.,https://mvsusports.com/sports/womens-volleyball/roster/2025,2026-07-20T00:53:44.065878+00:00,72.0,Dallas,TX,USA,2025,False
Lyric,MB,SO,,Mississippi Valley State University,DI,SWAC,Southwestern Athletic Conf.,https://mvsusports.com/sports/womens-volleyball/roster/2025,2026-07-20T00:53:44.065878+00:00,73.0,DeSoto,TX,USA,2025,False
Aniyah,MB,SO,,Mississippi Valley State University,DI,SWAC,Southwestern Athletic Conf.,https://mvsusports.com/sports/womens-volleyball/roster/2025,2026-07-20T00:53:44.065878+00:00,72.0,Dallas,TX,USA,2025,False
Toni,MB,R-JR,,Mississippi Valley State University,DI,SWAC,Southwestern Athletic Conf.,https://mvsusports.com/sports/womens-volleyball/roster/2025,2026-07-20T00:53:44.065878+00:00,72.0,St. Louis,MO,USA,2025,False
Leticia,OH,SR,Labette CC,Mississippi Valley State University,DI,SWAC,Southwestern Athletic Conf.,https://mvsusports.com/sports/womens-volleyball/roster/2025,2026-07-20T00:53:44.065878+00:00,66.0,Recife,,Brazil,2025,False
Torre,OH,SR,,Mississippi Valley State University,DI,SWAC,Southwestern Athletic Conf.,https://mvsusports.com/sports/womens-volleyball/roster/2025,2026-07-20T00:53:44.065878+00:00,63.0,Channelview,TX,USA,2025,False
Madison,OH,SO,,Mississippi Valley State University,DI,SWAC,Southwestern Athletic Conf.,https://mvsusports.com/sports/womens-volleyball/roster/2025,2026-07-20T00:53:44.065878+00:00,69.0,Olive Branch,MS,USA,2025,False
Alaya,OH,SO,,Mississippi Valley State University,DI,SWAC,Southwestern Athletic Conf.,https://mvsusports.com/sports/womens-volleyball/roster/2025,2026-07-20T00:53:44.065878+00:00,69.0,Memphis,TN,USA,2025,False
Mariana,L/DS,SR,Labette CC,Mississippi Valley State University,DI,SWAC,Southwestern Athletic Conf.,https://mvsusports.com/sports/womens-volleyball/roster/2025,2026-07-20T00:53:44.065878+00:00,65.0,Recife,,Brazil,2025,False
Carmella,,SO,,Mississippi Valley State University,DI,SWAC,Southwestern Athletic Conf.,https://mvsusports.com/sports/womens-volleyball/roster/2025,2026-07-20T00:53:44.065878+00:00,71.0,Bryan,TX,USA,2025,False
Dashaun,MB,SO,,Mississippi Valley State University,DI,SWAC,Southwestern Athletic Conf.,https://mvsusports.com/sports/womens-volleyball/roster/2025,2026-07-20T00:53:44.065878+00:00,69.0,Missouri City,TX,USA,2025,False
Jaazaniah,MB,SO,,Mississippi Valley State University,DI,SWAC,Southwestern Athletic Conf.,https://mvsusports.com/sports/womens-volleyball/roster/2025,2026-07-20T00:53:44.065878+00:00,70.0,Louisville,KY,USA,2025,False
Carrington,S,SO,,Mississippi Valley State University,DI,SWAC,Southwestern Athletic Conf.,https://mvsusports.com/sports/womens-volleyball/roster/2025,2026-07-20T00:53:44.065878+00:00,67.0,Missouri City,TX,USA,2025,False
Taylor,,SO,,Mississippi Valley State University,DI,SWAC,Southwestern Athletic Conf.,https://mvsusports.com/sports/womens-volleyball/roster/2025,2026-07-20T00:53:44.065878+00:00,72.0,Memphis,TN,USA,2025,False
Makenzie Jackson,OPP,R-FR,,Montana State University-Bozeman,DI,Big Sky,Big Sky Conference,https://msubobcats.com/sports/womens-volleyball/roster/2025,2026-07-20T00:54:02.711784+00:00,74.0,Helena,MT,USA,2025,False
Lauren Lindseth,L/DS,SR,,Montana State University-Bozeman,DI,Big Sky,Big Sky Conference,https://msubobcats.com/sports/womens-volleyball/roster/2025,2026-07-20T00:54:02.711784+00:00,69.0,Great Falls,MT,USA,2025,False
Gretta Lawson,OH,SR,,Montana State University-Bozeman,DI,Big Sky,Big Sky Conference,https://msubobcats.com/sports/womens-volleyball/roster/2025,2026-07-20T00:54:02.711784+00:00,70.0,Spokane,WA,USA,2025,False
Haven Rich,L/DS,SO,,Montana State University-Bozeman,DI,Big Sky,Big Sky Conference,https://msubobcats.com/sports/womens-volleyball/roster/2025,2026-07-20T00:54:02.711784+00:00,68.0,Visalia,CA,USA,2025,False
Teagan Jaynes,S,FR,,Montana State University-Bozeman,DI,Big Sky,Big Sky Conference,https://msubobcats.com/sports/womens-volleyball/roster/2025,2026-07-20T00:54:02.711784+00:00,72.0,Northfield,MN,USA,2025,False
Lauren Schloe,MB,FR,,Montana State University-Bozeman,DI,Big Sky,Big Sky Conference,https://msubobcats.com/sports/womens-volleyball/roster/2025,2026-07-20T00:54:02.711784+00:00,74.0,Sauk Rapids,MN,USA,2025,False
Maggie Rhew,S,FR,,Montana State University-Bozeman,DI,Big Sky,Big Sky Conference,https://msubobcats.com/sports/womens-volleyball/roster/2025,2026-07-20T00:54:02.711784+00:00,67.0,Agoura Hills,CA,USA,2025,False
Madilyn Siebler,OH,SR,,Montana State University-Bozeman,DI,Big Sky,Big Sky Conference,https://msubobcats.com/sports/womens-volleyball/roster/2025,2026-07-20T00:54:02.711784+00:00,70.0,Omaha,NE,USA,2025,False
Afton Thomsen,L/DS,SO,,Montana State University-Bozeman,DI,Big Sky,Big Sky Conference,https://msubobcats.com/sports/womens-volleyball/roster/2025,2026-07-20T00:54:02.711784+00:00,67.0,Parker,CO,USA,2025,False
Teya Yeomans,OH,SO,,Montana State University-Bozeman,DI,Big Sky,Big Sky Conference,https://msubobcats.com/sports/womens-volleyball/roster/2025,2026-07-20T00:54:02.711784+00:00,72.0,Mancos,CO,USA,2025,False
Camryn Greenwald,MB,SR,,Montana State University-Bozeman,DI,Big Sky,Big Sky Conference,https://msubobcats.com/sports/womens-volleyball/roster/2025,2026-07-20T00:54:02.711784+00:00,74.0,Woodbury,MN,USA,2025,False
Alice Steman,MB,FR,,Montana State University-Bozeman,DI,Big Sky,Big Sky Conference,https://msubobcats.com/sports/womens-volleyball/roster/2025,2026-07-20T00:54:02.711784+00:00,72.0,Cambridge,MN,USA,2025,False
Karli Heidemann,OH,SO,,Montana State University-Bozeman,DI,Big Sky,Big Sky Conference,https://msubobcats.com/sports/womens-volleyball/roster/2025,2026-07-20T00:54:02.711784+00:00,73.0,Diller,NE,USA,2025,False
Joelie Spelts,MB,JR,,Montana State University-Bozeman,DI,Big Sky,Big Sky Conference,https://msubobcats.com/sports/womens-volleyball/roster/2025,2026-07-20T00:54:02.711784+00:00,75.0,Gillette,WY,USA,2025,False
Elli Tufto,OH,FR,,Montana State University-Bozeman,DI,Big Sky,Big Sky Conference,https://msubobcats.com/sports/womens-volleyball/roster/2025,2026-07-20T00:54:02.711784+00:00,72.0,Prior Lake,MN,USA,2025,False
Nicolette Noble,L/DS,FR,,Montana State University-Bozeman,DI,Big Sky,Big Sky Conference,https://msubobcats.com/sports/womens-volleyball/roster/2025,2026-07-20T00:54:02.711784+00:00,67.0,Murrieta,CA,USA,2025,False
Sarah Heath,OH,SR,,Morehead State University,DI,Ohio Valley,Ohio Valley Conference,https://msueagles.com/sports/womens-volleyball/roster/2025,2026-07-20T00:54:05.286643+00:00,72.0,Colonial Heights,VA,USA,2025,False
Tinsley Brown,L/DS,SO,,Morehead State University,DI,Ohio Valley,Ohio Valley Conference,https://msueagles.com/sports/womens-volleyball/roster/2025,2026-07-20T00:54:05.286643+00:00,69.0,Knoxville,TN,USA,2025,False
M.E. Hargan,OH,SR,,Morehead State University,DI,Ohio Valley,Ohio Valley Conference,https://msueagles.com/sports/womens-volleyball/roster/2025,2026-07-20T00:54:05.286643+00:00,73.0,Elizabethtown,KY,USA,2025,False
Courtney Fitzgerald,L/DS,JR,,Morehead State University,DI,Ohio Valley,Ohio Valley Conference,https://msueagles.com/sports/womens-volleyball/roster/2025,2026-07-20T00:54:05.286643+00:00,68.0,Cleves,OH,USA,2025,False
Kylie Sharp,MB,FR,,Morehead State University,DI,Ohio Valley,Ohio Valley Conference,https://msueagles.com/sports/womens-volleyball/roster/2025,2026-07-20T00:54:05.286643+00:00,73.0,Johnstown,OH,USA,2025,False
Amelia Nott,MB,JR,,Morehead State University,DI,Ohio Valley,Ohio Valley Conference,https://msueagles.com/sports/womens-volleyball/roster/2025,2026-07-20T00:54:05.286643+00:00,73.0,Centerville,OH,USA,2025,False
Bailey Brashear,MB,GR,,Morehead State University,DI,Ohio Valley,Ohio Valley Conference,https://msueagles.com/sports/womens-volleyball/roster/2025,2026-07-20T00:54:05.286643+00:00,72.0,Morehead,KY,USA,2025,False
Avery Ray,OH,R-SO,,Morehead State University,DI,Ohio Valley,Ohio Valley Conference,https://msueagles.com/sports/womens-volleyball/roster/2025,2026-07-20T00:54:05.286643+00:00,70.0,Chattanooga,TN,USA,2025,False
Hollan Everett,MB,JR,,Morehead State University,DI,Ohio Valley,Ohio Valley Conference,https://msueagles.com/sports/womens-volleyball/roster/2025,2026-07-20T00:54:05.286643+00:00,75.0,Norris City,IL,USA,2025,False
Sydney Sennett,S,JR,,Morehead State University,DI,Ohio Valley,Ohio Valley Conference,https://msueagles.com/sports/womens-volleyball/roster/2025,2026-07-20T00:54:05.286643+00:00,72.0,Normal,IL,USA,2025,False
Shea Hefner,L/DS,R-SR,,Morehead State University,DI,Ohio Valley,Ohio Valley Conference,https://msueagles.com/sports/womens-volleyball/roster/2025,2026-07-20T00:54:05.286643+00:00,66.0,Bridgeport,WV,USA,2025,False
Mya Karrick,S,JR,,Morgan State University,DI,MEAC,Mid-Eastern Athletic Conf.,https://morganstatebears.com/sports/womens-volleyball/roster/2025,2026-07-20T00:54:07.739471+00:00,69.0,Shorewood,MN,USA,2025,False
Viktoria Zelubowski,OH,FR,,Morgan State University,DI,MEAC,Mid-Eastern Athletic Conf.,https://morganstatebears.com/sports/womens-volleyball/roster/2025,2026-07-20T00:54:07.739471+00:00,72.0,Malvern,PA,USA,2025,False
Isabelle Brown,S,FR,,Morgan State University,DI,MEAC,Mid-Eastern Athletic Conf.,https://morganstatebears.com/sports/womens-volleyball/roster/2025,2026-07-20T00:54:07.739471+00:00,69.0,Avon,IN,USA,2025,False
Hannah Chappelle,L/DS,SR,,Morgan State University,DI,MEAC,Mid-Eastern Athletic Conf.,https://morganstatebears.com/sports/womens-volleyball/roster/2025,2026-07-20T00:54:07.739471+00:00,71.0,Cedar Hill,TX,USA,2025,False
Tameary Wardlaw,L/DS,FR,,Morgan State University,DI,MEAC,Mid-Eastern Athletic Conf.,https://morganstatebears.com/sports/womens-volleyball/roster/2025,2026-07-20T00:54:07.739471+00:00,67.0,Miami,FL,USA,2025,False
Jenae Mason,OH,FR,,Morgan State University,DI,MEAC,Mid-Eastern Athletic Conf.,https://morganstatebears.com/sports/womens-volleyball/roster/2025,2026-07-20T00:54:07.739471+00:00,71.0,Durham,NC,USA,2025,False
Mele Taumoepeau,OH,SO,,Morgan State University,DI,MEAC,Mid-Eastern Athletic Conf.,https://morganstatebears.com/sports/womens-volleyball/roster/2025,2026-07-20T00:54:07.739471+00:00,72.0,Laie,HI,USA,2025,False
Aubrey Wilson,MB,SO,,Morgan State University,DI,MEAC,Mid-Eastern Athletic Conf.,https://morganstatebears.com/sports/womens-volleyball/roster/2025,2026-07-20T00:54:07.739471+00:00,74.0,Fayetteville,GA,USA,2025,False
Selah Brashear,OH,SO,,Morgan State University,DI,MEAC,Mid-Eastern Athletic Conf.,https://morganstatebears.com/sports/womens-volleyball/roster/2025,2026-07-20T00:54:07.739471+00:00,67.0,Severn,MD,USA,2025,False
Zayda Thomas,OPP,FR,,Morgan State University,DI,MEAC,Mid-Eastern Athletic Conf.,https://morganstatebears.com/sports/womens-volleyball/roster/2025,2026-07-20T00:54:07.739471+00:00,71.0,Land O Lakes,FL,USA,2025,False
Halle Forester,L/DS,FR,,Murray State University,DI,MVC,Missouri Valley Conference,https://goracers.com/sports/womens-volleyball/roster/2025,2026-07-20T00:54:10.465031+00:00,66.12328767123287,Strafford,MO,USA,2025,False
Paige Brock,S,JR,,Murray State University,DI,MVC,Missouri Valley Conference,https://goracers.com/sports/womens-volleyball/roster/2025,2026-07-20T00:54:10.465031+00:00,69.69760479041916,Morgantown,WV,USA,2025,False
Samantha Nelson,L/DS,FR,,Murray State University,DI,MVC,Missouri Valley Conference,https://goracers.com/sports/womens-volleyball/roster/2025,2026-07-20T00:54:10.465031+00:00,66.12328767123287,Elizabethtown,KY,USA,2025,False
Morgan McClure,MB,SR,,Murray State University,DI,MVC,Missouri Valley Conference,https://goracers.com/sports/womens-volleyball/roster/2025,2026-07-20T00:54:10.465031+00:00,73.15611814345992,Hickory Flat,GA,USA,2025,False
Lily Burnett,OH,JR,,Murray State University,DI,MVC,Missouri Valley Conference,https://goracers.com/sports/womens-volleyball/roster/2025,2026-07-20T00:54:10.465031+00:00,71.45390070921985,Murray,KY,USA,2025,False
Katie Titus,S,FR,,Murray State University,DI,MVC,Missouri Valley Conference,https://goracers.com/sports/womens-volleyball/roster/2025,2026-07-20T00:54:10.465031+00:00,69.69760479041916,Hendersonville,TN,USA,2025,False
Elita Foti,S,FR,,Murray State University,DI,MVC,Missouri Valley Conference,https://goracers.com/sports/womens-volleyball/roster/2025,2026-07-20T00:54:10.465031+00:00,69.69760479041916,Limassol,,Cyprus,2025,False
Federica Nuccio,OH,SR,,Murray State University,DI,MVC,Missouri Valley Conference,https://goracers.com/sports/womens-volleyball/roster/2025,2026-07-20T00:54:10.465031+00:00,71.45390070921985,Frossasco,,Italy,2025,False
Ella Vogel,OH,SR,,Murray State University,DI,MVC,Missouri Valley Conference,https://goracers.com/sports/womens-volleyball/roster/2025,2026-07-20T00:54:10.465031+00:00,71.45390070921985,Cape Girardeau,MO,USA,2025,False
Haidi Miliou,MB,SR,,Murray State University,DI,MVC,Missouri Valley Conference,https://goracers.com/sports/womens-volleyball/roster/2025,2026-07-20T00:54:10.465031+00:00,73.15611814345992,Athens,,Greece,2025,False
Burcu Gulomur,MB,FR,,Murray State University,DI,MVC,Missouri Valley Conference,https://goracers.com/sports/womens-volleyball/roster/2025,2026-07-20T00:54:10.465031+00:00,73.15611814345992,Izmir,,Turkey,2025,False
Mija Pristovnik,OH,FR,,Murray State University,DI,MVC,Missouri Valley Conference,https://goracers.com/sports/womens-volleyball/roster/2025,2026-07-20T00:54:10.465031+00:00,71.45390070921985,Slovenska Bistrica,,Slovenia,2025,False
Alexa Watts,OH,JR,,Murray State University,DI,MVC,Missouri Valley Conference,https://goracers.com/sports/womens-volleyball/roster/2025,2026-07-20T00:54:10.465031+00:00,71.45390070921985,Rocklin,CA,USA,2025,False
Anne Makowski,OH,FR,,Murray State University,DI,MVC,Missouri Valley Conference,https://goracers.com/sports/womens-volleyball/roster/2025,2026-07-20T00:54:10.465031+00:00,71.45390070921985,St Louis,MO,USA,2025,False
Bailey Keusch,OH,JR,,Murray State University,DI,MVC,Missouri Valley Conference,https://goracers.com/sports/womens-volleyball/roster/2025,2026-07-20T00:54:10.465031+00:00,71.45390070921985,Huntingburg,IN,USA,2025,False
Natasa Ljubicic,MB,FR,,Niagara University,DI,MAAC,Metro Atlantic Athletic Conference,https://purpleeagles.com/sports/womens-volleyball/roster/2025,2026-07-20T00:54:18.136025+00:00,73.0,Stoney Creek,ON,CAN,2025,False
Paisley Ka’ahanui,S,JR,,Niagara University,DI,MAAC,Metro Atlantic Athletic Conference,https://purpleeagles.com/sports/womens-volleyball/roster/2025,2026-07-20T00:54:18.136025+00:00,67.0,Honolulu,HI,USA,2025,False
Katie Jacobs,OH,SR,,Niagara University,DI,MAAC,Metro Atlantic Athletic Conference,https://purpleeagles.com/sports/womens-volleyball/roster/2025,2026-07-20T00:54:18.136025+00:00,71.0,Lexington,KY,USA,2025,False
Kinga Wronska,OH,SR,,Niagara University,DI,MAAC,Metro Atlantic Athletic Conference,https://purpleeagles.com/sports/womens-volleyball/roster/2025,2026-07-20T00:54:18.136025+00:00,69.0,Granica,,Poland,2025,False
Lizzie Kraft,L/DS,SO,,Niagara University,DI,MAAC,Metro Atlantic Athletic Conference,https://purpleeagles.com/sports/womens-volleyball/roster/2025,2026-07-20T00:54:18.136025+00:00,64.0,Kapolei,HI,USA,2025,False
Liana Tolliver,OH,SR,,Niagara University,DI,MAAC,Metro Atlantic Athletic Conference,https://purpleeagles.com/sports/womens-volleyball/roster/2025,2026-07-20T00:54:18.136025+00:00,69.0,Goodyear,AZ,USA,2025,False
Janiah Robinson,MB,JR,,Niagara University,DI,MAAC,Metro Atlantic Athletic Conference,https://purpleeagles.com/sports/womens-volleyball/roster/2025,2026-07-20T00:54:18.136025+00:00,71.0,Syracuse,NY,USA,2025,False
Sydney Wilkes,OH,SR,,Niagara University,DI,MAAC,Metro Atlantic Athletic Conference,https://purpleeagles.com/sports/womens-volleyball/roster/2025,2026-07-20T00:54:18.136025+00:00,72.0,Las Vegas,NV,USA,2025,False
Kaitlyn Doyle,OH,JR,,Niagara University,DI,MAAC,Metro Atlantic Athletic Conference,https://purpleeagles.com/sports/womens-volleyball/roster/2025,2026-07-20T00:54:18.136025+00:00,68.0,Beamsville,ON,CAN,2025,False
Leah Allen,OPP,FR,,Niagara University,DI,MAAC,Metro Atlantic Athletic Conference,https://purpleeagles.com/sports/womens-volleyball/roster/2025,2026-07-20T00:54:18.136025+00:00,72.0,Buffalo,NY,USA,2025,False
Gabrielle Belony,MB,JR,,Niagara University,DI,MAAC,Metro Atlantic Athletic Conference,https://purpleeagles.com/sports/womens-volleyball/roster/2025,2026-07-20T00:54:18.136025+00:00,74.0,Baldwin,NY,USA,2025,False
Payton Lee,OPP,JR,,Niagara University,DI,MAAC,Metro Atlantic Athletic Conference,https://purpleeagles.com/sports/womens-volleyball/roster/2025,2026-07-20T00:54:18.136025+00:00,76.0,New Baltimore,MI,USA,2025,False
Katelynn Rottman,OH,R-FR,,Niagara University,DI,MAAC,Metro Atlantic Athletic Conference,https://purpleeagles.com/sports/womens-volleyball/roster/2025,2026-07-20T00:54:18.136025+00:00,71.0,Okemos,MI,USA,2025,False
Olivia Besson,L/DS,FR,,Nicholls State University,DI,Southland,Southland Conference,https://geauxcolonels.com/sports/womens-volleyball/roster/2025,2026-07-20T00:54:21.631921+00:00,64.0,Thibodaux,LA,USA,2025,False
Ava-Claire Calais,S,SO,,Nicholls State University,DI,Southland,Southland Conference,https://geauxcolonels.com/sports/womens-volleyball/roster/2025,2026-07-20T00:54:21.631921+00:00,64.0,Franklin,LA,USA,2025,False
Melanie Guevara,OH,FR,,Nicholls State University,DI,Southland,Southland Conference,https://geauxcolonels.com/sports/womens-volleyball/roster/2025,2026-07-20T00:54:21.631921+00:00,67.0,Rockwall,TX,USA,2025,False
Ava Pennison,L/DS,FR,,Nicholls State University,DI,Southland,Southland Conference,https://geauxcolonels.com/sports/womens-volleyball/roster/2025,2026-07-20T00:54:21.631921+00:00,66.0,Napoleonville,LA,USA,2025,False
Maelie Chupin,OH,GR,Shaw University,Nicholls State University,DI,Southland,Southland Conference,https://geauxcolonels.com/sports/womens-volleyball/roster/2025,2026-07-20T00:54:21.631921+00:00,70.0,Les Landes Genusson,,France,2025,False
Karina Smith,L/DS,FR,,Nicholls State University,DI,Southland,Southland Conference,https://geauxcolonels.com/sports/womens-volleyball/roster/2025,2026-07-20T00:54:21.631921+00:00,67.0,Cypress,TX,USA,2025,False
Isabella Padilla,S,JR,Panola College,Nicholls State University,DI,Southland,Southland Conference,https://geauxcolonels.com/sports/womens-volleyball/roster/2025,2026-07-20T00:54:21.631921+00:00,71.0,Medellin,,Colombia,2025,False
Tierney Terrell,OH,JR,,Nicholls State University,DI,Southland,Southland Conference,https://geauxcolonels.com/sports/womens-volleyball/roster/2025,2026-07-20T00:54:21.631921+00:00,66.0,Slidell,LA,USA,2025,False
Tamara Chavez,OH,GR,Southern,Nicholls State University,DI,Southland,Southland Conference,https://geauxcolonels.com/sports/womens-volleyball/roster/2025,2026-07-20T00:54:21.631921+00:00,71.0,Lima,,Peru,2025,False
Jenna Cicherski,S,FR,,Nicholls State University,DI,Southland,Southland Conference,https://geauxcolonels.com/sports/womens-volleyball/roster/2025,2026-07-20T00:54:21.631921+00:00,66.0,Magnolia,TX,USA,2025,False
Alyssa Williams,OPP,SO,Alabama A&M,Nicholls State University,DI,Southland,Southland Conference,https://geauxcolonels.com/sports/womens-volleyball/roster/2025,2026-07-20T00:54:21.631921+00:00,77.0,Riverside,CA,USA,2025,False
Harper Holden,MB,FR,,Nicholls State University,DI,Southland,Southland Conference,https://geauxcolonels.com/sports/womens-volleyball/roster/2025,2026-07-20T00:54:21.631921+00:00,72.0,Greenfield,IN,USA,2025,False
Ana Clara Valentim do Vale,MB,JR,Hill College,Nicholls State University,DI,Southland,Southland Conference,https://geauxcolonels.com/sports/womens-volleyball/roster/2025,2026-07-20T00:54:21.631921+00:00,72.0,Sao Paulo,,Brazil,2025,False
Neriah Tualaulelei-Malele,S,R-SO,Cal Poly Humboldt,Nicholls State University,DI,Southland,Southland Conference,https://geauxcolonels.com/sports/womens-volleyball/roster/2025,2026-07-20T00:54:21.631921+00:00,72.0,Carson,CA,USA,2025,False
Madison Smith,OH,JR,Rollins College,Nicholls State University,DI,Southland,Southland Conference,https://geauxcolonels.com/sports/womens-volleyball/roster/2025,2026-07-20T00:54:21.631921+00:00,70.0,Winter Garden,FL,USA,2025,False
Mikayla Middleton,MB,FR,,Norfolk State University,DI,MEAC,Mid-Eastern Athletic Conf.,https://nsuspartans.com/sports/womens-volleyball/roster/2025,2026-07-20T00:54:25.070025+00:00,70.0,Roswell,GA,USA,2025,False
Jolie Faw,MB,FR,,Norfolk State University,DI,MEAC,Mid-Eastern Athletic Conf.,https://nsuspartans.com/sports/womens-volleyball/roster/2025,2026-07-20T00:54:25.070025+00:00,73.0,Williamsburg,VA,USA,2025,False
Mina Faw,OH,FR,,Norfolk State University,DI,MEAC,Mid-Eastern Athletic Conf.,https://nsuspartans.com/sports/womens-volleyball/roster/2025,2026-07-20T00:54:25.070025+00:00,72.0,Williamsburg,VA,USA,2025,False
Reagan Chisholm,MB,SO,,Norfolk State University,DI,MEAC,Mid-Eastern Athletic Conf.,https://nsuspartans.com/sports/womens-volleyball/roster/2025,2026-07-20T00:54:25.070025+00:00,71.0,Charlotte,NC,USA,2025,False
Erin Armstrong,MB,SO,,Norfolk State University,DI,MEAC,Mid-Eastern Athletic Conf.,https://nsuspartans.com/sports/womens-volleyball/roster/2025,2026-07-20T00:54:25.070025+00:00,70.0,Detroit,MI,USA,2025,False
Mary Nahinu,L/DS,FR,,Norfolk State University,DI,MEAC,Mid-Eastern Athletic Conf.,https://nsuspartans.com/sports/womens-volleyball/roster/2025,2026-07-20T00:54:25.070025+00:00,65.0,North Salt Lake,UT,USA,2025,False
Zuzia Maciejewicz,L/DS,FR,,North Carolina State University,DI,ACC,Atlantic Coast Conference,https://gopack.com/sports/womens-volleyball/roster/2025,2026-07-20T00:54:36.529607+00:00,66.0,Gorzów Wielkopolski,,Poland,2025,False
Clara Vondran,OH,JR,,North Carolina State University,DI,ACC,Atlantic Coast Conference,https://gopack.com/sports/womens-volleyball/roster/2025,2026-07-20T00:54:36.529607+00:00,71.0,Columbus,OH,USA,2025,False
Sophie Groom,MB,SR,,North Carolina State University,DI,ACC,Atlantic Coast Conference,https://gopack.com/sports/womens-volleyball/roster/2025,2026-07-20T00:54:36.529607+00:00,74.0,Orlando,FL,USA,2025,False
Alyssa Forelli,S,R-FR,,North Carolina State University,DI,ACC,Atlantic Coast Conference,https://gopack.com/sports/womens-volleyball/roster/2025,2026-07-20T00:54:36.529607+00:00,72.0,Phoenix,AZ,USA,2025,False
Hailey McFadden,MB,FR,,North Carolina State University,DI,ACC,Atlantic Coast Conference,https://gopack.com/sports/womens-volleyball/roster/2025,2026-07-20T00:54:36.529607+00:00,74.0,Denver,NC,USA,2025,False
Sa'Mya Dorsey,OPP,FR,,North Carolina State University,DI,ACC,Atlantic Coast Conference,https://gopack.com/sports/womens-volleyball/roster/2025,2026-07-20T00:54:36.529607+00:00,74.0,Phoenix,AZ,USA,2025,False
Laurna Kerr,L/DS,JR,,North Carolina State University,DI,ACC,Atlantic Coast Conference,https://gopack.com/sports/womens-volleyball/roster/2025,2026-07-20T00:54:36.529607+00:00,66.12328767123287,Raleigh,NC,USA,2025,False
Courtney Bryant,OH,SR,,North Carolina State University,DI,ACC,Atlantic Coast Conference,https://gopack.com/sports/womens-volleyball/roster/2025,2026-07-20T00:54:36.529607+00:00,72.0,Hardy,VA,USA,2025,False
Lily Cropper,MB,SR,,North Carolina State University,DI,ACC,Atlantic Coast Conference,https://gopack.com/sports/womens-volleyball/roster/2025,2026-07-20T00:54:36.529607+00:00,75.0,Lebanon,OH,USA,2025,False
Ashley Mullen,S,SO,,North Carolina State University,DI,ACC,Atlantic Coast Conference,https://gopack.com/sports/womens-volleyball/roster/2025,2026-07-20T00:54:36.529607+00:00,71.0,Kansas City,MO,USA,2025,False
Talia Francom,MB,FR,,North Carolina State University,DI,ACC,Atlantic Coast Conference,https://gopack.com/sports/womens-volleyball/roster/2025,2026-07-20T00:54:36.529607+00:00,77.0,Cary,NC,USA,2025,False
Jordan Smith,OPP,FR,,North Carolina State University,DI,ACC,Atlantic Coast Conference,https://gopack.com/sports/womens-volleyball/roster/2025,2026-07-20T00:54:36.529607+00:00,76.0,Cottleville,MO,USA,2025,False
Sydney Daniels,L/DS,SR,,North Carolina State University,DI,ACC,Atlantic Coast Conference,https://gopack.com/sports/womens-volleyball/roster/2025,2026-07-20T00:54:36.529607+00:00,66.0,Raleigh,NC,USA,2025,False
Rebecca Ring,OH,FR,,North Carolina State University,DI,ACC,Atlantic Coast Conference,https://gopack.com/sports/womens-volleyball/roster/2025,2026-07-20T00:54:36.529607+00:00,74.0,Madison,WI,USA,2025,False
Elaisa Villar,S,R-JR,,North Carolina State University,DI,ACC,Atlantic Coast Conference,https://gopack.com/sports/womens-volleyball/roster/2025,2026-07-20T00:54:36.529607+00:00,68.0,Hialeah,FL,USA,2025,False
Baily Randall,OH,SR,,North Dakota State University,DI,Summit,The Summit League,https://gobison.com/sports/womens-volleyball/roster/2025,2026-07-20T00:54:39.032925+00:00,74.0,Sioux Falls,SD,USA,2025,False
Natasha Kidd,OH,FR,,North Dakota State University,DI,Summit,The Summit League,https://gobison.com/sports/womens-volleyball/roster/2025,2026-07-20T00:54:39.032925+00:00,70.0,Gainesville,FL,USA,2025,False
Arianna Blohm,MB,JR,,North Dakota State University,DI,Summit,The Summit League,https://gobison.com/sports/womens-volleyball/roster/2025,2026-07-20T00:54:39.032925+00:00,73.0,Spring Valley,MN,USA,2025,False
Maddy Dombeck,S,SO,,North Dakota State University,DI,Summit,The Summit League,https://gobison.com/sports/womens-volleyball/roster/2025,2026-07-20T00:54:39.032925+00:00,68.0,Farmington,MN,USA,2025,False
Cathy Porter,S,JR,,North Dakota State University,DI,Summit,The Summit League,https://gobison.com/sports/womens-volleyball/roster/2025,2026-07-20T00:54:39.032925+00:00,68.0,Christchurch,,New Zealand,2025,False
Abi Banitt,L/DS,JR,SIUE,North Dakota State University,DI,Summit,The Summit League,https://gobison.com/sports/womens-volleyball/roster/2025,2026-07-20T00:54:39.032925+00:00,67.0,Prescott,WI,USA,2025,False
Emma Tallman,MB,JR,,North Dakota State University,DI,Summit,The Summit League,https://gobison.com/sports/womens-volleyball/roster/2025,2026-07-20T00:54:39.032925+00:00,74.0,Johnston,IA,USA,2025,False
Abby Carpenter,OH,FR,,North Dakota State University,DI,Summit,The Summit League,https://gobison.com/sports/womens-volleyball/roster/2025,2026-07-20T00:54:39.032925+00:00,74.0,Great Falls,MT,USA,2025,False
Rya Borer,L/DS,FR,,North Dakota State University,DI,Summit,The Summit League,https://gobison.com/sports/womens-volleyball/roster/2025,2026-07-20T00:54:39.032925+00:00,60.0,Lincoln,NE,USA,2025,False
Layla Haritatos,L/DS,SO,,North Dakota State University,DI,Summit,The Summit League,https://gobison.com/sports/womens-volleyball/roster/2025,2026-07-20T00:54:39.032925+00:00,64.0,Franklin,TN,USA,2025,False
Sadie Johnson,L/DS,R-FR,,North Dakota State University,DI,Summit,The Summit League,https://gobison.com/sports/womens-volleyball/roster/2025,2026-07-20T00:54:39.032925+00:00,63.0,Hendricks,MN,USA,2025,False
Lauren Jansen,OH,JR,,North Dakota State University,DI,Summit,The Summit League,https://gobison.com/sports/womens-volleyball/roster/2025,2026-07-20T00:54:39.032925+00:00,71.0,Plainfield,IL,USA,2025,False
Emily Bruss,S,SO,,North Dakota State University,DI,Summit,The Summit League,https://gobison.com/sports/womens-volleyball/roster/2025,2026-07-20T00:54:39.032925+00:00,71.0,Suamico,WI,USA,2025,False
Zoe John,OH,SO,Pacific,North Dakota State University,DI,Summit,The Summit League,https://gobison.com/sports/womens-volleyball/roster/2025,2026-07-20T00:54:39.032925+00:00,72.0,Queen Creek,AZ,USA,2025,False
Ally Barth,MB,SR,,North Dakota State University,DI,Summit,The Summit League,https://gobison.com/sports/womens-volleyball/roster/2025,2026-07-20T00:54:39.032925+00:00,73.0,Verona,WI,USA,2025,False
Aven Crosby,L/DS,,,Northeastern University,DI,CAA,Coastal Athletic Association,https://nuhuskies.com/sports/womens-volleyball/roster/2025,2026-07-20T00:54:41.253102+00:00,69.0,Dallas,TX,USA,2025,False
Nadia Koanui,L/DS,,,Northeastern University,DI,CAA,Coastal Athletic Association,https://nuhuskies.com/sports/womens-volleyball/roster/2025,2026-07-20T00:54:41.253102+00:00,67.0,Kapolei,HI,USA,2025,False
Sofia King,S,,,Northeastern University,DI,CAA,Coastal Athletic Association,https://nuhuskies.com/sports/womens-volleyball/roster/2025,2026-07-20T00:54:41.253102+00:00,69.0,Naples,FL,USA,2025,False
Olivia Alicante,OH,,,Northeastern University,DI,CAA,Coastal Athletic Association,https://nuhuskies.com/sports/womens-volleyball/roster/2025,2026-07-20T00:54:41.253102+00:00,70.0,North Plainfield,NJ,USA,2025,False
Reagan Nisbet,L/DS,,,Northeastern University,DI,CAA,Coastal Athletic Association,https://nuhuskies.com/sports/womens-volleyball/roster/2025,2026-07-20T00:54:41.253102+00:00,69.0,Nashville,TN,USA,2025,False
Gabby Reeves,S,,,Northeastern University,DI,CAA,Coastal Athletic Association,https://nuhuskies.com/sports/womens-volleyball/roster/2025,2026-07-20T00:54:41.253102+00:00,67.0,San Antonio,TX,USA,2025,False
Erikah Buff,MB,,,Northeastern University,DI,CAA,Coastal Athletic Association,https://nuhuskies.com/sports/womens-volleyball/roster/2025,2026-07-20T00:54:41.253102+00:00,74.0,Ponte Vedra Beach,FL,USA,2025,False
Zehra Yilmaz,MB,,,Northeastern University,DI,CAA,Coastal Athletic Association,https://nuhuskies.com/sports/womens-volleyball/roster/2025,2026-07-20T00:54:41.253102+00:00,73.0,Istanbul,,Turkey,2025,False
Beatrice Gennari,MB,,,Northeastern University,DI,CAA,Coastal Athletic Association,https://nuhuskies.com/sports/womens-volleyball/roster/2025,2026-07-20T00:54:41.253102+00:00,72.0,Monza,,Italy,2025,False
Jane Nelson,OH,,,Northeastern University,DI,CAA,Coastal Athletic Association,https://nuhuskies.com/sports/womens-volleyball/roster/2025,2026-07-20T00:54:41.253102+00:00,73.0,West Chester,PA,USA,2025,False
Kaylin Daniels,MB,,,Northeastern University,DI,CAA,Coastal Athletic Association,https://nuhuskies.com/sports/womens-volleyball/roster/2025,2026-07-20T00:54:41.253102+00:00,71.0,Sugar Land,TX,USA,2025,False
Valentina Meirelles,OH,,UC San Diego,Northeastern University,DI,CAA,Coastal Athletic Association,https://nuhuskies.com/sports/womens-volleyball/roster/2025,2026-07-20T00:54:41.253102+00:00,73.0,São Paulo,,Brazil,2025,False
Arina Sosinovica,S,,,Northeastern University,DI,CAA,Coastal Athletic Association,https://nuhuskies.com/sports/womens-volleyball/roster/2025,2026-07-20T00:54:41.253102+00:00,69.0,Valmiera,,Latvia,2025,False
Svenja Rodenbüsch,OH,,Fairfield,Northeastern University,DI,CAA,Coastal Athletic Association,https://nuhuskies.com/sports/womens-volleyball/roster/2025,2026-07-20T00:54:41.253102+00:00,71.0,Waldkirch,,Germany,2025,False
Brynn Smith,OH,,,Northeastern University,DI,CAA,Coastal Athletic Association,https://nuhuskies.com/sports/womens-volleyball/roster/2025,2026-07-20T00:54:41.253102+00:00,72.0,Long Grove,IL,USA,2025,False
Elle Lucas,OH,,,Northeastern University,DI,CAA,Coastal Athletic Association,https://nuhuskies.com/sports/womens-volleyball/roster/2025,2026-07-20T00:54:41.253102+00:00,74.0,Franklin,TN,USA,2025,False
Emma Rowell,S,,,Northeastern University,DI,CAA,Coastal Athletic Association,https://nuhuskies.com/sports/womens-volleyball/roster/2025,2026-07-20T00:54:41.253102+00:00,70.0,Torrance,CA,USA,2025,False
Sydney Mayfield,OH,,,Northeastern University,DI,CAA,Coastal Athletic Association,https://nuhuskies.com/sports/womens-volleyball/roster/2025,2026-07-20T00:54:41.253102+00:00,70.0,Washington,DC,USA,2025,False
Ellie Williams,L/DS,,,Northeastern University,DI,CAA,Coastal Athletic Association,https://nuhuskies.com/sports/womens-volleyball/roster/2025,2026-07-20T00:54:41.253102+00:00,69.0,Geneva,FL,USA,2025,False
Hanah Stoddard,OH,R-JR,Gonzaga,Northern Arizona University,DI,Big Sky,Big Sky Conference,https://nauathletics.com/sports/womens-volleyball/roster/2025,2026-07-20T00:54:43.643664+00:00,73.0,Coeur d’Alene,ID,USA,2025,False
Melia Barlow,S,R-SO,,Northern Arizona University,DI,Big Sky,Big Sky Conference,https://nauathletics.com/sports/womens-volleyball/roster/2025,2026-07-20T00:54:43.643664+00:00,68.0,Chandler,AZ,USA,2025,False
Gigi Greenlee,MB,R-SO,,Northern Arizona University,DI,Big Sky,Big Sky Conference,https://nauathletics.com/sports/womens-volleyball/roster/2025,2026-07-20T00:54:43.643664+00:00,75.0,Scottsdale,AZ,USA,2025,False
Georgi Stein,OH,FR,,Northern Arizona University,DI,Big Sky,Big Sky Conference,https://nauathletics.com/sports/womens-volleyball/roster/2025,2026-07-20T00:54:43.643664+00:00,73.0,Phoenix,AZ,USA,2025,False
Taryn Davis,S,JR,Scottsdale Community,Northern Arizona University,DI,Big Sky,Big Sky Conference,https://nauathletics.com/sports/womens-volleyball/roster/2025,2026-07-20T00:54:43.643664+00:00,67.0,Peoria,AZ,USA,2025,False
Lauren Edlund,OPP,FR,,Northern Arizona University,DI,Big Sky,Big Sky Conference,https://nauathletics.com/sports/womens-volleyball/roster/2025,2026-07-20T00:54:43.643664+00:00,73.0,Barnwell,Alberta,CAN,2025,False
Ella Hosfeld,S,JR,Westmont College,Northern Arizona University,DI,Big Sky,Big Sky Conference,https://nauathletics.com/sports/womens-volleyball/roster/2025,2026-07-20T00:54:43.643664+00:00,68.0,Coeur D'Alene,ID,USA,2025,False
Peyton Devlin,,R-FR,,Northern Arizona University,DI,Big Sky,Big Sky Conference,https://nauathletics.com/sports/womens-volleyball/roster/2025,2026-07-20T00:54:43.643664+00:00,73.0,Queen Creek,AZ,USA,2025,False
Masina Perez,,R-FR,,Northern Arizona University,DI,Big Sky,Big Sky Conference,https://nauathletics.com/sports/womens-volleyball/roster/2025,2026-07-20T00:54:43.643664+00:00,73.0,Lindon,UT,USA,2025,False
Lilly Holmes,L/DS,R-FR,,Northern Arizona University,DI,Big Sky,Big Sky Conference,https://nauathletics.com/sports/womens-volleyball/roster/2025,2026-07-20T00:54:43.643664+00:00,67.0,Parker,CO,USA,2025,False
Laney Wilson,OPP,FR,,Northern Arizona University,DI,Big Sky,Big Sky Conference,https://nauathletics.com/sports/womens-volleyball/roster/2025,2026-07-20T00:54:43.643664+00:00,72.0,Phoenix,AZ,USA,2025,False
Keira Hall,S,SR,,Northern Arizona University,DI,Big Sky,Big Sky Conference,https://nauathletics.com/sports/womens-volleyball/roster/2025,2026-07-20T00:54:43.643664+00:00,70.0,Scottsdale,AZ,USA,2025,False
Avery Gottschalk,MB,JR,,Northern Arizona University,DI,Big Sky,Big Sky Conference,https://nauathletics.com/sports/womens-volleyball/roster/2025,2026-07-20T00:54:43.643664+00:00,75.0,Rocklin,CA,USA,2025,False
Sophia Wadsworth,OPP,R-SR,,Northern Arizona University,DI,Big Sky,Big Sky Conference,https://nauathletics.com/sports/womens-volleyball/roster/2025,2026-07-20T00:54:43.643664+00:00,71.0,Scottsdale,AZ,USA,2025,False
Kylie Moran,OH,SR,,Northern Arizona University,DI,Big Sky,Big Sky Conference,https://nauathletics.com/sports/womens-volleyball/roster/2025,2026-07-20T00:54:43.643664+00:00,71.0,Phoenix,AZ,USA,2025,False
Kate Camp,MB,FR,,Northern Arizona University,DI,Big Sky,Big Sky Conference,https://nauathletics.com/sports/womens-volleyball/roster/2025,2026-07-20T00:54:43.643664+00:00,73.0,Las Vegas,NV,USA,2025,False
Ella Strausberger,S,SO,,Northern Illinois University,DI,Mid American,Mid-American Conference,https://niuhuskies.com/sports/womens-volleyball/roster/2025,2026-07-20T00:54:46.100013+00:00,70.0,Plainfield,IL,USA,2025,False
Ava Grevengoed,OH,SO,,Northern Illinois University,DI,Mid American,Mid-American Conference,https://niuhuskies.com/sports/womens-volleyball/roster/2025,2026-07-20T00:54:46.100013+00:00,71.0,Shorewood,IL,USA,2025,False
Kiana Shields,MB,FR,,Northern Illinois University,DI,Mid American,Mid-American Conference,https://niuhuskies.com/sports/womens-volleyball/roster/2025,2026-07-20T00:54:46.100013+00:00,71.0,West Chicago,IL,USA,2025,False
Kylie Schulze,S,R-JR,,Northern Illinois University,DI,Mid American,Mid-American Conference,https://niuhuskies.com/sports/womens-volleyball/roster/2025,2026-07-20T00:54:46.100013+00:00,68.0,Wonder Lake,IL,USA,2025,False
Emma McCartney,OH,SO,,Northern Illinois University,DI,Mid American,Mid-American Conference,https://niuhuskies.com/sports/womens-volleyball/roster/2025,2026-07-20T00:54:46.100013+00:00,71.0,Cleveland,OH,USA,2025,False
Sydney Robinson,OH,JR,,Northern Illinois University,DI,Mid American,Mid-American Conference,https://niuhuskies.com/sports/womens-volleyball/roster/2025,2026-07-20T00:54:46.100013+00:00,68.0,Indianapolis,IN,USA,2025,False
Rylea Alvin,MB,SO,,Northern Illinois University,DI,Mid American,Mid-American Conference,https://niuhuskies.com/sports/womens-volleyball/roster/2025,2026-07-20T00:54:46.100013+00:00,74.0,Randolph,WI,USA,2025,False
Delaney Steers,OH,FR,,Northern Illinois University,DI,Mid American,Mid-American Conference,https://niuhuskies.com/sports/womens-volleyball/roster/2025,2026-07-20T00:54:46.100013+00:00,68.0,Brownsburg,IN,USA,2025,False
Eva Finnessy,OPP,FR,,Northern Illinois University,DI,Mid American,Mid-American Conference,https://niuhuskies.com/sports/womens-volleyball/roster/2025,2026-07-20T00:54:46.100013+00:00,70.0,Pewaukee,WI,USA,2025,False
Savannah Gogel,MB,FR,,Northern Illinois University,DI,Mid American,Mid-American Conference,https://niuhuskies.com/sports/womens-volleyball/roster/2025,2026-07-20T00:54:46.100013+00:00,72.0,Santa Claus,IN,USA,2025,False
Alexa Hayes,OPP,SR,,Northern Illinois University,DI,Mid American,Mid-American Conference,https://niuhuskies.com/sports/womens-volleyball/roster/2025,2026-07-20T00:54:46.100013+00:00,70.0,Magnolia,TX,USA,2025,False
Naomi Dowd,OH,FR,,Northern Illinois University,DI,Mid American,Mid-American Conference,https://niuhuskies.com/sports/womens-volleyball/roster/2025,2026-07-20T00:54:46.100013+00:00,69.0,Aurora,IL,USA,2025,False
Autumn Flynn,MB,JR,,Northern Illinois University,DI,Mid American,Mid-American Conference,https://niuhuskies.com/sports/womens-volleyball/roster/2025,2026-07-20T00:54:46.100013+00:00,72.0,Luxemburg,WI,USA,2025,False
Jordyn Tynsky,L/DS,SO,,Northern Illinois University,DI,Mid American,Mid-American Conference,https://niuhuskies.com/sports/womens-volleyball/roster/2025,2026-07-20T00:54:46.100013+00:00,67.0,Denton,TX,USA,2025,False
Ellie Smith,S,FR,,Northern Illinois University,DI,Mid American,Mid-American Conference,https://niuhuskies.com/sports/womens-volleyball/roster/2025,2026-07-20T00:54:46.100013+00:00,65.0,Vero Beach,FL,USA,2025,False
Ava Hoying,OH,JR,,Northern Kentucky University,DI,Horizon,Horizon League,https://nkunorse.com/sports/womens-volleyball/roster/2025,2026-07-20T00:54:48.653781+00:00,72.0,Dublin,OH,USA,2025,False
Katie Noschang,OH,SO,,Northern Kentucky University,DI,Horizon,Horizon League,https://nkunorse.com/sports/womens-volleyball/roster/2025,2026-07-20T00:54:48.653781+00:00,71.0,Cincinnati,OH,USA,2025,False
Kendall Hopewell,OH,R-FR,,Northern Kentucky University,DI,Horizon,Horizon League,https://nkunorse.com/sports/womens-volleyball/roster/2025,2026-07-20T00:54:48.653781+00:00,73.0,Grand Rapids,MI,USA,2025,False
Allison Risley,OH,SO,,Northern Kentucky University,DI,Horizon,Horizon League,https://nkunorse.com/sports/womens-volleyball/roster/2025,2026-07-20T00:54:48.653781+00:00,71.0,St. Louis,MO,USA,2025,False
Jaya Parker,OH,SR,,Northern Kentucky University,DI,Horizon,Horizon League,https://nkunorse.com/sports/womens-volleyball/roster/2025,2026-07-20T00:54:48.653781+00:00,70.0,Dayton,OH,USA,2025,False
Sydney Bray,OH,JR,,Northern Kentucky University,DI,Horizon,Horizon League,https://nkunorse.com/sports/womens-volleyball/roster/2025,2026-07-20T00:54:48.653781+00:00,70.0,Woodstock,GA,USA,2025,False
Ivey Stocks,MB,JR,,Northern Kentucky University,DI,Horizon,Horizon League,https://nkunorse.com/sports/womens-volleyball/roster/2025,2026-07-20T00:54:48.653781+00:00,71.0,Cincinnati,OH,USA,2025,False
Abby Pickard,S,FR,,Northern Kentucky University,DI,Horizon,Horizon League,https://nkunorse.com/sports/womens-volleyball/roster/2025,2026-07-20T00:54:48.653781+00:00,70.0,Hastings,MI,USA,2025,False
Ashley Sess,MB,FR,,Northern Kentucky University,DI,Horizon,Horizon League,https://nkunorse.com/sports/womens-volleyball/roster/2025,2026-07-20T00:54:48.653781+00:00,75.0,Cincinnati,OH,USA,2025,False
Luci Heid,OH,FR,,Northern Kentucky University,DI,Horizon,Horizon League,https://nkunorse.com/sports/womens-volleyball/roster/2025,2026-07-20T00:54:48.653781+00:00,72.0,Cincinnati,OH,USA,2025,False
Mya Kattula,S,FR,,Oakland University,DI,Horizon,Horizon League,https://goldengrizzlies.com/sports/womens-volleyball/roster/2025,2026-07-20T00:54:56.912219+00:00,68.0,Rochester,MI,USA,2025,False
Ellen Zapp,MB,FR,,Oakland University,DI,Horizon,Horizon League,https://goldengrizzlies.com/sports/womens-volleyball/roster/2025,2026-07-20T00:54:56.912219+00:00,72.0,Greenwood,IN,USA,2025,False
Lillian Frias,MB,SO,,Oakland University,DI,Horizon,Horizon League,https://goldengrizzlies.com/sports/womens-volleyball/roster/2025,2026-07-20T00:54:56.912219+00:00,71.0,Curtice,OH,USA,2025,False
Molly Reck,OH,FR,,Oakland University,DI,Horizon,Horizon League,https://goldengrizzlies.com/sports/womens-volleyball/roster/2025,2026-07-20T00:54:56.912219+00:00,71.0,Northville,MI,USA,2025,False
Libby Smith,OH,R-SR,,Oakland University,DI,Horizon,Horizon League,https://goldengrizzlies.com/sports/womens-volleyball/roster/2025,2026-07-20T00:54:56.912219+00:00,72.0,Blissfield,MI,USA,2025,False
Ella Martin,OH,R-SR,,Oakland University,DI,Horizon,Horizon League,https://goldengrizzlies.com/sports/womens-volleyball/roster/2025,2026-07-20T00:54:56.912219+00:00,70.0,Leawood,KS,USA,2025,False
Delaney Stern,S,SO,,Oakland University,DI,Horizon,Horizon League,https://goldengrizzlies.com/sports/womens-volleyball/roster/2025,2026-07-20T00:54:56.912219+00:00,69.0,Johnsburg,IL,USA,2025,False
Anika Prisby,MB,R-JR,,Oakland University,DI,Horizon,Horizon League,https://goldengrizzlies.com/sports/womens-volleyball/roster/2025,2026-07-20T00:54:56.912219+00:00,76.0,Richmond,MI,USA,2025,False
Grace Cooney,MB,FR,,Oakland University,DI,Horizon,Horizon League,https://goldengrizzlies.com/sports/womens-volleyball/roster/2025,2026-07-20T00:54:56.912219+00:00,73.0,Hartland,MI,USA,2025,False
Mackenzie Murphy,L/DS,,,Oral Roberts University,DI,Summit,The Summit League,https://oruathletics.com/sports/womens-volleyball/roster/2025,2026-07-20T00:55:12.022486+00:00,66.0,Rocklin,CA,USA,2025,False
Farah Helmy,S,,Frank Phillips College,Oral Roberts University,DI,Summit,The Summit League,https://oruathletics.com/sports/womens-volleyball/roster/2025,2026-07-20T00:55:12.022486+00:00,70.0,Cairo,,Egypt,2025,False
Suze Zijlstra,OH,,,Oral Roberts University,DI,Summit,The Summit League,https://oruathletics.com/sports/womens-volleyball/roster/2025,2026-07-20T00:55:12.022486+00:00,70.0,Sneek,,Netherlands,2025,False
Hayden Hart,OH,,,Oral Roberts University,DI,Summit,The Summit League,https://oruathletics.com/sports/womens-volleyball/roster/2025,2026-07-20T00:55:12.022486+00:00,70.0,Omaha,NE,USA,2025,False
Mallorie Swartz,OH,,,Oral Roberts University,DI,Summit,The Summit League,https://oruathletics.com/sports/womens-volleyball/roster/2025,2026-07-20T00:55:12.022486+00:00,72.0,Lakeland,FL,USA,2025,False
Natassia Baptiste,MB,,,Oral Roberts University,DI,Summit,The Summit League,https://oruathletics.com/sports/womens-volleyball/roster/2025,2026-07-20T00:55:12.022486+00:00,73.0,Fulshear,TX,USA,2025,False
Grace Larrivee,MB,,Saint Francis University,Oral Roberts University,DI,Summit,The Summit League,https://oruathletics.com/sports/womens-volleyball/roster/2025,2026-07-20T00:55:12.022486+00:00,74.0,Emmitsburg,MD,USA,2025,False
Rachel Resta,S,,,Oral Roberts University,DI,Summit,The Summit League,https://oruathletics.com/sports/womens-volleyball/roster/2025,2026-07-20T00:55:12.022486+00:00,70.0,Mansfield,TX,USA,2025,False
Julia Carr,L/DS,,Carroll College,Oral Roberts University,DI,Summit,The Summit League,https://oruathletics.com/sports/womens-volleyball/roster/2025,2026-07-20T00:55:12.022486+00:00,67.0,Portland,OR,USA,2025,False
Elyse Dube,OH,,,Oral Roberts University,DI,Summit,The Summit League,https://oruathletics.com/sports/womens-volleyball/roster/2025,2026-07-20T00:55:12.022486+00:00,72.0,Trumbull,CT,USA,2025,False
Jenna Salyer,MB,,Austin Peay,Oral Roberts University,DI,Summit,The Summit League,https://oruathletics.com/sports/womens-volleyball/roster/2025,2026-07-20T00:55:12.022486+00:00,71.0,Temecula,CA,USA,2025,False
Cortnee Smith,OH,,,Oral Roberts University,DI,Summit,The Summit League,https://oruathletics.com/sports/womens-volleyball/roster/2025,2026-07-20T00:55:12.022486+00:00,70.0,Miami,FL,USA,2025,False
Hope Hickman,OH,,,Oral Roberts University,DI,Summit,The Summit League,https://oruathletics.com/sports/womens-volleyball/roster/2025,2026-07-20T00:55:12.022486+00:00,74.0,Tecumseh,KS,USA,2025,False
Sophie Johnson,L/DS,,South Dakota State,Oral Roberts University,DI,Summit,The Summit League,https://oruathletics.com/sports/womens-volleyball/roster/2025,2026-07-20T00:55:12.022486+00:00,68.0,Hendricks,MN,USA,2025,False
Addisen Barber,S,,,Oral Roberts University,DI,Summit,The Summit League,https://oruathletics.com/sports/womens-volleyball/roster/2025,2026-07-20T00:55:12.022486+00:00,69.0,Sioux Falls,SD,USA,2025,False
Paige Stepaniuk,L/DS,JR,,Portland State University,DI,Big Sky,Big Sky Conference,https://goviks.com/sports/womens-volleyball/roster/2025,2026-07-20T00:55:31.455362+00:00,66.0,Ridgefield,WA,USA,2025,False
Brenna Coffman,MB,FR,,Portland State University,DI,Big Sky,Big Sky Conference,https://goviks.com/sports/womens-volleyball/roster/2025,2026-07-20T00:55:31.455362+00:00,70.0,Parker,CO,USA,2025,False
Allison Panter,S,SO,,Portland State University,DI,Big Sky,Big Sky Conference,https://goviks.com/sports/womens-volleyball/roster/2025,2026-07-20T00:55:31.455362+00:00,70.0,Denver,CO,USA,2025,False
Naomi White,MB,JR,,Portland State University,DI,Big Sky,Big Sky Conference,https://goviks.com/sports/womens-volleyball/roster/2025,2026-07-20T00:55:31.455362+00:00,72.0,Las Vegas,NV,USA,2025,False
Sydney Stenson,OPP,R-JR,UNLV,Portland State University,DI,Big Sky,Big Sky Conference,https://goviks.com/sports/womens-volleyball/roster/2025,2026-07-20T00:55:31.455362+00:00,72.0,Lakewood,CO,USA,2025,False
Cali-Jo Shigemasa,L/DS,SO,,Portland State University,DI,Big Sky,Big Sky Conference,https://goviks.com/sports/womens-volleyball/roster/2025,2026-07-20T00:55:31.455362+00:00,63.0,Pearl City,HI,USA,2025,False
Elisabeth Levick,S,SO,Old Dominion,Portland State University,DI,Big Sky,Big Sky Conference,https://goviks.com/sports/womens-volleyball/roster/2025,2026-07-20T00:55:31.455362+00:00,73.0,Hillsboro,OR,USA,2025,False
Jessica Truong,L/DS,FR,,Portland State University,DI,Big Sky,Big Sky Conference,https://goviks.com/sports/womens-volleyball/roster/2025,2026-07-20T00:55:31.455362+00:00,63.0,South Jordan,UT,USA,2025,False
Katie Brewer,MB,FR,,Portland State University,DI,Big Sky,Big Sky Conference,https://goviks.com/sports/womens-volleyball/roster/2025,2026-07-20T00:55:31.455362+00:00,73.0,Gresham,OR,USA,2025,False
Amber Walker,OPP,R-FR,Sonoma State,Portland State University,DI,Big Sky,Big Sky Conference,https://goviks.com/sports/womens-volleyball/roster/2025,2026-07-20T00:55:31.455362+00:00,72.0,Tigard,OR,USA,2025,False
Alivia Eikenberg,OH,FR,,Portland State University,DI,Big Sky,Big Sky Conference,https://goviks.com/sports/womens-volleyball/roster/2025,2026-07-20T00:55:31.455362+00:00,68.0,Lone Tree,CO,USA,2025,False
Ashley Repetti,OH,FR,,Portland State University,DI,Big Sky,Big Sky Conference,https://goviks.com/sports/womens-volleyball/roster/2025,2026-07-20T00:55:31.455362+00:00,71.0,Los Alamitos,CA,USA,2025,False
Willow Watson,MB,FR,,Portland State University,DI,Big Sky,Big Sky Conference,https://goviks.com/sports/womens-volleyball/roster/2025,2026-07-20T00:55:31.455362+00:00,74.0,Las Vegas,NV,USA,2025,False
Reese Biesemeyer,MB,SO,,Portland State University,DI,Big Sky,Big Sky Conference,https://goviks.com/sports/womens-volleyball/roster/2025,2026-07-20T00:55:31.455362+00:00,73.0,Chandler,AZ,USA,2025,False
Ava Blascziek,S,JR,Temple University,Portland State University,DI,Big Sky,Big Sky Conference,https://goviks.com/sports/womens-volleyball/roster/2025,2026-07-20T00:55:31.455362+00:00,70.0,Lakeville,MN,USA,2025,False
Tyra Schaub,OH,SR,Gonzaga,Portland State University,DI,Big Sky,Big Sky Conference,https://goviks.com/sports/womens-volleyball/roster/2025,2026-07-20T00:55:31.455362+00:00,72.0,Vancouver,WA,USA,2025,False
Lili Smith,S,FR,,Purdue University Fort Wayne,DI,Horizon,Horizon League,https://gomastodons.com/sports/womens-volleyball/roster/2025,2026-07-20T00:55:54.503448+00:00,71.0,Flushing,MI,USA,2025,False
Meg Berkland,L/DS,SO,,Purdue University Fort Wayne,DI,Horizon,Horizon League,https://gomastodons.com/sports/womens-volleyball/roster/2025,2026-07-20T00:55:54.503448+00:00,65.0,Williamsburg,IA,USA,2025,False
Becky Barrett,L/DS,JR,,Purdue University Fort Wayne,DI,Horizon,Horizon League,https://gomastodons.com/sports/womens-volleyball/roster/2025,2026-07-20T00:55:54.503448+00:00,64.0,Athens,IL,USA,2025,False
Mya Plemons,MB,SO,,Purdue University Fort Wayne,DI,Horizon,Horizon League,https://gomastodons.com/sports/womens-volleyball/roster/2025,2026-07-20T00:55:54.503448+00:00,71.0,Huntington,IN,USA,2025,False
Riley Rosneck,OH,SO,,Purdue University Fort Wayne,DI,Horizon,Horizon League,https://gomastodons.com/sports/womens-volleyball/roster/2025,2026-07-20T00:55:54.503448+00:00,72.0,Cleveland,OH,USA,2025,False
Miona Dimitric,OH,SO,,Purdue University Fort Wayne,DI,Horizon,Horizon League,https://gomastodons.com/sports/womens-volleyball/roster/2025,2026-07-20T00:55:54.503448+00:00,72.0,Backa Palanka,,Serbia,2025,False
Trinity Rye,OH,FR,,Purdue University Fort Wayne,DI,Horizon,Horizon League,https://gomastodons.com/sports/womens-volleyball/roster/2025,2026-07-20T00:55:54.503448+00:00,71.0,San Diego,CA,USA,2025,False
Haiden Means,S,FR,,Purdue University Fort Wayne,DI,Horizon,Horizon League,https://gomastodons.com/sports/womens-volleyball/roster/2025,2026-07-20T00:55:54.503448+00:00,69.0,Madison,IN,USA,2025,False
Stephani Winzeler,L/DS,FR,,Purdue University Fort Wayne,DI,Horizon,Horizon League,https://gomastodons.com/sports/womens-volleyball/roster/2025,2026-07-20T00:55:54.503448+00:00,68.0,Toledo,OH,USA,2025,False
Kennedy McCants,MB,JR,,Purdue University Fort Wayne,DI,Horizon,Horizon League,https://gomastodons.com/sports/womens-volleyball/roster/2025,2026-07-20T00:55:54.503448+00:00,71.0,North Augusta,SC,USA,2025,False
Bella DiBuono,MB,FR,,Purdue University Fort Wayne,DI,Horizon,Horizon League,https://gomastodons.com/sports/womens-volleyball/roster/2025,2026-07-20T00:55:54.503448+00:00,74.0,Tallahassee,FL,USA,2025,False
Avery Parris,OPP,SO,Southern Illinois,Purdue University Fort Wayne,DI,Horizon,Horizon League,https://gomastodons.com/sports/womens-volleyball/roster/2025,2026-07-20T00:55:54.503448+00:00,74.0,Evansville,IN,USA,2025,False
Jena Medearis,MB,SR,,Purdue University Fort Wayne,DI,Horizon,Horizon League,https://gomastodons.com/sports/womens-volleyball/roster/2025,2026-07-20T00:55:54.503448+00:00,72.0,Nixa,MO,USA,2025,False
Iris Riegel,OH,SR,,Purdue University Fort Wayne,DI,Horizon,Horizon League,https://gomastodons.com/sports/womens-volleyball/roster/2025,2026-07-20T00:55:54.503448+00:00,73.0,Kettering,OH,USA,2025,False
Leilani-kai Giusta,OH,,,Quinnipiac University,DI,MAAC,Metro Atlantic Athletic Conference,https://gobobcats.com/sports/womens-volleyball/roster/2025,2026-07-20T00:56:00.073457+00:00,72.0,Kane’ohe,HI,USA,2025,False
Yasmina Baum,L/DS,,,Quinnipiac University,DI,MAAC,Metro Atlantic Athletic Conference,https://gobobcats.com/sports/womens-volleyball/roster/2025,2026-07-20T00:56:00.073457+00:00,65.0,Ferney-Voltaire,,France,2025,False
Yagmur Gunes,OH,,,Quinnipiac University,DI,MAAC,Metro Atlantic Athletic Conference,https://gobobcats.com/sports/womens-volleyball/roster/2025,2026-07-20T00:56:00.073457+00:00,68.0,Bursa,,Turkey,2025,False
Milena Silva,MB,,,Quinnipiac University,DI,MAAC,Metro Atlantic Athletic Conference,https://gobobcats.com/sports/womens-volleyball/roster/2025,2026-07-20T00:56:00.073457+00:00,71.0,Sao Caetano,,Brazil,2025,False
Carola Negron Diaz,L/DS,,,Quinnipiac University,DI,MAAC,Metro Atlantic Athletic Conference,https://gobobcats.com/sports/womens-volleyball/roster/2025,2026-07-20T00:56:00.073457+00:00,64.0,San Juan,,PR,2025,False
Vittoria Tonelli,OH,,,Quinnipiac University,DI,MAAC,Metro Atlantic Athletic Conference,https://gobobcats.com/sports/womens-volleyball/roster/2025,2026-07-20T00:56:00.073457+00:00,71.0,Fano,,Italy,2025,False
Asia Belli,MB,,,Quinnipiac University,DI,MAAC,Metro Atlantic Athletic Conference,https://gobobcats.com/sports/womens-volleyball/roster/2025,2026-07-20T00:56:00.073457+00:00,71.0,Cassina De Pecchi,,Italy,2025,False
Tuana Turhan,MB,,,Quinnipiac University,DI,MAAC,Metro Atlantic Athletic Conference,https://gobobcats.com/sports/womens-volleyball/roster/2025,2026-07-20T00:56:00.073457+00:00,73.0,Ankara,,Turkey,2025,False
Klara Olszewska,S,,,Quinnipiac University,DI,MAAC,Metro Atlantic Athletic Conference,https://gobobcats.com/sports/womens-volleyball/roster/2025,2026-07-20T00:56:00.073457+00:00,72.0,Poznan,Wielkopolska,Poland,2025,False
Ginevra Giovagnoni,OH,,,Quinnipiac University,DI,MAAC,Metro Atlantic Athletic Conference,https://gobobcats.com/sports/womens-volleyball/roster/2025,2026-07-20T00:56:00.073457+00:00,68.0,Montale Rangone,,Italy,2025,False
Damla Gunes,S,,,Quinnipiac University,DI,MAAC,Metro Atlantic Athletic Conference,https://gobobcats.com/sports/womens-volleyball/roster/2025,2026-07-20T00:56:00.073457+00:00,68.0,Bursa,,Turkey,2025,False
Azra Ozbiltekin,OPP,,,Quinnipiac University,DI,MAAC,Metro Atlantic Athletic Conference,https://gobobcats.com/sports/womens-volleyball/roster/2025,2026-07-20T00:56:00.073457+00:00,71.0,Fethiye,Mugla,Turkey,2025,False
Sahra Ozbiltekin,OH,,,Quinnipiac University,DI,MAAC,Metro Atlantic Athletic Conference,https://gobobcats.com/sports/womens-volleyball/roster/2025,2026-07-20T00:56:00.073457+00:00,71.0,Fethiye,Mugla,Turkey,2025,False
Cynthia Skenderi,OPP,,,Quinnipiac University,DI,MAAC,Metro Atlantic Athletic Conference,https://gobobcats.com/sports/womens-volleyball/roster/2025,2026-07-20T00:56:00.073457+00:00,72.0,Little Neck,NY,USA,2025,False
Mona Zehaf,,,,Quinnipiac University,DI,MAAC,Metro Atlantic Athletic Conference,https://gobobcats.com/sports/womens-volleyball/roster/2025,2026-07-20T00:56:00.073457+00:00,70.7984734270275,Wallingford,CT,USA,2025,False
Madison Daley,OPP,FR,,Rider University,DI,MAAC,Metro Atlantic Athletic Conference,https://gobroncs.com/sports/womens-volleyball/roster/2025,2026-07-20T00:56:08.428625+00:00,71.0,Appleton,WI,USA,2025,False
Annabell Zachritz,MB,FR,,Rider University,DI,MAAC,Metro Atlantic Athletic Conference,https://gobroncs.com/sports/womens-volleyball/roster/2025,2026-07-20T00:56:08.428625+00:00,73.0,Gainesville,FL,USA,2025,False
Brynn Johnson,OH,SR,,Rider University,DI,MAAC,Metro Atlantic Athletic Conference,https://gobroncs.com/sports/womens-volleyball/roster/2025,2026-07-20T00:56:08.428625+00:00,73.0,River Falls,WI,USA,2025,False
Molly Rohde,MB,JR,,Rider University,DI,MAAC,Metro Atlantic Athletic Conference,https://gobroncs.com/sports/womens-volleyball/roster/2025,2026-07-20T00:56:08.428625+00:00,73.0,Hortonville,WI,USA,2025,False
Rylah Robinson,OH,JR,,Rider University,DI,MAAC,Metro Atlantic Athletic Conference,https://gobroncs.com/sports/womens-volleyball/roster/2025,2026-07-20T00:56:08.428625+00:00,70.0,Fairfax,VA,USA,2025,False
Anji Vishwanathan,MB,SR,,Rider University,DI,MAAC,Metro Atlantic Athletic Conference,https://gobroncs.com/sports/womens-volleyball/roster/2025,2026-07-20T00:56:08.428625+00:00,73.0,Wilmington,DE,USA,2025,False
Makenna Mason,S,JR,,Rider University,DI,MAAC,Metro Atlantic Athletic Conference,https://gobroncs.com/sports/womens-volleyball/roster/2025,2026-07-20T00:56:08.428625+00:00,72.0,Hilton Head Island,SC,USA,2025,False
Kiannisha Santiago,OPP,SR,,Rider University,DI,MAAC,Metro Atlantic Athletic Conference,https://gobroncs.com/sports/womens-volleyball/roster/2025,2026-07-20T00:56:08.428625+00:00,72.0,San Juan,,PR,2025,False
Carley McAleavey,MB,GR,,Rider University,DI,MAAC,Metro Atlantic Athletic Conference,https://gobroncs.com/sports/womens-volleyball/roster/2025,2026-07-20T00:56:08.428625+00:00,73.0,Smithtown,NY,USA,2025,False
Katie Cook,S,JR,,Rider University,DI,MAAC,Metro Atlantic Athletic Conference,https://gobroncs.com/sports/womens-volleyball/roster/2025,2026-07-20T00:56:08.428625+00:00,70.0,Stanley,NC,USA,2025,False
Erynn Gotsch,OH,FR,,Rider University,DI,MAAC,Metro Atlantic Athletic Conference,https://gobroncs.com/sports/womens-volleyball/roster/2025,2026-07-20T00:56:08.428625+00:00,71.0,DeLand,FL,USA,2025,False
Cecilia DeCaro,OH,FR,,Rider University,DI,MAAC,Metro Atlantic Athletic Conference,https://gobroncs.com/sports/womens-volleyball/roster/2025,2026-07-20T00:56:08.428625+00:00,71.0,Wilmington,DE,USA,2025,False
Anja Kelly,OPP,JR,,Rider University,DI,MAAC,Metro Atlantic Athletic Conference,https://gobroncs.com/sports/womens-volleyball/roster/2025,2026-07-20T00:56:08.428625+00:00,72.0,Naperville,IL,USA,2025,False
Jocelyn Jourdan,OH,JR,,Robert Morris University,DI,Horizon,Horizon League,https://rmucolonials.com/sports/womens-volleyball/roster/2025,2026-07-20T00:56:10.873382+00:00,74.0,Austintown,OH,USA,2025,False
Tia Schultz,OPP,FR,,Robert Morris University,DI,Horizon,Horizon League,https://rmucolonials.com/sports/womens-volleyball/roster/2025,2026-07-20T00:56:10.873382+00:00,72.57241379310345,Dexter,MI,USA,2025,False
Natalie Stepanovich,OH,JR,,Robert Morris University,DI,Horizon,Horizon League,https://rmucolonials.com/sports/womens-volleyball/roster/2025,2026-07-20T00:56:10.873382+00:00,71.0,Canton,OH,USA,2025,False
Addyson Butts,MB,FR,,Robert Morris University,DI,Horizon,Horizon League,https://rmucolonials.com/sports/womens-volleyball/roster/2025,2026-07-20T00:56:10.873382+00:00,73.15611814345992,Washington Courthouse,OH,USA,2025,False
Isabelle Jackson,S,FR,,Robert Morris University,DI,Horizon,Horizon League,https://rmucolonials.com/sports/womens-volleyball/roster/2025,2026-07-20T00:56:10.873382+00:00,69.69760479041916,Westfield,IN,USA,2025,False
Hillarie Adams,OPP,SR,,Robert Morris University,DI,Horizon,Horizon League,https://rmucolonials.com/sports/womens-volleyball/roster/2025,2026-07-20T00:56:10.873382+00:00,70.0,Haymarket,VA,USA,2025,False
Layla Todd,OH,FR,,Robert Morris University,DI,Horizon,Horizon League,https://rmucolonials.com/sports/womens-volleyball/roster/2025,2026-07-20T00:56:10.873382+00:00,71.45390070921985,Austin,TX,USA,2025,False
Azra Eric,MB,JR,,Robert Morris University,DI,Horizon,Horizon League,https://rmucolonials.com/sports/womens-volleyball/roster/2025,2026-07-20T00:56:10.873382+00:00,74.0,Kocaeli,,Turkey,2025,False
Madison Floyd,MB,GR,,Robert Morris University,DI,Horizon,Horizon League,https://rmucolonials.com/sports/womens-volleyball/roster/2025,2026-07-20T00:56:10.873382+00:00,73.15611814345992,Westampton,NJ,USA,2025,False
Natalie Frost,OH,SO,,Robert Morris University,DI,Horizon,Horizon League,https://rmucolonials.com/sports/womens-volleyball/roster/2025,2026-07-20T00:56:10.873382+00:00,72.0,Fulton,NY,USA,2025,False
Keira Hornung,MB,SO,,Robert Morris University,DI,Horizon,Horizon League,https://rmucolonials.com/sports/womens-volleyball/roster/2025,2026-07-20T00:56:10.873382+00:00,75.0,Havertown,PA,USA,2025,False
Addison Fowler,L/DS,FR,,Robert Morris University,DI,Horizon,Horizon League,https://rmucolonials.com/sports/womens-volleyball/roster/2025,2026-07-20T00:56:10.873382+00:00,66.12328767123287,Zelienople,PA,USA,2025,False
Eliana Rodgers,OH,SR,,Sacred Heart University,DI,MAAC,Metro Atlantic Athletic Conference,https://sacredheartpioneers.com/sports/womens-volleyball/roster/2025,2026-07-20T00:56:16.696230+00:00,71.45390070921985,York,PA,USA,2025,False
Taylor Pratt,S,FR,,Sacred Heart University,DI,MAAC,Metro Atlantic Athletic Conference,https://sacredheartpioneers.com/sports/womens-volleyball/roster/2025,2026-07-20T00:56:16.696230+00:00,69.69760479041916,Kaneohe,HI,USA,2025,False
Lauren Hubert,OH,JR,,Sacred Heart University,DI,MAAC,Metro Atlantic Athletic Conference,https://sacredheartpioneers.com/sports/womens-volleyball/roster/2025,2026-07-20T00:56:16.696230+00:00,71.45390070921985,Buffalo,NY,USA,2025,False
Miliani Villarreal,L/DS,SO,,Sacred Heart University,DI,MAAC,Metro Atlantic Athletic Conference,https://sacredheartpioneers.com/sports/womens-volleyball/roster/2025,2026-07-20T00:56:16.696230+00:00,66.12328767123287,Murrieta,CA,USA,2025,False
Tiana Brasby,L/DS,JR,,Sacred Heart University,DI,MAAC,Metro Atlantic Athletic Conference,https://sacredheartpioneers.com/sports/womens-volleyball/roster/2025,2026-07-20T00:56:16.696230+00:00,66.12328767123287,Ashburn,VA,USA,2025,False
Brielle Laferriere,S,SO,,Sacred Heart University,DI,MAAC,Metro Atlantic Athletic Conference,https://sacredheartpioneers.com/sports/womens-volleyball/roster/2025,2026-07-20T00:56:16.696230+00:00,69.69760479041916,Shelton,CT,USA,2025,False
Ava Roodbol,S,JR,,Sacred Heart University,DI,MAAC,Metro Atlantic Athletic Conference,https://sacredheartpioneers.com/sports/womens-volleyball/roster/2025,2026-07-20T00:56:16.696230+00:00,69.69760479041916,Toronto,,Canada,2025,False
Cristina Montanez,MB,GR,,Sacred Heart University,DI,MAAC,Metro Atlantic Athletic Conference,https://sacredheartpioneers.com/sports/womens-volleyball/roster/2025,2026-07-20T00:56:16.696230+00:00,73.15611814345992,East Stroudsburg,PA,USA,2025,False
Georgia Murphy,OH,JR,,Sacred Heart University,DI,MAAC,Metro Atlantic Athletic Conference,https://sacredheartpioneers.com/sports/womens-volleyball/roster/2025,2026-07-20T00:56:16.696230+00:00,71.45390070921985,Plano,TX,USA,2025,False
Kelli Ennis,L/DS,FR,,Sacred Heart University,DI,MAAC,Metro Atlantic Athletic Conference,https://sacredheartpioneers.com/sports/womens-volleyball/roster/2025,2026-07-20T00:56:16.696230+00:00,66.12328767123287,Trumbull,CT,USA,2025,False
Ryleigh Short,OH,FR,,Sacred Heart University,DI,MAAC,Metro Atlantic Athletic Conference,https://sacredheartpioneers.com/sports/womens-volleyball/roster/2025,2026-07-20T00:56:16.696230+00:00,71.45390070921985,Canyon Lake,CA,USA,2025,False
Molly Newton,MB,SO,,Sacred Heart University,DI,MAAC,Metro Atlantic Athletic Conference,https://sacredheartpioneers.com/sports/womens-volleyball/roster/2025,2026-07-20T00:56:16.696230+00:00,73.15611814345992,Denville,NJ,USA,2025,False
Addison Murphy,L/DS,SO,,Sacred Heart University,DI,MAAC,Metro Atlantic Athletic Conference,https://sacredheartpioneers.com/sports/womens-volleyball/roster/2025,2026-07-20T00:56:16.696230+00:00,66.12328767123287,Hudson,MA,USA,2025,False
Emily Sawyer,MB,JR,,Sacred Heart University,DI,MAAC,Metro Atlantic Athletic Conference,https://sacredheartpioneers.com/sports/womens-volleyball/roster/2025,2026-07-20T00:56:16.696230+00:00,73.15611814345992,Wrentham,MA,USA,2025,False
Gracie DiNardo,OPP,SR,,Sacred Heart University,DI,MAAC,Metro Atlantic Athletic Conference,https://sacredheartpioneers.com/sports/womens-volleyball/roster/2025,2026-07-20T00:56:16.696230+00:00,72.57241379310345,Lexington,KY,USA,2025,False
Samantha Alberghini,MB,FR,,Sacred Heart University,DI,MAAC,Metro Atlantic Athletic Conference,https://sacredheartpioneers.com/sports/womens-volleyball/roster/2025,2026-07-20T00:56:16.696230+00:00,73.15611814345992,Guilford,CT,USA,2025,False
Abbie Hagedorn,OH,FR,,Sacred Heart University,DI,MAAC,Metro Atlantic Athletic Conference,https://sacredheartpioneers.com/sports/womens-volleyball/roster/2025,2026-07-20T00:56:16.696230+00:00,71.45390070921985,Omaha,NE,USA,2025,False
Katie Lam,L/DS,SO,,Sacred Heart University,DI,MAAC,Metro Atlantic Athletic Conference,https://sacredheartpioneers.com/sports/womens-volleyball/roster/2025,2026-07-20T00:56:16.696230+00:00,66.12328767123287,Queens,NY,USA,2025,False
Nevaeh Ingram,OH,FR,,Saint Francis University,DI,NEC,Northeast Conference,https://sfuathletics.com/sports/womens-volleyball/roster/2025,2026-07-20T00:56:19.255189+00:00,68.0,Rocky Mount,NC,USA,2025,False
Aaliyah Toppin,OH,SO,,Saint Francis University,DI,NEC,Northeast Conference,https://sfuathletics.com/sports/womens-volleyball/roster/2025,2026-07-20T00:56:19.255189+00:00,69.0,Fort Worth,TX,USA,2025,False
Korrin Burns,OH,SR,,Saint Francis University,DI,NEC,Northeast Conference,https://sfuathletics.com/sports/womens-volleyball/roster/2025,2026-07-20T00:56:19.255189+00:00,70.0,Clarion,PA,USA,2025,False
Ava Holden,MB,R-JR,,Saint Francis University,DI,NEC,Northeast Conference,https://sfuathletics.com/sports/womens-volleyball/roster/2025,2026-07-20T00:56:19.255189+00:00,72.0,Macungie,PA,USA,2025,False
Elsa Richards,S,SO,,Saint Francis University,DI,NEC,Northeast Conference,https://sfuathletics.com/sports/womens-volleyball/roster/2025,2026-07-20T00:56:19.255189+00:00,72.0,Wilmington,MA,USA,2025,False
Alexandra Sappia,S,R-JR,,Saint Francis University,DI,NEC,Northeast Conference,https://sfuathletics.com/sports/womens-volleyball/roster/2025,2026-07-20T00:56:19.255189+00:00,68.0,West Palm Beach,FL,USA,2025,False
A'Miyrie Anderson,MB,FR,,Sam Houston State University,DI,CUSA,Conference USA,https://gobearkats.com/sports/womens-volleyball/roster/2025,2026-07-20T00:56:30.123902+00:00,68.0,Cypress,TX,USA,2025,False
Avery Fowler,S,SR,,Sam Houston State University,DI,CUSA,Conference USA,https://gobearkats.com/sports/womens-volleyball/roster/2025,2026-07-20T00:56:30.123902+00:00,68.0,Spring,TX,USA,2025,False
Shaelin White,L/DS,SO,,Sam Houston State University,DI,CUSA,Conference USA,https://gobearkats.com/sports/womens-volleyball/roster/2025,2026-07-20T00:56:30.123902+00:00,67.0,Houston,TX,USA,2025,False
Chloe Monson,OH,FR,,Sam Houston State University,DI,CUSA,Conference USA,https://gobearkats.com/sports/womens-volleyball/roster/2025,2026-07-20T00:56:30.123902+00:00,70.0,San Antonio,TX,USA,2025,False
Audrey Terry,S,SO,,Sam Houston State University,DI,CUSA,Conference USA,https://gobearkats.com/sports/womens-volleyball/roster/2025,2026-07-20T00:56:30.123902+00:00,66.0,Spring,TX,USA,2025,False
Carleigh Schluter,S,FR,,Sam Houston State University,DI,CUSA,Conference USA,https://gobearkats.com/sports/womens-volleyball/roster/2025,2026-07-20T00:56:30.123902+00:00,68.0,Spring,TX,USA,2025,False
Chelsea Butler,MB,SO,,Sam Houston State University,DI,CUSA,Conference USA,https://gobearkats.com/sports/womens-volleyball/roster/2025,2026-07-20T00:56:30.123902+00:00,74.0,Huntsville,TX,USA,2025,False
Ella Folse,OPP,JR,,Sam Houston State University,DI,CUSA,Conference USA,https://gobearkats.com/sports/womens-volleyball/roster/2025,2026-07-20T00:56:30.123902+00:00,72.0,Fulshear,TX,USA,2025,False
Kara Wynn,OH,SO,,Sam Houston State University,DI,CUSA,Conference USA,https://gobearkats.com/sports/womens-volleyball/roster/2025,2026-07-20T00:56:30.123902+00:00,72.0,Austin,TX,USA,2025,False
Ava Kostroun,MB,FR,,Sam Houston State University,DI,CUSA,Conference USA,https://gobearkats.com/sports/womens-volleyball/roster/2025,2026-07-20T00:56:30.123902+00:00,73.0,Georgetown,TX,USA,2025,False
Rachelle Reed,OPP,JR,,Sam Houston State University,DI,CUSA,Conference USA,https://gobearkats.com/sports/womens-volleyball/roster/2025,2026-07-20T00:56:30.123902+00:00,70.0,Pearland,TX,USA,2025,False
Avery Pruitt,L/DS,FR,,Sam Houston State University,DI,CUSA,Conference USA,https://gobearkats.com/sports/womens-volleyball/roster/2025,2026-07-20T00:56:30.123902+00:00,67.0,Fulshear,TX,USA,2025,False
Lauren Malone,OH,GR,,Sam Houston State University,DI,CUSA,Conference USA,https://gobearkats.com/sports/womens-volleyball/roster/2025,2026-07-20T00:56:30.123902+00:00,70.0,Round Rock,TX,USA,2025,False
Michaela Panekova,OPP,JR,,Sam Houston State University,DI,CUSA,Conference USA,https://gobearkats.com/sports/womens-volleyball/roster/2025,2026-07-20T00:56:30.123902+00:00,73.0,Zilina,,Slovakia,2025,False
Lillian Hamilton,OH,SO,,Sam Houston State University,DI,CUSA,Conference USA,https://gobearkats.com/sports/womens-volleyball/roster/2025,2026-07-20T00:56:30.123902+00:00,72.0,Fort Worth,TX,USA,2025,False
Bella Wood,OH,FR,,Sam Houston State University,DI,CUSA,Conference USA,https://gobearkats.com/sports/womens-volleyball/roster/2025,2026-07-20T00:56:30.123902+00:00,71.0,Frisco,TX,USA,2025,False
Carly Minatel,L/DS,SO,Heritage Christian,Samford University,DI,Southern,Southern Conference,https://samfordsports.com/sports/womens-volleyball/roster/2025,2026-07-20T00:56:32.438980+00:00,65.0,Indianapolis,IN,USA,2025,False
Samantha Horn,S,SR,Joliet Catholic Academy,Samford University,DI,Southern,Southern Conference,https://samfordsports.com/sports/womens-volleyball/roster/2025,2026-07-20T00:56:32.438980+00:00,70.0,Plainfield,IL,USA,2025,False
Brianna Hamilton,OH,SO,Centennial HS,Samford University,DI,Southern,Southern Conference,https://samfordsports.com/sports/womens-volleyball/roster/2025,2026-07-20T00:56:32.438980+00:00,71.0,Frisco,TX,USA,2025,False
Kaleigh Meritt,OH,R-JR,FJ Reitz HS,Samford University,DI,Southern,Southern Conference,https://samfordsports.com/sports/womens-volleyball/roster/2025,2026-07-20T00:56:32.438980+00:00,74.0,Evansville,IN,USA,2025,False
Shea Bruntmyer,S,SO,LSU,Samford University,DI,Southern,Southern Conference,https://samfordsports.com/sports/womens-volleyball/roster/2025,2026-07-20T00:56:32.438980+00:00,69.0,Abilene,TX,USA,2025,False
Brooklyn Drumwright,OH,FR,Santa Margarita Catholic HS,Samford University,DI,Southern,Southern Conference,https://samfordsports.com/sports/womens-volleyball/roster/2025,2026-07-20T00:56:32.438980+00:00,72.0,San Clemente,CA,USA,2025,False
Ashley Evans,MB,R-SO,Lake Mary HS,Samford University,DI,Southern,Southern Conference,https://samfordsports.com/sports/womens-volleyball/roster/2025,2026-07-20T00:56:32.438980+00:00,74.0,Lake Mary,FL,USA,2025,False
Tatelyn Brandsma,S,FR,Lutheran HS,Samford University,DI,Southern,Southern Conference,https://samfordsports.com/sports/womens-volleyball/roster/2025,2026-07-20T00:56:32.438980+00:00,72.0,Parker,CO,USA,2025,False
Emma Sorensen,L/DS,FR,Lafayette HS,Samford University,DI,Southern,Southern Conference,https://samfordsports.com/sports/womens-volleyball/roster/2025,2026-07-20T00:56:32.438980+00:00,66.0,Lexington,KY,USA,2025,False
Sydney Waller,OPP,R-FR,,Samford University,DI,Southern,Southern Conference,https://samfordsports.com/sports/womens-volleyball/roster/2025,2026-07-20T00:56:32.438980+00:00,74.0,Hudson,OH,USA,2025,False
Ally Cordes,OH,JR,Wyoming HS,Samford University,DI,Southern,Southern Conference,https://samfordsports.com/sports/womens-volleyball/roster/2025,2026-07-20T00:56:32.438980+00:00,73.0,Wyoming,OH,USA,2025,False
Greer Golden,MB,SR,Mountain Brook HS,Samford University,DI,Southern,Southern Conference,https://samfordsports.com/sports/womens-volleyball/roster/2025,2026-07-20T00:56:32.438980+00:00,74.0,Mountain Brook,AL,USA,2025,False
Janie Stinchcomb,MB,R-SO,Greater Atlanta Christian School,Samford University,DI,Southern,Southern Conference,https://samfordsports.com/sports/womens-volleyball/roster/2025,2026-07-20T00:56:32.438980+00:00,75.0,Duluth,GA,USA,2025,False
Sophia Plasman,OH,R-JR,Caldwell Academy,Samford University,DI,Southern,Southern Conference,https://samfordsports.com/sports/womens-volleyball/roster/2025,2026-07-20T00:56:32.438980+00:00,72.0,Greensboro,NC,USA,2025,False
Amelia Johnston,L/DS,R-JR,Collierville HS,Samford University,DI,Southern,Southern Conference,https://samfordsports.com/sports/womens-volleyball/roster/2025,2026-07-20T00:56:32.438980+00:00,65.0,Collierville,TN,USA,2025,False
Mason Woo,L/DS,SR,,Seton Hall University,DI,Big East,Big East Conference,https://shupirates.com/sports/womens-volleyball/roster/2025,2026-07-20T00:57:07.858806+00:00,66.12328767123287,Burbank,CA,USA,2025,False
Hania Labanowska,OH,SO,,Seton Hall University,DI,Big East,Big East Conference,https://shupirates.com/sports/womens-volleyball/roster/2025,2026-07-20T00:57:07.858806+00:00,71.45390070921985,Olszewnica Stara,,Poland,2025,False
Rowan Carr,L/DS,FR,,Seton Hall University,DI,Big East,Big East Conference,https://shupirates.com/sports/womens-volleyball/roster/2025,2026-07-20T00:57:07.858806+00:00,66.12328767123287,Lakeville,MN,USA,2025,False
Asli Subasili,MB,SR,,Seton Hall University,DI,Big East,Big East Conference,https://shupirates.com/sports/womens-volleyball/roster/2025,2026-07-20T00:57:07.858806+00:00,73.15611814345992,Tekirdag,,Turkey,2025,False
Alexis Opland,S,FR,,Seton Hall University,DI,Big East,Big East Conference,https://shupirates.com/sports/womens-volleyball/roster/2025,2026-07-20T00:57:07.858806+00:00,69.69760479041916,Woodbury,MN,USA,2025,False
Loukia Papadakos,MB,JR,,Seton Hall University,DI,Big East,Big East Conference,https://shupirates.com/sports/womens-volleyball/roster/2025,2026-07-20T00:57:07.858806+00:00,73.15611814345992,Stoufville,ON,CAN,2025,False
Rylee Nelson,L/DS,JR,,Seton Hall University,DI,Big East,Big East Conference,https://shupirates.com/sports/womens-volleyball/roster/2025,2026-07-20T00:57:07.858806+00:00,66.12328767123287,Mazeppa,MN,USA,2025,False
Kennedy Horn,MB,FR,,Seton Hall University,DI,Big East,Big East Conference,https://shupirates.com/sports/womens-volleyball/roster/2025,2026-07-20T00:57:07.858806+00:00,73.15611814345992,Columbus,IN,USA,2025,False
Maddy Loiselle,OPP,JR,,Seton Hall University,DI,Big East,Big East Conference,https://shupirates.com/sports/womens-volleyball/roster/2025,2026-07-20T00:57:07.858806+00:00,72.57241379310345,Tampa,FL,USA,2025,False
Emilee Fuller,S,FR,,Seton Hall University,DI,Big East,Big East Conference,https://shupirates.com/sports/womens-volleyball/roster/2025,2026-07-20T00:57:07.858806+00:00,69.69760479041916,Louisville,KY,USA,2025,False
Gwen Adler,S,SO,,Seton Hall University,DI,Big East,Big East Conference,https://shupirates.com/sports/womens-volleyball/roster/2025,2026-07-20T00:57:07.858806+00:00,69.69760479041916,Barrington,IL,USA,2025,False
Senna Roberts-Navarro,OH,JR,,Seton Hall University,DI,Big East,Big East Conference,https://shupirates.com/sports/womens-volleyball/roster/2025,2026-07-20T00:57:07.858806+00:00,71.45390070921985,Honolulu,HI,USA,2025,False
Sadie Reich,OH,FR,,Seton Hall University,DI,Big East,Big East Conference,https://shupirates.com/sports/womens-volleyball/roster/2025,2026-07-20T00:57:07.858806+00:00,71.45390070921985,Wantagh,NY,USA,2025,False
Daria Safian,OH,FR,,Seton Hall University,DI,Big East,Big East Conference,https://shupirates.com/sports/womens-volleyball/roster/2025,2026-07-20T00:57:07.858806+00:00,71.45390070921985,Moscow,,Russia,2025,False
Alex Rasmussen,MB,FR,,Seton Hall University,DI,Big East,Big East Conference,https://shupirates.com/sports/womens-volleyball/roster/2025,2026-07-20T00:57:07.858806+00:00,73.15611814345992,Lincoln,NE,USA,2025,False
Grace Turner,MB,SO,,Seton Hall University,DI,Big East,Big East Conference,https://shupirates.com/sports/womens-volleyball/roster/2025,2026-07-20T00:57:07.858806+00:00,73.15611814345992,La Grange Highlands,IL,USA,2025,False
Oliwia Majtyka,S,JR,,Siena University,DI,MAAC,Metro Atlantic Athletic Conference,https://sienasaints.com/sports/womens-volleyball/roster/2025,2026-07-20T00:57:10.603732+00:00,67.0,Wroclaw,,Poland,2025,False
Jill Frye,MB,FR,,Siena University,DI,MAAC,Metro Atlantic Athletic Conference,https://sienasaints.com/sports/womens-volleyball/roster/2025,2026-07-20T00:57:10.603732+00:00,74.0,Shoreline,WA,USA,2025,False
Alandra Hasbrouck,S,SR,,Siena University,DI,MAAC,Metro Atlantic Athletic Conference,https://sienasaints.com/sports/womens-volleyball/roster/2025,2026-07-20T00:57:10.603732+00:00,67.0,Middletown,NY,USA,2025,False
Autumn Willmott,L/DS,FR,,Siena University,DI,MAAC,Metro Atlantic Athletic Conference,https://sienasaints.com/sports/womens-volleyball/roster/2025,2026-07-20T00:57:10.603732+00:00,68.0,Oakville,ON,Canada,2025,False
Natalia Clifford,OH,FR,,Siena University,DI,MAAC,Metro Atlantic Athletic Conference,https://sienasaints.com/sports/womens-volleyball/roster/2025,2026-07-20T00:57:10.603732+00:00,70.0,Mill Valley,CA,USA,2025,False
Mary Claire Deacy,OPP,FR,,Siena University,DI,MAAC,Metro Atlantic Athletic Conference,https://sienasaints.com/sports/womens-volleyball/roster/2025,2026-07-20T00:57:10.603732+00:00,74.0,Chicago,IL,USA,2025,False
Kayla Jones,OPP,R-SO,,Siena University,DI,MAAC,Metro Atlantic Athletic Conference,https://sienasaints.com/sports/womens-volleyball/roster/2025,2026-07-20T00:57:10.603732+00:00,74.0,Philadelphia,PA,USA,2025,False
Madison Evans,S,FR,,Siena University,DI,MAAC,Metro Atlantic Athletic Conference,https://sienasaints.com/sports/womens-volleyball/roster/2025,2026-07-20T00:57:10.603732+00:00,70.0,South Jordan,UT,USA,2025,False
Maggie Seymour,MB,JR,,Siena University,DI,MAAC,Metro Atlantic Athletic Conference,https://sienasaints.com/sports/womens-volleyball/roster/2025,2026-07-20T00:57:10.603732+00:00,73.0,Albany,NY,USA,2025,False
Ella Treasure,MB,JR,,Siena University,DI,MAAC,Metro Atlantic Athletic Conference,https://sienasaints.com/sports/womens-volleyball/roster/2025,2026-07-20T00:57:10.603732+00:00,72.0,Rochester,NY,USA,2025,False
Hannah Bowman,OH,JR,,Siena University,DI,MAAC,Metro Atlantic Athletic Conference,https://sienasaints.com/sports/womens-volleyball/roster/2025,2026-07-20T00:57:10.603732+00:00,70.0,Valrico,FL,USA,2025,False
Doga Diraz,OPP,JR,,Siena University,DI,MAAC,Metro Atlantic Athletic Conference,https://sienasaints.com/sports/womens-volleyball/roster/2025,2026-07-20T00:57:10.603732+00:00,75.0,Ankara,,Turkey,2025,False
Alara Doganyuz,S,SO,,Siena University,DI,MAAC,Metro Atlantic Athletic Conference,https://sienasaints.com/sports/womens-volleyball/roster/2025,2026-07-20T00:57:10.603732+00:00,68.0,Ankara,,Turkey,2025,False
Berra Tok,MB,SR,,Siena University,DI,MAAC,Metro Atlantic Athletic Conference,https://sienasaints.com/sports/womens-volleyball/roster/2025,2026-07-20T00:57:10.603732+00:00,76.0,Istanbul,,Turkey,2025,False
Elizabeth Phillips,OH,SR,,Siena University,DI,MAAC,Metro Atlantic Athletic Conference,https://sienasaints.com/sports/womens-volleyball/roster/2025,2026-07-20T00:57:10.603732+00:00,70.0,Indianapolis,IN,USA,2025,False
Miya Benson,L/DS,SR,,South Carolina State University,DI,MEAC,Mid-Eastern Athletic Conf.,https://www.scsuathletics.com/sports/womens-volleyball/roster/2025,2026-07-20T00:57:14.999651+00:00,62.0,Dallas,TX,USA,2025,False
Hailey Harris,MB,GR,,South Carolina State University,DI,MEAC,Mid-Eastern Athletic Conf.,https://www.scsuathletics.com/sports/womens-volleyball/roster/2025,2026-07-20T00:57:14.999651+00:00,73.0,Houston,TX,USA,2025,False
Macey McCoy,S,SO,,South Carolina State University,DI,MEAC,Mid-Eastern Athletic Conf.,https://www.scsuathletics.com/sports/womens-volleyball/roster/2025,2026-07-20T00:57:14.999651+00:00,68.0,Vancouver,WA,USA,2025,False
Hannah St. Croix,MB,JR,,South Carolina State University,DI,MEAC,Mid-Eastern Athletic Conf.,https://www.scsuathletics.com/sports/womens-volleyball/roster/2025,2026-07-20T00:57:14.999651+00:00,73.0,Fort Meyers,FL,USA,2025,False
Jordan Dalland,L/DS,FR,,South Carolina State University,DI,MEAC,Mid-Eastern Athletic Conf.,https://www.scsuathletics.com/sports/womens-volleyball/roster/2025,2026-07-20T00:57:14.999651+00:00,67.0,Muskego,WI,USA,2025,False
Jara Davis,L/DS,JR,,South Carolina State University,DI,MEAC,Mid-Eastern Athletic Conf.,https://www.scsuathletics.com/sports/womens-volleyball/roster/2025,2026-07-20T00:57:14.999651+00:00,68.0,Darlington,SC,USA,2025,False
Arianna James,S,FR,,South Carolina State University,DI,MEAC,Mid-Eastern Athletic Conf.,https://www.scsuathletics.com/sports/womens-volleyball/roster/2025,2026-07-20T00:57:14.999651+00:00,69.0,Los Angeles,CA,USA,2025,False
Neviah Johnson,L/DS,SO,,South Carolina State University,DI,MEAC,Mid-Eastern Athletic Conf.,https://www.scsuathletics.com/sports/womens-volleyball/roster/2025,2026-07-20T00:57:14.999651+00:00,67.0,Auburn,WA,USA,2025,False
Meghan Roggenkamp,L/DS,SO,Rockford H.S.,South Dakota State University,DI,Summit,The Summit League,https://gojacks.com/sports/womens-volleyball/roster/2025,2026-07-20T00:57:17.506160+00:00,67.0,Rockford,MN,USA,2025,False
Rachel Wieber,L/DS,R-SR,Southern Utah,South Dakota State University,DI,Summit,The Summit League,https://gojacks.com/sports/womens-volleyball/roster/2025,2026-07-20T00:57:17.506160+00:00,70.0,Northfield,MN,USA,2025,False
Katelyn Van Kirk,OH,SO,Boise State,South Dakota State University,DI,Summit,The Summit League,https://gojacks.com/sports/womens-volleyball/roster/2025,2026-07-20T00:57:17.506160+00:00,74.0,Bozeman,MT,USA,2025,False
Hannah Klein,OH,FR,Albany Area H.S.,South Dakota State University,DI,Summit,The Summit League,https://gojacks.com/sports/womens-volleyball/roster/2025,2026-07-20T00:57:17.506160+00:00,72.0,Albany,MN,USA,2025,False
Rylee Martin,S,JR,Eaton H.S.,South Dakota State University,DI,Summit,The Summit League,https://gojacks.com/sports/womens-volleyball/roster/2025,2026-07-20T00:57:17.506160+00:00,68.0,Eaton,CO,USA,2025,False
Maggie Meister,L/DS,FR,Harrisburg H.S.,South Dakota State University,DI,Summit,The Summit League,https://gojacks.com/sports/womens-volleyball/roster/2025,2026-07-20T00:57:17.506160+00:00,68.0,Sioux Falls,SD,USA,2025,False
Finley Westover,OH,JR,Western Illinois,South Dakota State University,DI,Summit,The Summit League,https://gojacks.com/sports/womens-volleyball/roster/2025,2026-07-20T00:57:17.506160+00:00,74.0,Bourbonnais,IL,USA,2025,False
Madison Burr,OPP,SO,Cannon Falls H.S.,South Dakota State University,DI,Summit,The Summit League,https://gojacks.com/sports/womens-volleyball/roster/2025,2026-07-20T00:57:17.506160+00:00,73.0,Goodhue,MN,USA,2025,False
Taylor Byl,MB,R-FR,Sioux Falls Christian H.S.,South Dakota State University,DI,Summit,The Summit League,https://gojacks.com/sports/womens-volleyball/roster/2025,2026-07-20T00:57:17.506160+00:00,75.0,Sioux Falls,SD,USA,2025,False
Sylvie Zgonc,OH,JR,Sussex Hamilton H.S.,South Dakota State University,DI,Summit,The Summit League,https://gojacks.com/sports/womens-volleyball/roster/2025,2026-07-20T00:57:17.506160+00:00,71.0,Hartford,WI,USA,2025,False
Sydni Schetnan,MB,R-SR,Louisville,South Dakota State University,DI,Summit,The Summit League,https://gojacks.com/sports/womens-volleyball/roster/2025,2026-07-20T00:57:17.506160+00:00,77.0,Sioux Falls,SD,USA,2025,False
Brooke Larsen,S,FR,Lewis Central H.S.,South Dakota State University,DI,Summit,The Summit League,https://gojacks.com/sports/womens-volleyball/roster/2025,2026-07-20T00:57:17.506160+00:00,71.0,Council Bluffs,IA,USA,2025,False
Annalee Ventling-Brown,OPP,R-SR,Lincoln East H.S.,South Dakota State University,DI,Summit,The Summit League,https://gojacks.com/sports/womens-volleyball/roster/2025,2026-07-20T00:57:17.506160+00:00,73.0,Lincoln,NE,USA,2025,False
Alia Schlimgen,L/DS,SR,Sauk Prairie H.S.,South Dakota State University,DI,Summit,The Summit League,https://gojacks.com/sports/womens-volleyball/roster/2025,2026-07-20T00:57:17.506160+00:00,65.0,Sauk City,WI,USA,2025,False
Joslyn Richardson,L/DS,JR,Washington H.S.,South Dakota State University,DI,Summit,The Summit League,https://gojacks.com/sports/womens-volleyball/roster/2025,2026-07-20T00:57:17.506160+00:00,69.0,Sioux Falls,SD,USA,2025,False
Abigail Bailey,OH,FR,,Southeastern Louisiana University,DI,Southland,Southland Conference,https://lionsports.net/sports/womens-volleyball/roster/2025,2026-07-20T00:57:22.917881+00:00,72.0,Mandeville,LA,USA,2025,False
Ainsley Driska,MB,JR,,Southeastern Louisiana University,DI,Southland,Southland Conference,https://lionsports.net/sports/womens-volleyball/roster/2025,2026-07-20T00:57:22.917881+00:00,73.0,Burlington,TX,USA,2025,False
Mina Petrovic,OH,JR,Hill College,Southeastern Louisiana University,DI,Southland,Southland Conference,https://lionsports.net/sports/womens-volleyball/roster/2025,2026-07-20T00:57:22.917881+00:00,73.0,Belgrade,,Serbia,2025,False
Anicka Panchartek,MB,R-SO,Coastal Carolina University,Southeastern Louisiana University,DI,Southland,Southland Conference,https://lionsports.net/sports/womens-volleyball/roster/2025,2026-07-20T00:57:22.917881+00:00,76.0,Liberec,,Czech Republic,2025,False
Lily Morgan,OH,SR,,Southeastern Louisiana University,DI,Southland,Southland Conference,https://lionsports.net/sports/womens-volleyball/roster/2025,2026-07-20T00:57:22.917881+00:00,71.0,Crowley,LA,USA,2025,False
Lindsey Wickersham,L/DS,R-SO,University of Alabama-Birmingham,Southeastern Louisiana University,DI,Southland,Southland Conference,https://lionsports.net/sports/womens-volleyball/roster/2025,2026-07-20T00:57:22.917881+00:00,67.0,New Orleans,LA,USA,2025,False
Gracie Brown,MB,FR,,Southeastern Louisiana University,DI,Southland,Southland Conference,https://lionsports.net/sports/womens-volleyball/roster/2025,2026-07-20T00:57:22.917881+00:00,73.0,Bryant,AR,USA,2025,False
Ashley Richardson,S,SO,,Southeastern Louisiana University,DI,Southland,Southland Conference,https://lionsports.net/sports/womens-volleyball/roster/2025,2026-07-20T00:57:22.917881+00:00,72.0,League City,TX,USA,2025,False
Keira Beverly,MB,R-SO,,Southeastern Louisiana University,DI,Southland,Southland Conference,https://lionsports.net/sports/womens-volleyball/roster/2025,2026-07-20T00:57:22.917881+00:00,73.0,Mandeville,LA,USA,2025,False
Peyton Stokley,S,SR,,Southeastern Louisiana University,DI,Southland,Southland Conference,https://lionsports.net/sports/womens-volleyball/roster/2025,2026-07-20T00:57:22.917881+00:00,69.0,Lafayette,LA,USA,2025,False
Alexis Logarbo,OPP,SR,,Southeastern Louisiana University,DI,Southland,Southland Conference,https://lionsports.net/sports/womens-volleyball/roster/2025,2026-07-20T00:57:22.917881+00:00,74.0,Geismar,LA,USA,2025,False
Kyra McKelvey,OPP,JR,,Southeastern Louisiana University,DI,Southland,Southland Conference,https://lionsports.net/sports/womens-volleyball/roster/2025,2026-07-20T00:57:22.917881+00:00,71.0,Navarre,FL,USA,2025,False
India Bennett,MB,R-SR,,Southeastern Louisiana University,DI,Southland,Southland Conference,https://lionsports.net/sports/womens-volleyball/roster/2025,2026-07-20T00:57:22.917881+00:00,72.0,Prairieville,LA,USA,2025,False
Lexi Gonzalez,L/DS,R-SR,,Southeastern Louisiana University,DI,Southland,Southland Conference,https://lionsports.net/sports/womens-volleyball/roster/2025,2026-07-20T00:57:22.917881+00:00,67.0,Baton Rouge,LA,USA,2025,False
Ayla Klingenberg,MB,FR,,Southeastern Louisiana University,DI,Southland,Southland Conference,https://lionsports.net/sports/womens-volleyball/roster/2025,2026-07-20T00:57:22.917881+00:00,72.0,St. George,KS,USA,2025,False
Taylor Stockwell,L/DS,JR,,Southeastern Louisiana University,DI,Southland,Southland Conference,https://lionsports.net/sports/womens-volleyball/roster/2025,2026-07-20T00:57:22.917881+00:00,67.0,Baton Rouge,LA,USA,2025,False
Audrey Vielguth,L/DS,R-FR,,Southeastern Louisiana University,DI,Southland,Southland Conference,https://lionsports.net/sports/womens-volleyball/roster/2025,2026-07-20T00:57:22.917881+00:00,66.0,Vestavia Hills,AL,USA,2025,False
Anne Brauckmiller,OH,SO,,Southeastern Louisiana University,DI,Southland,Southland Conference,https://lionsports.net/sports/womens-volleyball/roster/2025,2026-07-20T00:57:22.917881+00:00,72.0,Goodyear,AZ,USA,2025,False
Carissa Young,OPP,JR,,Southeastern Louisiana University,DI,Southland,Southland Conference,https://lionsports.net/sports/womens-volleyball/roster/2025,2026-07-20T00:57:22.917881+00:00,72.0,League City,TX,USA,2025,False
Kinley Quast,L/DS,FR,,Southern Illinois University Edwardsville,DI,Ohio Valley,Ohio Valley Conference,https://siuecougars.com/sports/womens-volleyball/roster/2025,2026-07-20T00:57:25.582969+00:00,63.0,Strasburg,IL,USA,2025,False
Kyndia Smith,OPP,GR,,Southern Illinois University Edwardsville,DI,Ohio Valley,Ohio Valley Conference,https://siuecougars.com/sports/womens-volleyball/roster/2025,2026-07-20T00:57:25.582969+00:00,70.0,St. Louis,MO,USA,2025,False
Claire Jones,L/DS,SO,,Southern Illinois University Edwardsville,DI,Ohio Valley,Ohio Valley Conference,https://siuecougars.com/sports/womens-volleyball/roster/2025,2026-07-20T00:57:25.582969+00:00,69.0,Overland Park,KS,USA,2025,False
Morgan Jones,OPP,FR,,Southern Illinois University Edwardsville,DI,Ohio Valley,Ohio Valley Conference,https://siuecougars.com/sports/womens-volleyball/roster/2025,2026-07-20T00:57:25.582969+00:00,70.0,Bozeman,MT,USA,2025,False
Ally Hughes,S,FR,,Southern Illinois University Edwardsville,DI,Ohio Valley,Ohio Valley Conference,https://siuecougars.com/sports/womens-volleyball/roster/2025,2026-07-20T00:57:25.582969+00:00,69.0,Cincinnati,OH,USA,2025,False
Paige Bernstein,S,R-JR,,Southern Illinois University Edwardsville,DI,Ohio Valley,Ohio Valley Conference,https://siuecougars.com/sports/womens-volleyball/roster/2025,2026-07-20T00:57:25.582969+00:00,69.0,The Woodlands,TX,USA,2025,False
Olivia Hogan,L/DS,SR,,Southern Illinois University Edwardsville,DI,Ohio Valley,Ohio Valley Conference,https://siuecougars.com/sports/womens-volleyball/roster/2025,2026-07-20T00:57:25.582969+00:00,64.0,Dyersville,IA,USA,2025,False
Sophie Robinson,OH,SO,,Southern Illinois University Edwardsville,DI,Ohio Valley,Ohio Valley Conference,https://siuecougars.com/sports/womens-volleyball/roster/2025,2026-07-20T00:57:25.582969+00:00,71.0,Chippewa Falls,WI,USA,2025,False
Maddie Determan,OPP,FR,,Southern Illinois University Edwardsville,DI,Ohio Valley,Ohio Valley Conference,https://siuecougars.com/sports/womens-volleyball/roster/2025,2026-07-20T00:57:25.582969+00:00,74.0,Coal Valley,IL,USA,2025,False
Teagan Sullivan,OH,SO,,Southern Illinois University Edwardsville,DI,Ohio Valley,Ohio Valley Conference,https://siuecougars.com/sports/womens-volleyball/roster/2025,2026-07-20T00:57:25.582969+00:00,69.0,Dunlap,IL,USA,2025,False
Tionna Owens,MB,R-FR,,Southern Illinois University Edwardsville,DI,Ohio Valley,Ohio Valley Conference,https://siuecougars.com/sports/womens-volleyball/roster/2025,2026-07-20T00:57:25.582969+00:00,73.0,Waxahachie,TX,USA,2025,False
Bree Schreimann,OH,SR,,Southern Illinois University Edwardsville,DI,Ohio Valley,Ohio Valley Conference,https://siuecougars.com/sports/womens-volleyball/roster/2025,2026-07-20T00:57:25.582969+00:00,71.0,Wentzville,MO,USA,2025,False
Grace Nichols,MB,GR,,Southern Illinois University Edwardsville,DI,Ohio Valley,Ohio Valley Conference,https://siuecougars.com/sports/womens-volleyball/roster/2025,2026-07-20T00:57:25.582969+00:00,70.0,Lincoln,NE,USA,2025,False
Anika Ivester,MB,JR,,Southern Illinois University Edwardsville,DI,Ohio Valley,Ohio Valley Conference,https://siuecougars.com/sports/womens-volleyball/roster/2025,2026-07-20T00:57:25.582969+00:00,76.0,Cedar Rapids,IA,USA,2025,False
Mikalah Davis,OH,SO,,Southern Illinois University at Carbondale,DI,MVC,Missouri Valley Conference,https://siusalukis.com/sports/womens-volleyball/roster/2025,2026-07-20T00:57:28.273967+00:00,71.45390070921985,Kansas City,MO,USA,2025,False
Cecilia Bulmahn,OH,SR,,Southern Illinois University at Carbondale,DI,MVC,Missouri Valley Conference,https://siusalukis.com/sports/womens-volleyball/roster/2025,2026-07-20T00:57:28.273967+00:00,71.45390070921985,McCordsville,IN,USA,2025,False
Kelly Franklin,OH,SR,,Southern Illinois University at Carbondale,DI,MVC,Missouri Valley Conference,https://siusalukis.com/sports/womens-volleyball/roster/2025,2026-07-20T00:57:28.273967+00:00,71.45390070921985,Lake Worth,FL,USA,2025,False
Emma Christian,S,FR,,Southern Illinois University at Carbondale,DI,MVC,Missouri Valley Conference,https://siusalukis.com/sports/womens-volleyball/roster/2025,2026-07-20T00:57:28.273967+00:00,69.69760479041916,Kansas City,MO,USA,2025,False
Angelique Pena,MB,FR,,Southern Illinois University at Carbondale,DI,MVC,Missouri Valley Conference,https://siusalukis.com/sports/womens-volleyball/roster/2025,2026-07-20T00:57:28.273967+00:00,73.15611814345992,Bolingbrook,IL,USA,2025,False
Emma Lade,S,SR,,Southern Illinois University at Carbondale,DI,MVC,Missouri Valley Conference,https://siusalukis.com/sports/womens-volleyball/roster/2025,2026-07-20T00:57:28.273967+00:00,69.69760479041916,Howard Lake,MN,USA,2025,False
Jillian Shaneyfelt,L/DS,JR,,Southern Illinois University at Carbondale,DI,MVC,Missouri Valley Conference,https://siusalukis.com/sports/womens-volleyball/roster/2025,2026-07-20T00:57:28.273967+00:00,66.12328767123287,Pinckneyville,IL,USA,2025,False
Meghan Anderson,S,FR,,Southern Illinois University at Carbondale,DI,MVC,Missouri Valley Conference,https://siusalukis.com/sports/womens-volleyball/roster/2025,2026-07-20T00:57:28.273967+00:00,69.69760479041916,Omaha,NE,USA,2025,False
Ainara Fernandes,OH,GR,,Southern Illinois University at Carbondale,DI,MVC,Missouri Valley Conference,https://siusalukis.com/sports/womens-volleyball/roster/2025,2026-07-20T00:57:28.273967+00:00,71.45390070921985,Belo Horizonte,,Brazil,2025,False
Ella Swansiger,OH,JR,,Southern Illinois University at Carbondale,DI,MVC,Missouri Valley Conference,https://siusalukis.com/sports/womens-volleyball/roster/2025,2026-07-20T00:57:28.273967+00:00,71.45390070921985,Phoenix,AZ,USA,2025,False
Larissa Seger,MB,SR,,Southern Illinois University at Carbondale,DI,MVC,Missouri Valley Conference,https://siusalukis.com/sports/womens-volleyball/roster/2025,2026-07-20T00:57:28.273967+00:00,73.15611814345992,Nova Petropolis,,Brazil,2025,False
Julia Laidig,L/DS,FR,,Southern Illinois University at Carbondale,DI,MVC,Missouri Valley Conference,https://siusalukis.com/sports/womens-volleyball/roster/2025,2026-07-20T00:57:28.273967+00:00,66.12328767123287,Woodstock,IL,USA,2025,False
Eva Krakowski,MB,SO,,Southern Illinois University at Carbondale,DI,MVC,Missouri Valley Conference,https://siusalukis.com/sports/womens-volleyball/roster/2025,2026-07-20T00:57:28.273967+00:00,73.15611814345992,Roselle,IL,USA,2025,False
Annabelle Sulish,OH,SR,,Southern Illinois University at Carbondale,DI,MVC,Missouri Valley Conference,https://siusalukis.com/sports/womens-volleyball/roster/2025,2026-07-20T00:57:28.273967+00:00,71.45390070921985,Knoxville,TN,USA,2025,False
Nevaeh Laster,MB,JR,,Southern Illinois University at Carbondale,DI,MVC,Missouri Valley Conference,https://siusalukis.com/sports/womens-volleyball/roster/2025,2026-07-20T00:57:28.273967+00:00,73.15611814345992,Mattoon,IL,USA,2025,False
Julia Brazil,OH,JR,,Southern Illinois University at Carbondale,DI,MVC,Missouri Valley Conference,https://siusalukis.com/sports/womens-volleyball/roster/2025,2026-07-20T00:57:28.273967+00:00,71.45390070921985,Rio de Janeiro,,Brazil,2025,False
Addison Kerr,S,FR,,Southern Illinois University at Carbondale,DI,MVC,Missouri Valley Conference,https://siusalukis.com/sports/womens-volleyball/roster/2025,2026-07-20T00:57:28.273967+00:00,69.69760479041916,Champaign,IL,USA,2025,False
Malaya Jones,OPP,GR,Colorado State,Southern Methodist University,DI,ACC,Atlantic Coast Conference,https://smumustangs.com/sports/womens-volleyball/roster/2025,2026-07-20T00:57:30.873271+00:00,72.0,El Dorado Hills,CA,USA,2025,False
Sarah Frazee,L/DS,FR,,Southern Methodist University,DI,ACC,Atlantic Coast Conference,https://smumustangs.com/sports/womens-volleyball/roster/2025,2026-07-20T00:57:30.873271+00:00,66.0,Gulf Breeze,FL,USA,2025,False
Kennedi Rogers,OH,FR,,Southern Methodist University,DI,ACC,Atlantic Coast Conference,https://smumustangs.com/sports/womens-volleyball/roster/2025,2026-07-20T00:57:30.873271+00:00,70.0,Missouri City,TX,USA,2025,False
Christa Wilburn,OH,FR,,Southern Methodist University,DI,ACC,Atlantic Coast Conference,https://smumustangs.com/sports/womens-volleyball/roster/2025,2026-07-20T00:57:30.873271+00:00,74.0,Dripping Springs,TX,USA,2025,False
Casey Batenhorst,S,SR,,Southern Methodist University,DI,ACC,Atlantic Coast Conference,https://smumustangs.com/sports/womens-volleyball/roster/2025,2026-07-20T00:57:30.873271+00:00,73.0,Houston,TX,USA,2025,False
Amelia Hansen,OH,FR,,Southern Methodist University,DI,ACC,Atlantic Coast Conference,https://smumustangs.com/sports/womens-volleyball/roster/2025,2026-07-20T00:57:30.873271+00:00,72.0,Monument,CO,USA,2025,False
Mia Silva,L/DS,SO,,Southern Methodist University,DI,ACC,Atlantic Coast Conference,https://smumustangs.com/sports/womens-volleyball/roster/2025,2026-07-20T00:57:30.873271+00:00,69.0,San Antonio,TX,USA,2025,False
Averi Carlson,S,SR,Texas,Southern Methodist University,DI,ACC,Atlantic Coast Conference,https://smumustangs.com/sports/womens-volleyball/roster/2025,2026-07-20T00:57:30.873271+00:00,71.0,Lucas,TX,USA,2025,False
Brooke Gilmour,MB,FR,,Southern Methodist University,DI,ACC,Atlantic Coast Conference,https://smumustangs.com/sports/womens-volleyball/roster/2025,2026-07-20T00:57:30.873271+00:00,73.0,Westlake Village,CA,USA,2025,False
Hannah Beauford,S,FR,,Southern Methodist University,DI,ACC,Atlantic Coast Conference,https://smumustangs.com/sports/womens-volleyball/roster/2025,2026-07-20T00:57:30.873271+00:00,71.0,Prosper,TX,USA,2025,False
Natalia Newsome,MB,SO,,Southern Methodist University,DI,ACC,Atlantic Coast Conference,https://smumustangs.com/sports/womens-volleyball/roster/2025,2026-07-20T00:57:30.873271+00:00,71.0,Arlington,TX,USA,2025,False
Jentry Lamirand,OH,SR,,Southern Methodist University,DI,ACC,Atlantic Coast Conference,https://smumustangs.com/sports/womens-volleyball/roster/2025,2026-07-20T00:57:30.873271+00:00,71.0,Decatur,TX,USA,2025,False
Jordyn Schilling,L/DS,SR,High Point,Southern Methodist University,DI,ACC,Atlantic Coast Conference,https://smumustangs.com/sports/womens-volleyball/roster/2025,2026-07-20T00:57:30.873271+00:00,71.0,Newport Beach,CA,USA,2025,False
Madison Scheer,OH,SR,Auburn,Southern Methodist University,DI,ACC,Atlantic Coast Conference,https://smumustangs.com/sports/womens-volleyball/roster/2025,2026-07-20T00:57:30.873271+00:00,73.0,Eureka,MO,USA,2025,False
Maggie Croft,MB,FR,,Southern Methodist University,DI,ACC,Atlantic Coast Conference,https://smumustangs.com/sports/womens-volleyball/roster/2025,2026-07-20T00:57:30.873271+00:00,70.0,Corpus Christi,TX,USA,2025,False
Favor Anyanwu,MB,SO,USC,Southern Methodist University,DI,ACC,Atlantic Coast Conference,https://smumustangs.com/sports/womens-volleyball/roster/2025,2026-07-20T00:57:30.873271+00:00,74.0,Rowlett,TX,USA,2025,False
Jadyn Livings,OH,SO,USC,Southern Methodist University,DI,ACC,Atlantic Coast Conference,https://smumustangs.com/sports/womens-volleyball/roster/2025,2026-07-20T00:57:30.873271+00:00,73.0,The Colony,TX,USA,2025,False
Zion Robinson,L/DS,SR,,"Southern University, Baton Rouge",DI,SWAC,Southwestern Athletic Conf.,https://gojagsports.com/sports/womens-volleyball/roster/2025,2026-07-20T00:57:33.832026+00:00,62.0,Baltimore,MD,USA,2025,False
Sophie Diouf,MB,FR,,"Southern University, Baton Rouge",DI,SWAC,Southwestern Athletic Conf.,https://gojagsports.com/sports/womens-volleyball/roster/2025,2026-07-20T00:57:33.832026+00:00,72.0,Albuquerque,NM,USA,2025,False
Elise Doomes,OH,GR,,"Southern University, Baton Rouge",DI,SWAC,Southwestern Athletic Conf.,https://gojagsports.com/sports/womens-volleyball/roster/2025,2026-07-20T00:57:33.832026+00:00,71.0,Baton Rouge,LA,USA,2025,False
Mariah Mott,OH,FR,,"Southern University, Baton Rouge",DI,SWAC,Southwestern Athletic Conf.,https://gojagsports.com/sports/womens-volleyball/roster/2025,2026-07-20T00:57:33.832026+00:00,69.0,Luling,LA,USA,2025,False
Nadia Lewis,MB,GR,,"Southern University, Baton Rouge",DI,SWAC,Southwestern Athletic Conf.,https://gojagsports.com/sports/womens-volleyball/roster/2025,2026-07-20T00:57:33.832026+00:00,70.0,St. Petersburg,FL,USA,2025,False
Ayana Johnson,L/DS,JR,,"Southern University, Baton Rouge",DI,SWAC,Southwestern Athletic Conf.,https://gojagsports.com/sports/womens-volleyball/roster/2025,2026-07-20T00:57:33.832026+00:00,72.0,San Diego,CA,USA,2025,False
Iyanah Taylor,S,SR,,"Southern University, Baton Rouge",DI,SWAC,Southwestern Athletic Conf.,https://gojagsports.com/sports/womens-volleyball/roster/2025,2026-07-20T00:57:33.832026+00:00,69.0,Dallas,TX,USA,2025,False
Alana Pierce,MB,SO,,"Southern University, Baton Rouge",DI,SWAC,Southwestern Athletic Conf.,https://gojagsports.com/sports/womens-volleyball/roster/2025,2026-07-20T00:57:33.832026+00:00,73.0,Shreveport,LA,USA,2025,False
Sereniti Johnson,L/DS,FR,,"Southern University, Baton Rouge",DI,SWAC,Southwestern Athletic Conf.,https://gojagsports.com/sports/womens-volleyball/roster/2025,2026-07-20T00:57:33.832026+00:00,68.0,Mesa,AZ,USA,2025,False
Hanna Pereira,MB,JR,,"Southern University, Baton Rouge",DI,SWAC,Southwestern Athletic Conf.,https://gojagsports.com/sports/womens-volleyball/roster/2025,2026-07-20T00:57:33.832026+00:00,74.0,Florianopolis,Santa Catarina,Brazil,2025,False
Ariana Brown,OH,JR,,"Southern University, Baton Rouge",DI,SWAC,Southwestern Athletic Conf.,https://gojagsports.com/sports/womens-volleyball/roster/2025,2026-07-20T00:57:33.832026+00:00,72.0,Houston,TX,USA,2025,False
Zaria Nelson,OH,JR,,"Southern University, Baton Rouge",DI,SWAC,Southwestern Athletic Conf.,https://gojagsports.com/sports/womens-volleyball/roster/2025,2026-07-20T00:57:33.832026+00:00,67.0,New Orleans,LA,USA,2025,False
Najah Harris,L/DS,SR,,"Southern University, Baton Rouge",DI,SWAC,Southwestern Athletic Conf.,https://gojagsports.com/sports/womens-volleyball/roster/2025,2026-07-20T00:57:33.832026+00:00,65.0,Dallas,TX,USA,2025,False
Logan Hart,MB,SO,,"Southern University, Baton Rouge",DI,SWAC,Southwestern Athletic Conf.,https://gojagsports.com/sports/womens-volleyball/roster/2025,2026-07-20T00:57:33.832026+00:00,70.0,Cypress,TX,USA,2025,False
Jasmin Robertson,MB,FR,,"Southern University, Baton Rouge",DI,SWAC,Southwestern Athletic Conf.,https://gojagsports.com/sports/womens-volleyball/roster/2025,2026-07-20T00:57:33.832026+00:00,68.0,Baton Rouge,LA,USA,2025,False
Kiyla Mighty,S,FR,,"Southern University, Baton Rouge",DI,SWAC,Southwestern Athletic Conf.,https://gojagsports.com/sports/womens-volleyball/roster/2025,2026-07-20T00:57:33.832026+00:00,68.0,Atlanta,GA,USA,2025,False
Finley Charapata,OH,R-SO,,Southern Utah University,DI,WAC,Western Athletic Conference,https://suutbirds.com/sports/womens-volleyball/roster/2025,2026-07-20T00:57:36.299717+00:00,70.0,Appleton,WI,USA,2025,False
Kaitlyn Hoelker,OH,FR,,Southern Utah University,DI,WAC,Western Athletic Conference,https://suutbirds.com/sports/womens-volleyball/roster/2025,2026-07-20T00:57:36.299717+00:00,71.0,San Clemente,CA,USA,2025,False
Aleeya Jones,L/DS,GR,,Southern Utah University,DI,WAC,Western Athletic Conference,https://suutbirds.com/sports/womens-volleyball/roster/2025,2026-07-20T00:57:36.299717+00:00,67.0,Wiscasset,ME,USA,2025,False
Addyson McArthur,OH,JR,,Southern Utah University,DI,WAC,Western Athletic Conference,https://suutbirds.com/sports/womens-volleyball/roster/2025,2026-07-20T00:57:36.299717+00:00,69.0,Colorado Springs,CO,USA,2025,False
Teniyah Leuluai,S,SR,,Southern Utah University,DI,WAC,Western Athletic Conference,https://suutbirds.com/sports/womens-volleyball/roster/2025,2026-07-20T00:57:36.299717+00:00,70.0,West Jordan,UT,USA,2025,False
Asya Akbulut,S,JR,,Southern Utah University,DI,WAC,Western Athletic Conference,https://suutbirds.com/sports/womens-volleyball/roster/2025,2026-07-20T00:57:36.299717+00:00,71.0,Ankara,,Turkey,2025,False
Swayzee Mason,S,FR,,Southern Utah University,DI,WAC,Western Athletic Conference,https://suutbirds.com/sports/womens-volleyball/roster/2025,2026-07-20T00:57:36.299717+00:00,67.0,Aurora,UT,USA,2025,False
Amaya Tobias,MB,JR,,Southern Utah University,DI,WAC,Western Athletic Conference,https://suutbirds.com/sports/womens-volleyball/roster/2025,2026-07-20T00:57:36.299717+00:00,74.0,Las Vegas,NV,USA,2025,False
Kaitlyn Aleshire,MB,JR,,Southern Utah University,DI,WAC,Western Athletic Conference,https://suutbirds.com/sports/womens-volleyball/roster/2025,2026-07-20T00:57:36.299717+00:00,73.0,Aurora,IL,USA,2025,False
Amanda Mendoza,L/DS,FR,,Southern Utah University,DI,WAC,Western Athletic Conference,https://suutbirds.com/sports/womens-volleyball/roster/2025,2026-07-20T00:57:36.299717+00:00,65.0,El Paso,TX,USA,2025,False
Julia Bylund,MB,FR,,Southern Utah University,DI,WAC,Western Athletic Conference,https://suutbirds.com/sports/womens-volleyball/roster/2025,2026-07-20T00:57:36.299717+00:00,73.15611814345992,Springville,UT,USA,2025,False
Dorina Bogar,OH,JR,,Southern Utah University,DI,WAC,Western Athletic Conference,https://suutbirds.com/sports/womens-volleyball/roster/2025,2026-07-20T00:57:36.299717+00:00,72.0,Budapest,,Hungary,2025,False
Sydney Bird Allen,S,FR,,Southern Utah University,DI,WAC,Western Athletic Conference,https://suutbirds.com/sports/womens-volleyball/roster/2025,2026-07-20T00:57:36.299717+00:00,68.0,Cedar City,UT,USA,2025,False
Kendall White,OH,FR,,St. John's University (New York),DI,Big East,Big East Conference,https://redstormsports.com/sports/womens-volleyball/roster/2025,2026-07-20T00:57:39.273287+00:00,71.45390070921985,Peachtree Corners,GA,USA,2025,False
Erin Jones,S,SR,,St. John's University (New York),DI,Big East,Big East Conference,https://redstormsports.com/sports/womens-volleyball/roster/2025,2026-07-20T00:57:39.273287+00:00,69.69760479041916,Albuquerque,NM,USA,2025,False
Martina Capponcelli,S,FR,,St. John's University (New York),DI,Big East,Big East Conference,https://redstormsports.com/sports/womens-volleyball/roster/2025,2026-07-20T00:57:39.273287+00:00,69.69760479041916,Bologna,,Italy,2025,False
Ana Franca Benjamim,OH,SO,,St. John's University (New York),DI,Big East,Big East Conference,https://redstormsports.com/sports/womens-volleyball/roster/2025,2026-07-20T00:57:39.273287+00:00,71.45390070921985,Medianeira,,Brasil,2025,False
Ludovica Zola,MB,SR,,St. John's University (New York),DI,Big East,Big East Conference,https://redstormsports.com/sports/womens-volleyball/roster/2025,2026-07-20T00:57:39.273287+00:00,73.15611814345992,Milan,,Italy,2025,False
Ella Parker,OH,R-FR,,St. John's University (New York),DI,Big East,Big East Conference,https://redstormsports.com/sports/womens-volleyball/roster/2025,2026-07-20T00:57:39.273287+00:00,71.45390070921985,Corrales,NM,USA,2025,False
Shiloh Clayton,L/DS,FR,,St. John's University (New York),DI,Big East,Big East Conference,https://redstormsports.com/sports/womens-volleyball/roster/2025,2026-07-20T00:57:39.273287+00:00,66.12328767123287,Atlanta,GA,USA,2025,False
Rashanny Solano Smith,L/DS,JR,,St. John's University (New York),DI,Big East,Big East Conference,https://redstormsports.com/sports/womens-volleyball/roster/2025,2026-07-20T00:57:39.273287+00:00,66.12328767123287,Limon,,Costa Rica,2025,False
Barbara Costa dos Santos,OH,SO,,St. John's University (New York),DI,Big East,Big East Conference,https://redstormsports.com/sports/womens-volleyball/roster/2025,2026-07-20T00:57:39.273287+00:00,71.45390070921985,Sao Paulo,,Brazil,2025,False
Chloe Bell,MB,FR,,St. John's University (New York),DI,Big East,Big East Conference,https://redstormsports.com/sports/womens-volleyball/roster/2025,2026-07-20T00:57:39.273287+00:00,73.15611814345992,Atlanta,GA,USA,2025,False
Lucrezia Lodi,OH,SR,,St. John's University (New York),DI,Big East,Big East Conference,https://redstormsports.com/sports/womens-volleyball/roster/2025,2026-07-20T00:57:39.273287+00:00,71.45390070921985,San Lazzaro di Savena,,Italy,2025,False
Martina Ghezzi,OH,SR,,St. John's University (New York),DI,Big East,Big East Conference,https://redstormsports.com/sports/womens-volleyball/roster/2025,2026-07-20T00:57:39.273287+00:00,71.45390070921985,Novate Milanese,,Italy,2025,False
Kya Harris,MB,SO,,St. John's University (New York),DI,Big East,Big East Conference,https://redstormsports.com/sports/womens-volleyball/roster/2025,2026-07-20T00:57:39.273287+00:00,73.15611814345992,Atlanta,GA,USA,2025,False
Luna França,L/DS,GR,,Stephen F. Austin State University,DI,Southland,Southland Conference,https://sfajacks.com/sports/womens-volleyball/roster/2025,2026-07-20T00:57:52.275695+00:00,66.12328767123287,Belo Horizonte,,Brazil,2025,False
Ilana de Assis,OH,GR,,Stephen F. Austin State University,DI,Southland,Southland Conference,https://sfajacks.com/sports/womens-volleyball/roster/2025,2026-07-20T00:57:52.275695+00:00,71.45390070921985,Chapadão do Céu,,Brazil,2025,False
Camryn Hill,OH,SR,,Stephen F. Austin State University,DI,Southland,Southland Conference,https://sfajacks.com/sports/womens-volleyball/roster/2025,2026-07-20T00:57:52.275695+00:00,71.45390070921985,Frisco,TX,USA,2025,False
Katherine Holtman,,SO,,Stephen F. Austin State University,DI,Southland,Southland Conference,https://sfajacks.com/sports/womens-volleyball/roster/2025,2026-07-20T00:57:52.275695+00:00,70.7984734270275,Argyle,TX,USA,2025,False
Cambry Saul,S,R-SO,,Stephen F. Austin State University,DI,Southland,Southland Conference,https://sfajacks.com/sports/womens-volleyball/roster/2025,2026-07-20T00:57:52.275695+00:00,69.69760479041916,Waco,TX,USA,2025,False
Izabella Ortiz,MB,SR,,Stephen F. Austin State University,DI,Southland,Southland Conference,https://sfajacks.com/sports/womens-volleyball/roster/2025,2026-07-20T00:57:52.275695+00:00,73.15611814345992,Flower Mound,TX,USA,2025,False
Kennedy Jones,,SO,,Stephen F. Austin State University,DI,Southland,Southland Conference,https://sfajacks.com/sports/womens-volleyball/roster/2025,2026-07-20T00:57:52.275695+00:00,70.7984734270275,Houston,TX,USA,2025,False
Caroline Kahle,OH,JR,,Stephen F. Austin State University,DI,Southland,Southland Conference,https://sfajacks.com/sports/womens-volleyball/roster/2025,2026-07-20T00:57:52.275695+00:00,71.45390070921985,North Richland Hills,TX,USA,2025,False
Sydney Lafferty,MB,R-FR,,Stephen F. Austin State University,DI,Southland,Southland Conference,https://sfajacks.com/sports/womens-volleyball/roster/2025,2026-07-20T00:57:52.275695+00:00,73.15611814345992,Rockwall,TX,USA,2025,False
Haley Peterson,MB,FR,,Stephen F. Austin State University,DI,Southland,Southland Conference,https://sfajacks.com/sports/womens-volleyball/roster/2025,2026-07-20T00:57:52.275695+00:00,73.15611814345992,Crowley,TX,USA,2025,False
Jordan Henderson,MB,SO,,Stephen F. Austin State University,DI,Southland,Southland Conference,https://sfajacks.com/sports/womens-volleyball/roster/2025,2026-07-20T00:57:52.275695+00:00,73.15611814345992,Mansfield,TX,USA,2025,False
Brinkley Reeves,OH,FR,,Stephen F. Austin State University,DI,Southland,Southland Conference,https://sfajacks.com/sports/womens-volleyball/roster/2025,2026-07-20T00:57:52.275695+00:00,71.45390070921985,San Marcos,TX,USA,2025,False
Tanishua Joseph,,R-SO,,Stephen F. Austin State University,DI,Southland,Southland Conference,https://sfajacks.com/sports/womens-volleyball/roster/2025,2026-07-20T00:57:52.275695+00:00,70.7984734270275,Baytown,TX,USA,2025,False
Jayden Flynn,S,SR,,Stephen F. Austin State University,DI,Southland,Southland Conference,https://sfajacks.com/sports/womens-volleyball/roster/2025,2026-07-20T00:57:52.275695+00:00,69.69760479041916,Poplar Grove,IL,USA,2025,False
Molly Cravens,MB,SO,,Stephen F. Austin State University,DI,Southland,Southland Conference,https://sfajacks.com/sports/womens-volleyball/roster/2025,2026-07-20T00:57:52.275695+00:00,73.15611814345992,Round Rock,TX,USA,2025,False
Kyanna Creecy,MB,JR,,Stephen F. Austin State University,DI,Southland,Southland Conference,https://sfajacks.com/sports/womens-volleyball/roster/2025,2026-07-20T00:57:52.275695+00:00,73.15611814345992,McKinney,TX,USA,2025,False
Vanessa Shevchenko,S,FR,,Stetson University,DI,ASUN,Atlantic Sun Conference,https://gohatters.com/sports/womens-volleyball/roster/2025,2026-07-20T00:57:54.751759+00:00,69.69760479041916,St. Augustine,FL,USA,2025,False
Zuzanna Rut,MB,SR,,Stetson University,DI,ASUN,Atlantic Sun Conference,https://gohatters.com/sports/womens-volleyball/roster/2025,2026-07-20T00:57:54.751759+00:00,72.0,Swidnica,,Poland,2025,False
Selin Kalkan,OH,SR,,Stetson University,DI,ASUN,Atlantic Sun Conference,https://gohatters.com/sports/womens-volleyball/roster/2025,2026-07-20T00:57:54.751759+00:00,71.0,Ankara,,Turkey,2025,False
Kayla Balfour,MB,JR,,Stetson University,DI,ASUN,Atlantic Sun Conference,https://gohatters.com/sports/womens-volleyball/roster/2025,2026-07-20T00:57:54.751759+00:00,72.0,Pensacola,FL,USA,2025,False
Xinlei Yang,MB,FR,,Stetson University,DI,ASUN,Atlantic Sun Conference,https://gohatters.com/sports/womens-volleyball/roster/2025,2026-07-20T00:57:54.751759+00:00,74.0,Beijing,,China,2025,False
Jenna Simmons,OH,SO,,Stetson University,DI,ASUN,Atlantic Sun Conference,https://gohatters.com/sports/womens-volleyball/roster/2025,2026-07-20T00:57:54.751759+00:00,70.0,Port St. Lucie,FL,USA,2025,False
Zuzanna Bury,OH,SO,,Stetson University,DI,ASUN,Atlantic Sun Conference,https://gohatters.com/sports/womens-volleyball/roster/2025,2026-07-20T00:57:54.751759+00:00,71.0,Zywiec,,Poland,2025,False
Kendra Sawyer,S,FR,,Stonehill College,DI,NEC,Northeast Conference,https://stonehillskyhawks.com/sports/womens-volleyball/roster/2025,2026-07-20T00:57:57.154590+00:00,73.0,Kingwood,TX,USA,2025,False
Rosa Smith,S,FR,,Stonehill College,DI,NEC,Northeast Conference,https://stonehillskyhawks.com/sports/womens-volleyball/roster/2025,2026-07-20T00:57:57.154590+00:00,68.0,Orlando,FL,USA,2025,False
Gabi Polishuk,OH,SO,,Stonehill College,DI,NEC,Northeast Conference,https://stonehillskyhawks.com/sports/womens-volleyball/roster/2025,2026-07-20T00:57:57.154590+00:00,68.0,Woodland Hills,CA,USA,2025,False
Cat Detweiler,MB,FR,,Stonehill College,DI,NEC,Northeast Conference,https://stonehillskyhawks.com/sports/womens-volleyball/roster/2025,2026-07-20T00:57:57.154590+00:00,73.0,Oxford,PA,USA,2025,False
Sam Loyd,OH,FR,,Stonehill College,DI,NEC,Northeast Conference,https://stonehillskyhawks.com/sports/womens-volleyball/roster/2025,2026-07-20T00:57:57.154590+00:00,70.0,Dickinson,TX,USA,2025,False
Jess Barrett,OH,SO,,Stonehill College,DI,NEC,Northeast Conference,https://stonehillskyhawks.com/sports/womens-volleyball/roster/2025,2026-07-20T00:57:57.154590+00:00,72.0,Boxford,MA,USA,2025,False
Abby Farrell,MB,JR,,Stonehill College,DI,NEC,Northeast Conference,https://stonehillskyhawks.com/sports/womens-volleyball/roster/2025,2026-07-20T00:57:57.154590+00:00,73.0,Reading,MA,USA,2025,False
Kaitlyn Watson,MB,SR,,Stonehill College,DI,NEC,Northeast Conference,https://stonehillskyhawks.com/sports/womens-volleyball/roster/2025,2026-07-20T00:57:57.154590+00:00,70.0,Bellevue,WA,USA,2025,False
Annabelle Svenson,MB,SO,,Stonehill College,DI,NEC,Northeast Conference,https://stonehillskyhawks.com/sports/womens-volleyball/roster/2025,2026-07-20T00:57:57.154590+00:00,73.0,Barrington,NH,USA,2025,False
Aajaylah Zeno,OH,FR,,Stony Brook University,DI,CAA,Coastal Athletic Association,https://stonybrookathletics.com/sports/womens-volleyball/roster/2025,2026-07-20T00:57:59.842635+00:00,69.0,Plano,TX,USA,2025,False
Hanna Berkefelt,OH,R-FR,,Stony Brook University,DI,CAA,Coastal Athletic Association,https://stonybrookathletics.com/sports/womens-volleyball/roster/2025,2026-07-20T00:57:59.842635+00:00,68.0,Stockholm,,Sweden,2025,False
Ayanna Pierre Louis,MB,JR,,Stony Brook University,DI,CAA,Coastal Athletic Association,https://stonybrookathletics.com/sports/womens-volleyball/roster/2025,2026-07-20T00:57:59.842635+00:00,71.0,Austin,TX,USA,2025,False
Ava Zamora,S,FR,,Stony Brook University,DI,CAA,Coastal Athletic Association,https://stonybrookathletics.com/sports/womens-volleyball/roster/2025,2026-07-20T00:57:59.842635+00:00,70.0,San Diego,CA,USA,2025,False
Mercedes Motton,MB,R-SO,,Stony Brook University,DI,CAA,Coastal Athletic Association,https://stonybrookathletics.com/sports/womens-volleyball/roster/2025,2026-07-20T00:57:59.842635+00:00,67.0,Columbus,OH,USA,2025,False
Mopelola Ojo,MB,FR,,Stony Brook University,DI,CAA,Coastal Athletic Association,https://stonybrookathletics.com/sports/womens-volleyball/roster/2025,2026-07-20T00:57:59.842635+00:00,72.0,Jenks,OK,USA,2025,False
Liv Hertzog,MB,R-SO,,Stony Brook University,DI,CAA,Coastal Athletic Association,https://stonybrookathletics.com/sports/womens-volleyball/roster/2025,2026-07-20T00:57:59.842635+00:00,72.0,Long Beach,CA,USA,2025,False
Quinn Anderson,OH,SO,,Stony Brook University,DI,CAA,Coastal Athletic Association,https://stonybrookathletics.com/sports/womens-volleyball/roster/2025,2026-07-20T00:57:59.842635+00:00,72.0,Westborough,MA,USA,2025,False
Kali Moore,OH,SR,,Stony Brook University,DI,CAA,Coastal Athletic Association,https://stonybrookathletics.com/sports/womens-volleyball/roster/2025,2026-07-20T00:57:59.842635+00:00,71.0,Brooklyn,NY,USA,2025,False
Marisse Turner,MB,GR,,Syracuse University,DI,ACC,Atlantic Coast Conference,https://cuse.com/sports/womens-volleyball/roster/2025,2026-07-20T00:58:02.877796+00:00,73.15611814345992,Long Beach,CA,USA,2025,False
Veronica Sierzant,OPP,JR,,Syracuse University,DI,ACC,Atlantic Coast Conference,https://cuse.com/sports/womens-volleyball/roster/2025,2026-07-20T00:58:02.877796+00:00,72.57241379310345,Savannah,GA,USA,2025,False
Kaliya Ndiaye,MB,FR,,Syracuse University,DI,ACC,Atlantic Coast Conference,https://cuse.com/sports/womens-volleyball/roster/2025,2026-07-20T00:58:02.877796+00:00,73.15611814345992,Aliso Viejo,CA,USA,2025,False
Emma Ortiz,L/DS,SO,,Syracuse University,DI,ACC,Atlantic Coast Conference,https://cuse.com/sports/womens-volleyball/roster/2025,2026-07-20T00:58:02.877796+00:00,66.12328767123287,Orlando,FL,USA,2025,False
Elizabeth Turner,OH,FR,,Syracuse University,DI,ACC,Atlantic Coast Conference,https://cuse.com/sports/womens-volleyball/roster/2025,2026-07-20T00:58:02.877796+00:00,71.45390070921985,Pine Bluff,AR,USA,2025,False
Marie Laurio,OH,FR,,Syracuse University,DI,ACC,Atlantic Coast Conference,https://cuse.com/sports/womens-volleyball/roster/2025,2026-07-20T00:58:02.877796+00:00,71.45390070921985,Ann Arbor,MI,USA,2025,False
Sydnie Waller,OPP,JR,,Syracuse University,DI,ACC,Atlantic Coast Conference,https://cuse.com/sports/womens-volleyball/roster/2025,2026-07-20T00:58:02.877796+00:00,72.57241379310345,Franklin,TN,USA,2025,False
Skylar George,OH,R-SO,,Syracuse University,DI,ACC,Atlantic Coast Conference,https://cuse.com/sports/womens-volleyball/roster/2025,2026-07-20T00:58:02.877796+00:00,71.45390070921985,Houston,TX,USA,2025,False
Reese Teves,L/DS,SO,,Syracuse University,DI,ACC,Atlantic Coast Conference,https://cuse.com/sports/womens-volleyball/roster/2025,2026-07-20T00:58:02.877796+00:00,66.12328767123287,Waipahu,HI,USA,2025,False
Rana Yamada,L/DS,JR,,Syracuse University,DI,ACC,Atlantic Coast Conference,https://cuse.com/sports/womens-volleyball/roster/2025,2026-07-20T00:58:02.877796+00:00,66.12328767123287,Kanagawa,,Japan,2025,False
Zharia Harris-Waddy,MB,JR,,Syracuse University,DI,ACC,Atlantic Coast Conference,https://cuse.com/sports/womens-volleyball/roster/2025,2026-07-20T00:58:02.877796+00:00,73.15611814345992,Lawnside,NJ,USA,2025,False
Tehya Maeva,S,JR,,Syracuse University,DI,ACC,Atlantic Coast Conference,https://cuse.com/sports/womens-volleyball/roster/2025,2026-07-20T00:58:02.877796+00:00,69.69760479041916,San Diego,CA,USA,2025,False
Piper Willinger,S,SR,,Syracuse University,DI,ACC,Atlantic Coast Conference,https://cuse.com/sports/womens-volleyball/roster/2025,2026-07-20T00:58:02.877796+00:00,69.69760479041916,Houston,TX,USA,2025,False
Oreva Evivie,MB,GR,,Syracuse University,DI,ACC,Atlantic Coast Conference,https://cuse.com/sports/womens-volleyball/roster/2025,2026-07-20T00:58:02.877796+00:00,73.15611814345992,Charlotte,NC,USA,2025,False
Gabriella McLaughlin,OH,SR,,Syracuse University,DI,ACC,Atlantic Coast Conference,https://cuse.com/sports/womens-volleyball/roster/2025,2026-07-20T00:58:02.877796+00:00,71.45390070921985,Temecula,CA,USA,2025,False
Soana Lea'ea,MB,GR,,Syracuse University,DI,ACC,Atlantic Coast Conference,https://cuse.com/sports/womens-volleyball/roster/2025,2026-07-20T00:58:02.877796+00:00,73.15611814345992,Las Vegas,NV,USA,2025,False
Ashlee Gnau,L/DS,SO,,Syracuse University,DI,ACC,Atlantic Coast Conference,https://cuse.com/sports/womens-volleyball/roster/2025,2026-07-20T00:58:02.877796+00:00,66.12328767123287,Northville,MI,USA,2025,False
Leila Paraoan,OH,FR,,Tarleton State University,DI,WAC,Western Athletic Conference,https://tarletonsports.com/sports/womens-volleyball/roster/2025,2026-07-20T00:58:05.552613+00:00,70.0,Kapolei,HI,USA,2025,False
LaNeah Lara,OH,JR,,Tarleton State University,DI,WAC,Western Athletic Conference,https://tarletonsports.com/sports/womens-volleyball/roster/2025,2026-07-20T00:58:05.552613+00:00,70.0,Anthony,NM,USA,2025,False
Breannah Peterson,OPP,JR,,Tarleton State University,DI,WAC,Western Athletic Conference,https://tarletonsports.com/sports/womens-volleyball/roster/2025,2026-07-20T00:58:05.552613+00:00,74.0,El Paso,TX,USA,2025,False
Megan Hodges,S,SR,,Tarleton State University,DI,WAC,Western Athletic Conference,https://tarletonsports.com/sports/womens-volleyball/roster/2025,2026-07-20T00:58:05.552613+00:00,68.0,Celina,TX,USA,2025,False
Emma Burke,MB,SR,,Tarleton State University,DI,WAC,Western Athletic Conference,https://tarletonsports.com/sports/womens-volleyball/roster/2025,2026-07-20T00:58:05.552613+00:00,71.0,Godley,TX,USA,2025,False
Teya Nguyen,S,R-SO,,Tarleton State University,DI,WAC,Western Athletic Conference,https://tarletonsports.com/sports/womens-volleyball/roster/2025,2026-07-20T00:58:05.552613+00:00,69.0,San Jose,CA,USA,2025,False
Makayla White,MB,FR,,Tarleton State University,DI,WAC,Western Athletic Conference,https://tarletonsports.com/sports/womens-volleyball/roster/2025,2026-07-20T00:58:05.552613+00:00,75.0,Kyle,TX,USA,2025,False
Mickhaila Murray,OH,SO,,Temple University,DI,American,American Conference,https://owlsports.com/sports/womens-volleyball/roster/2025,2026-07-20T00:58:08.601787+00:00,70.0,Manassas,VA,USA,2025,False
Christiana Greene,OH,SO,,Temple University,DI,American,American Conference,https://owlsports.com/sports/womens-volleyball/roster/2025,2026-07-20T00:58:08.601787+00:00,70.0,Columbia,SC,USA,2025,False
Abby Jhun,L/DS,JR,,Temple University,DI,American,American Conference,https://owlsports.com/sports/womens-volleyball/roster/2025,2026-07-20T00:58:08.601787+00:00,66.0,Roswell,GA,USA,2025,False
Jaya Moore,OPP,SO,Charlotte,Temple University,DI,American,American Conference,https://owlsports.com/sports/womens-volleyball/roster/2025,2026-07-20T00:58:08.601787+00:00,73.0,Kennesaw,GA,USA,2025,False
Lexi Yoza,S,JR,,Temple University,DI,American,American Conference,https://owlsports.com/sports/womens-volleyball/roster/2025,2026-07-20T00:58:08.601787+00:00,67.0,Scottsdale,AZ,USA,2025,False
Claudia Rivera,L/DS,FR,,Temple University,DI,American,American Conference,https://owlsports.com/sports/womens-volleyball/roster/2025,2026-07-20T00:58:08.601787+00:00,61.0,Guaynabo,,PR,2025,False
Mariyana Cardwell,OPP,FR,,Temple University,DI,American,American Conference,https://owlsports.com/sports/womens-volleyball/roster/2025,2026-07-20T00:58:08.601787+00:00,73.0,Miami Gardens,FL,USA,2025,False
Qairo Bentley,OH,GR,Boise State,Temple University,DI,American,American Conference,https://owlsports.com/sports/womens-volleyball/roster/2025,2026-07-20T00:58:08.601787+00:00,72.0,Denver,CO,USA,2025,False
Sofia Hardy,L/DS,JR,,Temple University,DI,American,American Conference,https://owlsports.com/sports/womens-volleyball/roster/2025,2026-07-20T00:58:08.601787+00:00,66.0,Ashburn,VA,USA,2025,False
Steel Sinai,MB,FR,,Temple University,DI,American,American Conference,https://owlsports.com/sports/womens-volleyball/roster/2025,2026-07-20T00:58:08.601787+00:00,75.0,Beaverton,OR,USA,2025,False
Maddie Metcalf,L/DS,FR,,Temple University,DI,American,American Conference,https://owlsports.com/sports/womens-volleyball/roster/2025,2026-07-20T00:58:08.601787+00:00,62.0,Glen Mills,PA,USA,2025,False
Ope Aladetimi,OH,FR,,Temple University,DI,American,American Conference,https://owlsports.com/sports/womens-volleyball/roster/2025,2026-07-20T00:58:08.601787+00:00,73.0,Sugar Land,TX,USA,2025,False
Leia Harper,OH,GR,Georgia Tech,Temple University,DI,American,American Conference,https://owlsports.com/sports/womens-volleyball/roster/2025,2026-07-20T00:58:08.601787+00:00,74.0,Martinsburg,WV,USA,2025,False
Sofia Vega Lopez,OH,FR,,Temple University,DI,American,American Conference,https://owlsports.com/sports/womens-volleyball/roster/2025,2026-07-20T00:58:08.601787+00:00,73.0,San Juan,,PR,2025,False
Makayla Batten,MB,FR,,Temple University,DI,American,American Conference,https://owlsports.com/sports/womens-volleyball/roster/2025,2026-07-20T00:58:08.601787+00:00,75.0,Audubon,PA,USA,2025,False
Daniella Gonzalez Murati,S,FR,,Temple University,DI,American,American Conference,https://owlsports.com/sports/womens-volleyball/roster/2025,2026-07-20T00:58:08.601787+00:00,72.0,Gurabo,,PR,2025,False
Alyssa Finister,MB,SR,East Carolina,Temple University,DI,American,American Conference,https://owlsports.com/sports/womens-volleyball/roster/2025,2026-07-20T00:58:08.601787+00:00,71.0,Houston,TX,USA,2025,False
Katie Hickey,MB,SR,Stony Brook,Temple University,DI,American,American Conference,https://owlsports.com/sports/womens-volleyball/roster/2025,2026-07-20T00:58:08.601787+00:00,74.0,Ronkonkoma,NY,USA,2025,False
Olivia Hummel,OH,JR,,Temple University,DI,American,American Conference,https://owlsports.com/sports/womens-volleyball/roster/2025,2026-07-20T00:58:08.601787+00:00,72.0,Cary,NC,USA,2025,False
Kenna Buchanan,OH,JR,,Texas A&M University-Corpus Christi,DI,Southland,Southland Conference,https://goislanders.com/sports/womens-volleyball/roster/2025,2026-07-20T00:58:33.227360+00:00,69.0,Midlothian,TX,USA,2025,False
Alessia Gallo,L/DS,SR,,Texas A&M University-Corpus Christi,DI,Southland,Southland Conference,https://goislanders.com/sports/womens-volleyball/roster/2025,2026-07-20T00:58:33.227360+00:00,66.0,Milan,,Italy,2025,False
Kaitlyn Baumann,MB,SR,,Texas A&M University-Corpus Christi,DI,Southland,Southland Conference,https://goislanders.com/sports/womens-volleyball/roster/2025,2026-07-20T00:58:33.227360+00:00,72.0,Morton,IL,USA,2025,False
Simone Grieser,S,R-FR,,Texas A&M University-Corpus Christi,DI,Southland,Southland Conference,https://goislanders.com/sports/womens-volleyball/roster/2025,2026-07-20T00:58:33.227360+00:00,72.0,Woodville,WA,USA,2025,False
Jaeda Rawls-Fletcher,MB,FR,,Texas A&M University-Corpus Christi,DI,Southland,Southland Conference,https://goislanders.com/sports/womens-volleyball/roster/2025,2026-07-20T00:58:33.227360+00:00,70.0,Houston,TX,USA,2025,False
Brooklyn Jaeger,OH,R-SO,,Texas A&M University-Corpus Christi,DI,Southland,Southland Conference,https://goislanders.com/sports/womens-volleyball/roster/2025,2026-07-20T00:58:33.227360+00:00,68.0,Fayetteville,TX,USA,2025,False
Ella Busey,OH,R-SO,,Texas A&M University-Corpus Christi,DI,Southland,Southland Conference,https://goislanders.com/sports/womens-volleyball/roster/2025,2026-07-20T00:58:33.227360+00:00,72.0,Colleyville,TX,USA,2025,False
Ava Hight,S,FR,,Texas A&M University-Corpus Christi,DI,Southland,Southland Conference,https://goislanders.com/sports/womens-volleyball/roster/2025,2026-07-20T00:58:33.227360+00:00,67.0,Liberty Hill,TX,USA,2025,False
Katelyn Krienke,MB,SR,,Texas A&M University-Corpus Christi,DI,Southland,Southland Conference,https://goislanders.com/sports/womens-volleyball/roster/2025,2026-07-20T00:58:33.227360+00:00,72.0,Cedar Park,TX,USA,2025,False
Virginia Van Der Werff,S,SO,,Texas A&M University-Corpus Christi,DI,Southland,Southland Conference,https://goislanders.com/sports/womens-volleyball/roster/2025,2026-07-20T00:58:33.227360+00:00,71.0,Lansing,KS,USA,2025,False
Logan Dyer,OH,FR,,Texas A&M University-Corpus Christi,DI,Southland,Southland Conference,https://goislanders.com/sports/womens-volleyball/roster/2025,2026-07-20T00:58:33.227360+00:00,77.0,Waco,TX,USA,2025,False
Lacey Kusiner,OH,FR,,Texas Southern University,DI,SWAC,Southwestern Athletic Conf.,https://tsusports.com/sports/womens-volleyball/roster/2025,2026-07-20T00:58:38.955336+00:00,71.0,Apple Valley,MN,USA,2025,False
Morgynne McQueen,MB,SO,,Texas Southern University,DI,SWAC,Southwestern Athletic Conf.,https://tsusports.com/sports/womens-volleyball/roster/2025,2026-07-20T00:58:38.955336+00:00,74.0,Fort Worth,TX,USA,2025,False
Kennedi Walker,S,SO,,Texas Southern University,DI,SWAC,Southwestern Athletic Conf.,https://tsusports.com/sports/womens-volleyball/roster/2025,2026-07-20T00:58:38.955336+00:00,68.0,Houston,TX,USA,2025,False
Ava Ray,S,JR,,Texas Southern University,DI,SWAC,Southwestern Athletic Conf.,https://tsusports.com/sports/womens-volleyball/roster/2025,2026-07-20T00:58:38.955336+00:00,65.0,Leesburg,VA,USA,2025,False
Kadence Davison,S,FR,,Texas Southern University,DI,SWAC,Southwestern Athletic Conf.,https://tsusports.com/sports/womens-volleyball/roster/2025,2026-07-20T00:58:38.955336+00:00,68.0,Saint Paul,MN,USA,2025,False
Ava Shankle,OPP,SO,,The Ohio State University,DI,B10,Big Ten Conference,https://ohiostatebuckeyes.com/sports/womens-volleyball/roster/2025,2026-07-20T00:58:50.610489+00:00,72.0,Colleyville,TX,USA,2025,False
Ashley Carr,MB,R-SR,,The Ohio State University,DI,B10,Big Ten Conference,https://ohiostatebuckeyes.com/sports/womens-volleyball/roster/2025,2026-07-20T00:58:50.610489+00:00,72.0,Glenview,IL,USA,2025,False
Ella Wrobel,OH,R-JR,,The Ohio State University,DI,B10,Big Ten Conference,https://ohiostatebuckeyes.com/sports/womens-volleyball/roster/2025,2026-07-20T00:58:50.610489+00:00,76.0,Plainfield,IL,USA,2025,False
Kamiah Gibson,S,SR,,The Ohio State University,DI,B10,Big Ten Conference,https://ohiostatebuckeyes.com/sports/womens-volleyball/roster/2025,2026-07-20T00:58:50.610489+00:00,73.0,Medina,OH,USA,2025,False
Olivia Hasbrook,L/DS,SO,,The Ohio State University,DI,B10,Big Ten Conference,https://ohiostatebuckeyes.com/sports/womens-volleyball/roster/2025,2026-07-20T00:58:50.610489+00:00,68.0,Eureka,MO,USA,2025,False
Sydney Wyman,MB,R-SR,,The Ohio State University,DI,B10,Big Ten Conference,https://ohiostatebuckeyes.com/sports/womens-volleyball/roster/2025,2026-07-20T00:58:50.610489+00:00,72.0,Auberry,CA,USA,2025,False
Mia Tuman,S,JR,,The Ohio State University,DI,B10,Big Ten Conference,https://ohiostatebuckeyes.com/sports/womens-volleyball/roster/2025,2026-07-20T00:58:50.610489+00:00,72.0,Sewickley,PA,USA,2025,False
Na'Vea Gauthier,OH,FR,,The Ohio State University,DI,B10,Big Ten Conference,https://ohiostatebuckeyes.com/sports/womens-volleyball/roster/2025,2026-07-20T00:58:50.610489+00:00,73.0,Shelby,MI,USA,2025,False
Kaitlyn Hoffman,L/DS,JR,,The Ohio State University,DI,B10,Big Ten Conference,https://ohiostatebuckeyes.com/sports/womens-volleyball/roster/2025,2026-07-20T00:58:50.610489+00:00,68.0,Novi,MI,USA,2025,False
Mia Stahler,L/DS,FR,,The Ohio State University,DI,B10,Big Ten Conference,https://ohiostatebuckeyes.com/sports/womens-volleyball/roster/2025,2026-07-20T00:58:50.610489+00:00,64.0,Zanesfield,OH,USA,2025,False
Reese Wuebker,OH,SO,,The Ohio State University,DI,B10,Big Ten Conference,https://ohiostatebuckeyes.com/sports/womens-volleyball/roster/2025,2026-07-20T00:58:50.610489+00:00,69.0,Centerville,OH,USA,2025,False
Abby Yoder,S,SO,,The Ohio State University,DI,B10,Big Ten Conference,https://ohiostatebuckeyes.com/sports/womens-volleyball/roster/2025,2026-07-20T00:58:50.610489+00:00,70.0,Loveland,OH,USA,2025,False
Kaia Castle,MB,R-FR,,The Ohio State University,DI,B10,Big Ten Conference,https://ohiostatebuckeyes.com/sports/womens-volleyball/roster/2025,2026-07-20T00:58:50.610489+00:00,76.0,Montrose,MN,USA,2025,False
Hannah Jones,OH,JR,,The Ohio State University,DI,B10,Big Ten Conference,https://ohiostatebuckeyes.com/sports/womens-volleyball/roster/2025,2026-07-20T00:58:50.610489+00:00,73.0,Millbrook,AL,USA,2025,False
Zaria Ragler,MB,R-JR,,The Ohio State University,DI,B10,Big Ten Conference,https://ohiostatebuckeyes.com/sports/womens-volleyball/roster/2025,2026-07-20T00:58:50.610489+00:00,72.0,Gambrills,MD,USA,2025,False
Magdalena Juric,OPP,R-SR,,The Ohio State University,DI,B10,Big Ten Conference,https://ohiostatebuckeyes.com/sports/womens-volleyball/roster/2025,2026-07-20T00:58:50.610489+00:00,76.0,Zadar,,Croatia,2025,False
Zeynep Belgutay,MB,FR,,Towson University,DI,CAA,Coastal Athletic Association,https://towsontigers.com/sports/womens-volleyball/roster/2025,2026-07-20T00:59:08.256701+00:00,73.0,Istanbul,,Turkey,2025,False
Avery Burks,OH,JR,,Tulane University,DI,American,American Conference,https://tulanegreenwave.com/sports/womens-volleyball/roster/2025,2026-07-20T00:59:13.960291+00:00,71.45390070921985,Gilbert,AZ,USA,2025,False
Jordan White,MB,JR,,Tulane University,DI,American,American Conference,https://tulanegreenwave.com/sports/womens-volleyball/roster/2025,2026-07-20T00:59:13.960291+00:00,73.15611814345992,Suwanee,GA,USA,2025,False
Lily Wedman,S,FR,,Tulane University,DI,American,American Conference,https://tulanegreenwave.com/sports/womens-volleyball/roster/2025,2026-07-20T00:59:13.960291+00:00,69.69760479041916,Overland Park,KS,USA,2025,False
Fatima Samb,MB,GR,,Tulane University,DI,American,American Conference,https://tulanegreenwave.com/sports/womens-volleyball/roster/2025,2026-07-20T00:59:13.960291+00:00,73.15611814345992,Ponte Vedra,FL,USA,2025,False
Dayla Ortiz,L/DS,SO,,Tulane University,DI,American,American Conference,https://tulanegreenwave.com/sports/womens-volleyball/roster/2025,2026-07-20T00:59:13.960291+00:00,66.12328767123287,Marietta,GA,USA,2025,False
Maiella Blandin,MB,SO,,Tulane University,DI,American,American Conference,https://tulanegreenwave.com/sports/womens-volleyball/roster/2025,2026-07-20T00:59:13.960291+00:00,73.15611814345992,Farmington,CT,USA,2025,False
Lora Cole,MB,SO,,Tulane University,DI,American,American Conference,https://tulanegreenwave.com/sports/womens-volleyball/roster/2025,2026-07-20T00:59:13.960291+00:00,73.15611814345992,Natchitoches,LA,USA,2025,False
Ava Derbes,OPP,SR,,Tulane University,DI,American,American Conference,https://tulanegreenwave.com/sports/womens-volleyball/roster/2025,2026-07-20T00:59:13.960291+00:00,72.57241379310345,College Station,TX,USA,2025,False
Annabelle He,L/DS,SR,,Tulane University,DI,American,American Conference,https://tulanegreenwave.com/sports/womens-volleyball/roster/2025,2026-07-20T00:59:13.960291+00:00,66.12328767123287,Ridgewood,NJ,USA,2025,False
Piper Mickenheim,L/DS,FR,,Tulane University,DI,American,American Conference,https://tulanegreenwave.com/sports/womens-volleyball/roster/2025,2026-07-20T00:59:13.960291+00:00,66.12328767123287,Argyle,TX,USA,2025,False
Maddy McLin,MB,FR,,Tulane University,DI,American,American Conference,https://tulanegreenwave.com/sports/womens-volleyball/roster/2025,2026-07-20T00:59:13.960291+00:00,73.15611814345992,Alpharetta,GA,USA,2025,False
Katherine Crosley,S,SR,,Tulane University,DI,American,American Conference,https://tulanegreenwave.com/sports/womens-volleyball/roster/2025,2026-07-20T00:59:13.960291+00:00,69.69760479041916,Austin,TX,USA,2025,False
Lauryn Mack,OH,FR,,Tulane University,DI,American,American Conference,https://tulanegreenwave.com/sports/womens-volleyball/roster/2025,2026-07-20T00:59:13.960291+00:00,71.45390070921985,Fort Worth,TX,USA,2025,False
Ashley Sturzoiu,OH,JR,,Tulane University,DI,American,American Conference,https://tulanegreenwave.com/sports/womens-volleyball/roster/2025,2026-07-20T00:59:13.960291+00:00,71.45390070921985,Buford,GA,USA,2025,False
Sabrina Skyers,MB,GR,,Tulane University,DI,American,American Conference,https://tulanegreenwave.com/sports/womens-volleyball/roster/2025,2026-07-20T00:59:13.960291+00:00,73.15611814345992,West Orange,NJ,USA,2025,False
Zoe Rachow,S,JR,,Tulane University,DI,American,American Conference,https://tulanegreenwave.com/sports/womens-volleyball/roster/2025,2026-07-20T00:59:13.960291+00:00,69.69760479041916,Chula Vista,CA,USA,2025,False
Agata Beksha,OPP,R-JR,,Tulane University,DI,American,American Conference,https://tulanegreenwave.com/sports/womens-volleyball/roster/2025,2026-07-20T00:59:13.960291+00:00,72.57241379310345,Grodno,,Belarus,2025,False
Amelia Haggins,OH,SO,,Tulane University,DI,American,American Conference,https://tulanegreenwave.com/sports/womens-volleyball/roster/2025,2026-07-20T00:59:13.960291+00:00,71.45390070921985,Tallahassee,FL,USA,2025,False
Ally Alessio,L/DS,JR,,U.S. Naval Academy,DI,PL,Patriot League,https://navysports.com/sports/womens-volleyball/roster/2025,2026-07-20T00:59:22.259042+00:00,64.0,Scottsdale,AZ,USA,2025,False
Farrah Eike,OH,SO,,U.S. Naval Academy,DI,PL,Patriot League,https://navysports.com/sports/womens-volleyball/roster/2025,2026-07-20T00:59:22.259042+00:00,72.0,Parker,CO,USA,2025,False
Arleigh Hanson,S,JR,,U.S. Naval Academy,DI,PL,Patriot League,https://navysports.com/sports/womens-volleyball/roster/2025,2026-07-20T00:59:22.259042+00:00,72.0,Alexandria,VA,USA,2025,False
Isa Boyd,S,SO,,U.S. Naval Academy,DI,PL,Patriot League,https://navysports.com/sports/womens-volleyball/roster/2025,2026-07-20T00:59:22.259042+00:00,67.0,Atlanta,GA,USA,2025,False
Paige Buzzerio,OH,JR,,U.S. Naval Academy,DI,PL,Patriot League,https://navysports.com/sports/womens-volleyball/roster/2025,2026-07-20T00:59:22.259042+00:00,74.0,Chino Hills,CA,USA,2025,False
Emerson Lionberger,MB,SO,,U.S. Naval Academy,DI,PL,Patriot League,https://navysports.com/sports/womens-volleyball/roster/2025,2026-07-20T00:59:22.259042+00:00,72.0,Lincoln,NE,USA,2025,False
Caroline Buffum,OH,FR,,U.S. Naval Academy,DI,PL,Patriot League,https://navysports.com/sports/womens-volleyball/roster/2025,2026-07-20T00:59:22.259042+00:00,71.0,Raleigh,NC,USA,2025,False
Lainey Feighery,S,SR,,U.S. Naval Academy,DI,PL,Patriot League,https://navysports.com/sports/womens-volleyball/roster/2025,2026-07-20T00:59:22.259042+00:00,70.0,Herndon,VA,USA,2025,False
Ellen Gundlach,MB,FR,,U.S. Naval Academy,DI,PL,Patriot League,https://navysports.com/sports/womens-volleyball/roster/2025,2026-07-20T00:59:22.259042+00:00,72.0,Chicago,IL,USA,2025,False
Julia Humphrey,MB,SR,,U.S. Naval Academy,DI,PL,Patriot League,https://navysports.com/sports/womens-volleyball/roster/2025,2026-07-20T00:59:22.259042+00:00,74.0,Stokesdale,NC,USA,2025,False
Baylee Doolan,L/DS,FR,,U.S. Naval Academy,DI,PL,Patriot League,https://navysports.com/sports/womens-volleyball/roster/2025,2026-07-20T00:59:22.259042+00:00,68.0,Hagerstown,MD,USA,2025,False
Caroline Kaye,OPP,FR,,U.S. Naval Academy,DI,PL,Patriot League,https://navysports.com/sports/womens-volleyball/roster/2025,2026-07-20T00:59:22.259042+00:00,72.0,Rockville,MD,USA,2025,False
Ava Toppin,MB,SR,,U.S. Naval Academy,DI,PL,Patriot League,https://navysports.com/sports/womens-volleyball/roster/2025,2026-07-20T00:59:22.259042+00:00,71.0,Carolina Beach,NC,USA,2025,False
Anuhea Hauanio-Lore,OH,SR,,U.S. Naval Academy,DI,PL,Patriot League,https://navysports.com/sports/womens-volleyball/roster/2025,2026-07-20T00:59:22.259042+00:00,69.0,Honolulu,HI,USA,2025,False
Amara Chambers,L/DS,SO,,U.S. Naval Academy,DI,PL,Patriot League,https://navysports.com/sports/womens-volleyball/roster/2025,2026-07-20T00:59:22.259042+00:00,66.0,Hillsborough,NC,USA,2025,False
Grace Burgoyne,MB,JR,,U.S. Naval Academy,DI,PL,Patriot League,https://navysports.com/sports/womens-volleyball/roster/2025,2026-07-20T00:59:22.259042+00:00,76.0,Marshfield,MA,USA,2025,False
Siena Morgan,MB,FR,,U.S. Naval Academy,DI,PL,Patriot League,https://navysports.com/sports/womens-volleyball/roster/2025,2026-07-20T00:59:22.259042+00:00,71.0,Los Angeles,CA,USA,2025,False
Renee Jones,OPP,FR,,University of Arizona,DI,B12,Big 12 Conference,https://arizonawildcats.com/sports/womens-volleyball/roster/2025,2026-07-20T00:59:39.730195+00:00,77.0,Fort Washington,MD,USA,2025,False
Maya Flemister,MB,FR,,University of Arizona,DI,B12,Big 12 Conference,https://arizonawildcats.com/sports/womens-volleyball/roster/2025,2026-07-20T00:59:39.730195+00:00,75.0,Centennial,CO,USA,2025,False
Jordan Wilson,OH,SR,,University of Arizona,DI,B12,Big 12 Conference,https://arizonawildcats.com/sports/womens-volleyball/roster/2025,2026-07-20T00:59:39.730195+00:00,72.0,Gilbert,AZ,USA,2025,False
Avery Scoggins,S,SO,,University of Arizona,DI,B12,Big 12 Conference,https://arizonawildcats.com/sports/womens-volleyball/roster/2025,2026-07-20T00:59:39.730195+00:00,72.0,New Bern,NC,USA,2025,False
Ana Heath,OPP,SR,,University of Arizona,DI,B12,Big 12 Conference,https://arizonawildcats.com/sports/womens-volleyball/roster/2025,2026-07-20T00:59:39.730195+00:00,70.0,Murphy,TX,USA,2025,False
Britt Carlson,OPP,R-JR,,University of Arizona,DI,B12,Big 12 Conference,https://arizonawildcats.com/sports/womens-volleyball/roster/2025,2026-07-20T00:59:39.730195+00:00,76.0,Woodbury,MN,USA,2025,False
Paige Thies,OH,FR,,University of Arizona,DI,B12,Big 12 Conference,https://arizonawildcats.com/sports/womens-volleyball/roster/2025,2026-07-20T00:59:39.730195+00:00,74.0,Oregon City,OR,USA,2025,False
Carlie Cisneros,OH,SO,,University of Arizona,DI,B12,Big 12 Conference,https://arizonawildcats.com/sports/womens-volleyball/roster/2025,2026-07-20T00:59:39.730195+00:00,72.0,Kansas City,MO,USA,2025,False
Adrianna Bridges,MB,SO,,University of Arizona,DI,B12,Big 12 Conference,https://arizonawildcats.com/sports/womens-volleyball/roster/2025,2026-07-20T00:59:39.730195+00:00,76.0,Pembroke Pines,FL,USA,2025,False
Chloe Giehtbrock,S,FR,,University of Arizona,DI,B12,Big 12 Conference,https://arizonawildcats.com/sports/womens-volleyball/roster/2025,2026-07-20T00:59:39.730195+00:00,73.0,Clarkston,MI,USA,2025,False
Journey Tucker,MB,JR,,University of Arizona,DI,B12,Big 12 Conference,https://arizonawildcats.com/sports/womens-volleyball/roster/2025,2026-07-20T00:59:39.730195+00:00,74.0,Buckeye,AZ,USA,2025,False
Maggie McCarroll,S,FR,,"University of Arkansas, Fayetteville",DI,SEC,Southeastern Conference,https://arkansasrazorbacks.com/sport/w-volley/roster//2025,2026-07-20T00:59:45.352064+00:00,72.0,Austin,TX,USA,2025,False
Paisley Pavliska,OH,FR,,"University of Arkansas, Fayetteville",DI,SEC,Southeastern Conference,https://arkansasrazorbacks.com/sport/w-volley/roster//2025,2026-07-20T00:59:45.352064+00:00,69.0,La Vernia,TX,USA,2025,False
Layla Smith,MB,SR,,"University of Arkansas, Fayetteville",DI,SEC,Southeastern Conference,https://arkansasrazorbacks.com/sport/w-volley/roster//2025,2026-07-20T00:59:45.352064+00:00,74.0,Houston,TX,USA,2025,False
Elsie Law,MB,FR,,"University of Arkansas, Fayetteville",DI,SEC,Southeastern Conference,https://arkansasrazorbacks.com/sport/w-volley/roster//2025,2026-07-20T00:59:45.352064+00:00,74.0,Salado,TX,USA,2025,False
Madi Benne,L/DS,FR,,"University of Arkansas, Fayetteville",DI,SEC,Southeastern Conference,https://arkansasrazorbacks.com/sport/w-volley/roster//2025,2026-07-20T00:59:45.352064+00:00,67.0,Lee's Summit,MO,USA,2025,False
Bella Knoernschild,L/DS,FR,,"University of Arkansas, Fayetteville",DI,SEC,Southeastern Conference,https://arkansasrazorbacks.com/sport/w-volley/roster//2025,2026-07-20T00:59:45.352064+00:00,66.0,Russellville,AR,USA,2025,False
Laci Bohannan,OH,SR,,"University of Arkansas, Fayetteville",DI,SEC,Southeastern Conference,https://arkansasrazorbacks.com/sport/w-volley/roster//2025,2026-07-20T00:59:45.352064+00:00,72.0,Benton,AR,USA,2025,False
Journey Peppers,MB,SO,,"University of Arkansas, Fayetteville",DI,SEC,Southeastern Conference,https://arkansasrazorbacks.com/sport/w-volley/roster//2025,2026-07-20T00:59:45.352064+00:00,76.0,Hensley,AR,USA,2025,False
Parker Duncan,OH,SO,,"University of Arkansas, Fayetteville",DI,SEC,Southeastern Conference,https://arkansasrazorbacks.com/sport/w-volley/roster//2025,2026-07-20T00:59:45.352064+00:00,73.0,Austin,TX,USA,2025,False
Lakin Laurendine,OH,JR,,"University of Arkansas, Fayetteville",DI,SEC,Southeastern Conference,https://arkansasrazorbacks.com/sport/w-volley/roster//2025,2026-07-20T00:59:45.352064+00:00,73.0,Jackson,MS,USA,2025,False
Gaby Cornier,L/DS,JR,,"University of Arkansas, Fayetteville",DI,SEC,Southeastern Conference,https://arkansasrazorbacks.com/sport/w-volley/roster//2025,2026-07-20T00:59:45.352064+00:00,66.0,Santurce,,PR,2025,False
Kiki Remensperger,S,JR,,"University of Arkansas, Fayetteville",DI,SEC,Southeastern Conference,https://arkansasrazorbacks.com/sport/w-volley/roster//2025,2026-07-20T00:59:45.352064+00:00,69.0,San Diego,CA,USA,2025,False
Livia Niu,S,JR,,"University of Arkansas, Fayetteville",DI,SEC,Southeastern Conference,https://arkansasrazorbacks.com/sport/w-volley/roster//2025,2026-07-20T00:59:45.352064+00:00,73.0,Salado,TX,USA,2025,False
Aleki Alexander,MB,R-SO,,"University of Arkansas, Fayetteville",DI,SEC,Southeastern Conference,https://arkansasrazorbacks.com/sport/w-volley/roster//2025,2026-07-20T00:59:45.352064+00:00,74.0,Blue Springs,MO,USA,2025,False
Romani Thurman,OPP,SR,,"University of Arkansas, Fayetteville",DI,SEC,Southeastern Conference,https://arkansasrazorbacks.com/sport/w-volley/roster//2025,2026-07-20T00:59:45.352064+00:00,70.0,Little Rock,AR,USA,2025,False
Ava Roth,L/DS,R-JR,,"University of Arkansas, Fayetteville",DI,SEC,Southeastern Conference,https://arkansasrazorbacks.com/sport/w-volley/roster//2025,2026-07-20T00:59:45.352064+00:00,66.0,Festus,MO,USA,2025,False
Lily Dudley,OH,R-JR,,"University of Arkansas, Fayetteville",DI,SEC,Southeastern Conference,https://arkansasrazorbacks.com/sport/w-volley/roster//2025,2026-07-20T00:59:45.352064+00:00,71.0,Columbia,MO,USA,2025,False
Haley Reeves,OH,SO,,"University of Arkansas, Pine Bluff",DI,SWAC,Southwestern Athletic Conf.,https://uapblionsroar.com/sports/womens-volleyball/roster/2025,2026-07-20T00:59:48.624646+00:00,71.45390070921985,Mansfield,TX,USA,2025,False
Jada Shepherd,S,SO,,"University of Arkansas, Pine Bluff",DI,SWAC,Southwestern Athletic Conf.,https://uapblionsroar.com/sports/womens-volleyball/roster/2025,2026-07-20T00:59:48.624646+00:00,69.69760479041916,Dallas,TX,USA,2025,False
Trinity Gibbs,L/DS,FR,,"University of Arkansas, Pine Bluff",DI,SWAC,Southwestern Athletic Conf.,https://uapblionsroar.com/sports/womens-volleyball/roster/2025,2026-07-20T00:59:48.624646+00:00,66.12328767123287,Belleville,IL,USA,2025,False
Martyna Lubowicz,S,JR,,"University of Arkansas, Pine Bluff",DI,SWAC,Southwestern Athletic Conf.,https://uapblionsroar.com/sports/womens-volleyball/roster/2025,2026-07-20T00:59:48.624646+00:00,69.69760479041916,Opole,,Poland,2025,False
Ja'kira Brown,OH,SR,,"University of Arkansas, Pine Bluff",DI,SWAC,Southwestern Athletic Conf.,https://uapblionsroar.com/sports/womens-volleyball/roster/2025,2026-07-20T00:59:48.624646+00:00,71.45390070921985,Baton Rouge,LA,USA,2025,False
Samantha Newman,OH,SR,,"University of Arkansas, Pine Bluff",DI,SWAC,Southwestern Athletic Conf.,https://uapblionsroar.com/sports/womens-volleyball/roster/2025,2026-07-20T00:59:48.624646+00:00,71.45390070921985,Alvarado,TX,USA,2025,False
Ashanti Butler,MB,JR,,"University of Arkansas, Pine Bluff",DI,SWAC,Southwestern Athletic Conf.,https://uapblionsroar.com/sports/womens-volleyball/roster/2025,2026-07-20T00:59:48.624646+00:00,73.15611814345992,Houston,TX,USA,2025,False
Marlina Anderson,MB,SO,,"University of Arkansas, Pine Bluff",DI,SWAC,Southwestern Athletic Conf.,https://uapblionsroar.com/sports/womens-volleyball/roster/2025,2026-07-20T00:59:48.624646+00:00,73.15611814345992,Indianapolis,IN,USA,2025,False
MacKenzie McDowell,L/DS,SR,,"University of Arkansas, Pine Bluff",DI,SWAC,Southwestern Athletic Conf.,https://uapblionsroar.com/sports/womens-volleyball/roster/2025,2026-07-20T00:59:48.624646+00:00,66.12328767123287,Sugar Land,TX,USA,2025,False
Ashleigh Woodruff,MB,JR,,"University of California, Berkeley",DI,ACC,Atlantic Coast Conference,https://calbears.com/sports/womens-volleyball/roster/2025,2026-07-20T00:59:51.679547+00:00,75.0,Scarsdale,NY,USA,2025,False
Mikayla Hayden,MB,SR,,"University of California, Berkeley",DI,ACC,Atlantic Coast Conference,https://calbears.com/sports/womens-volleyball/roster/2025,2026-07-20T00:59:51.679547+00:00,73.0,Buford,GA,USA,2025,False
Annemarie O'Gara,OPP,FR,,"University of California, Berkeley",DI,ACC,Atlantic Coast Conference,https://calbears.com/sports/womens-volleyball/roster/2025,2026-07-20T00:59:51.679547+00:00,74.0,Phoenix,AZ,USA,2025,False
Dominique Phills,OH,SO,,"University of California, Berkeley",DI,ACC,Atlantic Coast Conference,https://calbears.com/sports/womens-volleyball/roster/2025,2026-07-20T00:59:51.679547+00:00,73.0,Pearland,TX,USA,2025,False
Grace Agolli,OPP,R-FR,,"University of California, Berkeley",DI,ACC,Atlantic Coast Conference,https://calbears.com/sports/womens-volleyball/roster/2025,2026-07-20T00:59:51.679547+00:00,73.0,Atlanta,GA,USA,2025,False
Natalie Lau,S,SR,,"University of California, Berkeley",DI,ACC,Atlantic Coast Conference,https://calbears.com/sports/womens-volleyball/roster/2025,2026-07-20T00:59:51.679547+00:00,72.0,Brisbane,CA,USA,2025,False
Sawyer Thomsen,MB,JR,,"University of California, Berkeley",DI,ACC,Atlantic Coast Conference,https://calbears.com/sports/womens-volleyball/roster/2025,2026-07-20T00:59:51.679547+00:00,75.0,Lawrence,KS,USA,2025,False
Arissa Carbonara,OH,FR,,"University of California, Berkeley",DI,ACC,Atlantic Coast Conference,https://calbears.com/sports/womens-volleyball/roster/2025,2026-07-20T00:59:51.679547+00:00,73.0,Cuero,TX,USA,2025,False
Ashley Li,OH,JR,,"University of California, Berkeley",DI,ACC,Atlantic Coast Conference,https://calbears.com/sports/womens-volleyball/roster/2025,2026-07-20T00:59:51.679547+00:00,75.0,Diamond Bar,CA,USA,2025,False
Cherlin Antonio,OPP,R-SR,,"University of California, Berkeley",DI,ACC,Atlantic Coast Conference,https://calbears.com/sports/womens-volleyball/roster/2025,2026-07-20T00:59:51.679547+00:00,76.0,La Romana,,Dominican Republic,2025,False
Sophie Scott,MB,R-JR,,"University of California, Berkeley",DI,ACC,Atlantic Coast Conference,https://calbears.com/sports/womens-volleyball/roster/2025,2026-07-20T00:59:51.679547+00:00,76.0,Portland,OR,USA,2025,False
Peyton DeJardin,OH,SR,,"University of California, Berkeley",DI,ACC,Atlantic Coast Conference,https://calbears.com/sports/womens-volleyball/roster/2025,2026-07-20T00:59:51.679547+00:00,73.0,Pasadena,CA,USA,2025,False
Mia Starr,S,JR,,"University of California, Davis",DI,Big West,Big West Conference,https://ucdavisaggies.com/sports/womens-volleyball/roster/2025,2026-07-20T00:59:54.270542+00:00,70.0,Portland,OR,USA,2025,False
Laela Burgess,S,FR,,"University of California, Davis",DI,Big West,Big West Conference,https://ucdavisaggies.com/sports/womens-volleyball/roster/2025,2026-07-20T00:59:54.270542+00:00,68.0,San Luis Obispo,CA,USA,2025,False
Jade Light,OH,SR,,"University of California, Davis",DI,Big West,Big West Conference,https://ucdavisaggies.com/sports/womens-volleyball/roster/2025,2026-07-20T00:59:54.270542+00:00,74.0,Sloughhouse,CA,USA,2025,False
Rachel Dunagan,L/DS,JR,,"University of California, Davis",DI,Big West,Big West Conference,https://ucdavisaggies.com/sports/womens-volleyball/roster/2025,2026-07-20T00:59:54.270542+00:00,70.0,Seattle,WA,USA,2025,False
Demi Cole,MB,SO,,"University of California, Davis",DI,Big West,Big West Conference,https://ucdavisaggies.com/sports/womens-volleyball/roster/2025,2026-07-20T00:59:54.270542+00:00,72.0,Romeoville,IL,USA,2025,False
Allie Caldwell,MB,JR,,"University of California, Davis",DI,Big West,Big West Conference,https://ucdavisaggies.com/sports/womens-volleyball/roster/2025,2026-07-20T00:59:54.270542+00:00,72.0,San Carlos,CA,USA,2025,False
Makena Morrison,L/DS,SR,,"University of California, Davis",DI,Big West,Big West Conference,https://ucdavisaggies.com/sports/womens-volleyball/roster/2025,2026-07-20T00:59:54.270542+00:00,67.0,Whittier,CA,USA,2025,False
Victoria Vanos,OH,SR,,"University of California, Davis",DI,Big West,Big West Conference,https://ucdavisaggies.com/sports/womens-volleyball/roster/2025,2026-07-20T00:59:54.270542+00:00,72.0,San Mateo,CA,USA,2025,False
Ally Chandler,MB,JR,,"University of California, Davis",DI,Big West,Big West Conference,https://ucdavisaggies.com/sports/womens-volleyball/roster/2025,2026-07-20T00:59:54.270542+00:00,74.0,Loomis,CA,USA,2025,False
Ximena Cordero Barr,L/DS,SO,,"University of California, Davis",DI,Big West,Big West Conference,https://ucdavisaggies.com/sports/womens-volleyball/roster/2025,2026-07-20T00:59:54.270542+00:00,70.0,Tijuana,,Mexico,2025,False
Kendall Rogers,MB,SR,,"University of California, Davis",DI,Big West,Big West Conference,https://ucdavisaggies.com/sports/womens-volleyball/roster/2025,2026-07-20T00:59:54.270542+00:00,74.0,Danville,CA,USA,2025,False
Brooke Hibino,OH,JR,,"University of California, Davis",DI,Big West,Big West Conference,https://ucdavisaggies.com/sports/womens-volleyball/roster/2025,2026-07-20T00:59:54.270542+00:00,73.0,Salinas,CA,USA,2025,False
Haden Bones,S,SR,,"University of California, Davis",DI,Big West,Big West Conference,https://ucdavisaggies.com/sports/womens-volleyball/roster/2025,2026-07-20T00:59:54.270542+00:00,65.0,Whittier,CA,USA,2025,False
Reese Diersbock,OH,JR,,"University of California, Davis",DI,Big West,Big West Conference,https://ucdavisaggies.com/sports/womens-volleyball/roster/2025,2026-07-20T00:59:54.270542+00:00,72.0,Kailua,HI,USA,2025,False
McKynzee Beddes,OH,FR,,"University of California, Riverside",DI,Big West,Big West Conference,https://gohighlanders.com/sports/womens-volleyball/roster/2025,2026-07-20T01:00:03.242238+00:00,71.0,Highland,UT,USA,2025,False
Makena Tong,S,SR,,"University of California, Riverside",DI,Big West,Big West Conference,https://gohighlanders.com/sports/womens-volleyball/roster/2025,2026-07-20T01:00:03.242238+00:00,66.0,Honolulu,HI,USA,2025,False
Mia Delahoussaye,OH,JR,Bethune-Cookman,"University of California, Riverside",DI,Big West,Big West Conference,https://gohighlanders.com/sports/womens-volleyball/roster/2025,2026-07-20T01:00:03.242238+00:00,75.0,West Covina,CA,USA,2025,False
Jessica Dean,L/DS,SR,,"University of California, Riverside",DI,Big West,Big West Conference,https://gohighlanders.com/sports/womens-volleyball/roster/2025,2026-07-20T01:00:03.242238+00:00,68.0,San Mateo,CA,USA,2025,False
Brianna Bowyer,OPP,JR,Bakersfield College,"University of California, Riverside",DI,Big West,Big West Conference,https://gohighlanders.com/sports/womens-volleyball/roster/2025,2026-07-20T01:00:03.242238+00:00,73.0,Bakersfield,CA,USA,2025,False
Rachel Schwartz,S,FR,,"University of California, Riverside",DI,Big West,Big West Conference,https://gohighlanders.com/sports/womens-volleyball/roster/2025,2026-07-20T01:00:03.242238+00:00,70.0,Las Vegas,NV,USA,2025,False
Vanessa Imoh,OPP,SO,North Dakota,"University of California, Riverside",DI,Big West,Big West Conference,https://gohighlanders.com/sports/womens-volleyball/roster/2025,2026-07-20T01:00:03.242238+00:00,71.0,Torrance,CA,USA,2025,False
Layla Hooks,MB,SR,New Mexico Highlands,"University of California, Riverside",DI,Big West,Big West Conference,https://gohighlanders.com/sports/womens-volleyball/roster/2025,2026-07-20T01:00:03.242238+00:00,74.0,Mission Viejo,CA,USA,2025,False
Nicole Hughes,OPP,JR,,"University of California, Riverside",DI,Big West,Big West Conference,https://gohighlanders.com/sports/womens-volleyball/roster/2025,2026-07-20T01:00:03.242238+00:00,72.0,La Cañada Flintridge,CA,USA,2025,False
Evelyn Hendrix,MB,SO,Saint Mary's,"University of California, Riverside",DI,Big West,Big West Conference,https://gohighlanders.com/sports/womens-volleyball/roster/2025,2026-07-20T01:00:03.242238+00:00,74.0,Rocklin,CA,USA,2025,False
Izzy Jeffery,MB,SO,,"University of California, Riverside",DI,Big West,Big West Conference,https://gohighlanders.com/sports/womens-volleyball/roster/2025,2026-07-20T01:00:03.242238+00:00,71.0,Carson,CA,USA,2025,False
Kylie Proctor,MB,JR,,"University of California, Riverside",DI,Big West,Big West Conference,https://gohighlanders.com/sports/womens-volleyball/roster/2025,2026-07-20T01:00:03.242238+00:00,75.0,Yucaipa,CA,USA,2025,False
Misu Nguyen,L/DS,SO,,"University of California, Riverside",DI,Big West,Big West Conference,https://gohighlanders.com/sports/womens-volleyball/roster/2025,2026-07-20T01:00:03.242238+00:00,64.0,San Jose,CA,USA,2025,False
Andrea Brewer,OH,JR,Mt. SAC,"University of California, Riverside",DI,Big West,Big West Conference,https://gohighlanders.com/sports/womens-volleyball/roster/2025,2026-07-20T01:00:03.242238+00:00,68.0,Rancho Cucamonga,CA,USA,2025,False
Sophia Ewalefo,OH,SR,New Orleans,"University of California, Riverside",DI,Big West,Big West Conference,https://gohighlanders.com/sports/womens-volleyball/roster/2025,2026-07-20T01:00:03.242238+00:00,70.0,Las Vegas,NV,USA,2025,False
Kiersten Schmitt,OH,,Iowa State,"University of California, Santa Barbara",DI,Big West,Big West Conference,https://ucsbgauchos.com/sports/womens-volleyball/roster/2025,2026-07-20T01:00:08.550855+00:00,72.0,Epworth,IA,USA,2025,False
Sandrea Thomas,MB,,,"University of California, Santa Barbara",DI,Big West,Big West Conference,https://ucsbgauchos.com/sports/womens-volleyball/roster/2025,2026-07-20T01:00:08.550855+00:00,72.0,San Jose,CA,USA,2025,False
Ema Petkovic,OH,,,"University of California, Santa Barbara",DI,Big West,Big West Conference,https://ucsbgauchos.com/sports/womens-volleyball/roster/2025,2026-07-20T01:00:08.550855+00:00,74.0,Novi Sad,,Serbia,2025,False
Bianca Nistor,L/DS,,,"University of California, Santa Barbara",DI,Big West,Big West Conference,https://ucsbgauchos.com/sports/womens-volleyball/roster/2025,2026-07-20T01:00:08.550855+00:00,69.0,Plymouth,MN,USA,2025,False
Caroline Foraker,MB,,,"University of California, Santa Barbara",DI,Big West,Big West Conference,https://ucsbgauchos.com/sports/womens-volleyball/roster/2025,2026-07-20T01:00:08.550855+00:00,73.0,Davis,CA,USA,2025,False
Eva Travis,OH,,,"University of California, Santa Barbara",DI,Big West,Big West Conference,https://ucsbgauchos.com/sports/womens-volleyball/roster/2025,2026-07-20T01:00:08.550855+00:00,70.0,Aliso Viejo,CA,USA,2025,False
Milan Rex,S,,,"University of California, Santa Barbara",DI,Big West,Big West Conference,https://ucsbgauchos.com/sports/womens-volleyball/roster/2025,2026-07-20T01:00:08.550855+00:00,70.0,Alexandria,VA,USA,2025,False
Cortni Youngblood,L/DS,,,"University of California, Santa Barbara",DI,Big West,Big West Conference,https://ucsbgauchos.com/sports/womens-volleyball/roster/2025,2026-07-20T01:00:08.550855+00:00,65.0,Los Angeles,CA,USA,2025,False
Kate Martin,OH,,,"University of California, Santa Barbara",DI,Big West,Big West Conference,https://ucsbgauchos.com/sports/womens-volleyball/roster/2025,2026-07-20T01:00:08.550855+00:00,71.0,Mar Vista,CA,USA,2025,False
Layanna Green,MB,,Northern Iowa,"University of California, Santa Barbara",DI,Big West,Big West Conference,https://ucsbgauchos.com/sports/womens-volleyball/roster/2025,2026-07-20T01:00:08.550855+00:00,72.0,Waukee,IA,USA,2025,False
Avery Gibbs,OPP,,,"University of California, Santa Barbara",DI,Big West,Big West Conference,https://ucsbgauchos.com/sports/womens-volleyball/roster/2025,2026-07-20T01:00:08.550855+00:00,73.0,Loveland,CO,USA,2025,False
Sophie Reavis,OH,,,"University of California, Santa Barbara",DI,Big West,Big West Conference,https://ucsbgauchos.com/sports/womens-volleyball/roster/2025,2026-07-20T01:00:08.550855+00:00,74.0,Laguna Beach,CA,USA,2025,False
Anna Boatner,MB,,,"University of California, Santa Barbara",DI,Big West,Big West Conference,https://ucsbgauchos.com/sports/womens-volleyball/roster/2025,2026-07-20T01:00:08.550855+00:00,77.0,Keller,TX,USA,2025,False
Michelle Zhao,S,,Washington State,"University of California, Santa Barbara",DI,Big West,Big West Conference,https://ucsbgauchos.com/sports/womens-volleyball/roster/2025,2026-07-20T01:00:08.550855+00:00,68.0,Walnut,CA,USA,2025,False
Gabi Martinez,OH,,,"University of California, Santa Barbara",DI,Big West,Big West Conference,https://ucsbgauchos.com/sports/womens-volleyball/roster/2025,2026-07-20T01:00:08.550855+00:00,71.0,Katy,TX,USA,2025,False
Ayva Ostovar,S,,,"University of California, Santa Barbara",DI,Big West,Big West Conference,https://ucsbgauchos.com/sports/womens-volleyball/roster/2025,2026-07-20T01:00:08.550855+00:00,66.0,San Clemente,CA,USA,2025,False
Katrina Catalan,S,,,"University of California, Santa Barbara",DI,Big West,Big West Conference,https://ucsbgauchos.com/sports/womens-volleyball/roster/2025,2026-07-20T01:00:08.550855+00:00,68.0,San Diego,CA,USA,2025,False
Jordyn Johnson,MB,,,"University of California, Santa Barbara",DI,Big West,Big West Conference,https://ucsbgauchos.com/sports/womens-volleyball/roster/2025,2026-07-20T01:00:08.550855+00:00,73.0,Saint Paul,MN,USA,2025,False
Grace Wuischpard,MB,,,"University of California, Santa Barbara",DI,Big West,Big West Conference,https://ucsbgauchos.com/sports/womens-volleyball/roster/2025,2026-07-20T01:00:08.550855+00:00,74.0,Danville,CA,USA,2025,False
Emma McDermott,OH,,,"University of California, Santa Barbara",DI,Big West,Big West Conference,https://ucsbgauchos.com/sports/womens-volleyball/roster/2025,2026-07-20T01:00:08.550855+00:00,74.0,Larkspur,CA,USA,2025,False
Karlyn Frazier,MB,SO,,University of Central Arkansas,DI,ASUN,Atlantic Sun Conference,https://ucasports.com/sports/womens-volleyball/roster/2025,2026-07-20T01:00:11.140483+00:00,73.0,Breckenridge,CO,USA,2025,False
Kennady Martindale,MB,FR,,University of Central Arkansas,DI,ASUN,Atlantic Sun Conference,https://ucasports.com/sports/womens-volleyball/roster/2025,2026-07-20T01:00:11.140483+00:00,73.0,Pittsburgh,PA,USA,2025,False
Cameron McDaniel,L/DS,FR,,University of Central Arkansas,DI,ASUN,Atlantic Sun Conference,https://ucasports.com/sports/womens-volleyball/roster/2025,2026-07-20T01:00:11.140483+00:00,66.0,The Woodlands,TX,USA,2025,False
Caylan Koons,S,SR,,University of Central Arkansas,DI,ASUN,Atlantic Sun Conference,https://ucasports.com/sports/womens-volleyball/roster/2025,2026-07-20T01:00:11.140483+00:00,69.0,Springdale,AR,USA,2025,False
McKinzee Haas,MB,R-FR,,University of Central Arkansas,DI,ASUN,Atlantic Sun Conference,https://ucasports.com/sports/womens-volleyball/roster/2025,2026-07-20T01:00:11.140483+00:00,76.0,Cabot,AR,USA,2025,False
Alexa Carranza,L/DS,SO,,University of Central Arkansas,DI,ASUN,Atlantic Sun Conference,https://ucasports.com/sports/womens-volleyball/roster/2025,2026-07-20T01:00:11.140483+00:00,63.0,San Juan,TX,USA,2025,False
Ella Chaney,OH,SO,,University of Central Arkansas,DI,ASUN,Atlantic Sun Conference,https://ucasports.com/sports/womens-volleyball/roster/2025,2026-07-20T01:00:11.140483+00:00,74.0,Prosper,TX,USA,2025,False
Samantha Cousins,OH,SR,,University of Central Arkansas,DI,ASUN,Atlantic Sun Conference,https://ucasports.com/sports/womens-volleyball/roster/2025,2026-07-20T01:00:11.140483+00:00,70.0,Houston,TX,USA,2025,False
Sarah Carnathan,OH,SR,,University of Central Arkansas,DI,ASUN,Atlantic Sun Conference,https://ucasports.com/sports/womens-volleyball/roster/2025,2026-07-20T01:00:11.140483+00:00,72.0,Flora,MS,USA,2025,False
Vivian Spradlin,OPP,FR,,University of Central Arkansas,DI,ASUN,Atlantic Sun Conference,https://ucasports.com/sports/womens-volleyball/roster/2025,2026-07-20T01:00:11.140483+00:00,74.0,Bryant,AR,USA,2025,False
Brinley Burdette,MB,SR,,University of Central Arkansas,DI,ASUN,Atlantic Sun Conference,https://ucasports.com/sports/womens-volleyball/roster/2025,2026-07-20T01:00:11.140483+00:00,73.0,Collierville,TN,USA,2025,False
Greyson Button,MB,JR,,University of Central Arkansas,DI,ASUN,Atlantic Sun Conference,https://ucasports.com/sports/womens-volleyball/roster/2025,2026-07-20T01:00:11.140483+00:00,75.0,Grapevine,TX,USA,2025,False
Alexis McDaniel,L/DS,SR,,University of Central Arkansas,DI,ASUN,Atlantic Sun Conference,https://ucasports.com/sports/womens-volleyball/roster/2025,2026-07-20T01:00:11.140483+00:00,63.0,The Woodlands,TX,USA,2025,False
Sophie Skinner,S,SR,,University of Central Arkansas,DI,ASUN,Atlantic Sun Conference,https://ucasports.com/sports/womens-volleyball/roster/2025,2026-07-20T01:00:11.140483+00:00,70.0,Hot Springs,AR,USA,2025,False
Maggie Carley,S,JR,,University of Connecticut,DI,Big East,Big East Conference,https://uconnhuskies.com/sports/womens-volleyball/roster/2025,2026-07-20T01:00:30.483275+00:00,69.69760479041916,Trumbull,CT,USA,2025,False
Jess Perry,OPP,SR,,University of Connecticut,DI,Big East,Big East Conference,https://uconnhuskies.com/sports/womens-volleyball/roster/2025,2026-07-20T01:00:30.483275+00:00,72.57241379310345,Nashville,TN,USA,2025,False
Brenna Wyman,L/DS,SR,,University of Connecticut,DI,Big East,Big East Conference,https://uconnhuskies.com/sports/womens-volleyball/roster/2025,2026-07-20T01:00:30.483275+00:00,66.12328767123287,Louisville,KY,USA,2025,False
Ayva Cebollero,S,SR,,University of Connecticut,DI,Big East,Big East Conference,https://uconnhuskies.com/sports/womens-volleyball/roster/2025,2026-07-20T01:00:30.483275+00:00,69.69760479041916,Nocatee,FL,USA,2025,False
McKenna Brand,L/DS,SO,,University of Connecticut,DI,Big East,Big East Conference,https://uconnhuskies.com/sports/womens-volleyball/roster/2025,2026-07-20T01:00:30.483275+00:00,66.12328767123287,Lucas,TX,USA,2025,False
Eli Adams,MB,SR,,University of Connecticut,DI,Big East,Big East Conference,https://uconnhuskies.com/sports/womens-volleyball/roster/2025,2026-07-20T01:00:30.483275+00:00,73.15611814345992,Clarkston,MI,USA,2025,False
Dajah Williams,OH,SO,,University of Connecticut,DI,Big East,Big East Conference,https://uconnhuskies.com/sports/womens-volleyball/roster/2025,2026-07-20T01:00:30.483275+00:00,71.45390070921985,Williamstown,NJ,USA,2025,False
Anna Herman,MB,SO,,University of Connecticut,DI,Big East,Big East Conference,https://uconnhuskies.com/sports/womens-volleyball/roster/2025,2026-07-20T01:00:30.483275+00:00,73.15611814345992,Vincennes,IN,USA,2025,False
Olivia Pasternak,OH,FR,,University of Connecticut,DI,Big East,Big East Conference,https://uconnhuskies.com/sports/womens-volleyball/roster/2025,2026-07-20T01:00:30.483275+00:00,71.45390070921985,Oakville,ON,CAN,2025,False
Doga Kutlu,S,GR,,University of Connecticut,DI,Big East,Big East Conference,https://uconnhuskies.com/sports/womens-volleyball/roster/2025,2026-07-20T01:00:30.483275+00:00,69.69760479041916,Ankara,,Turkey,2025,False
Emma Werkmeister,OH,SR,,University of Connecticut,DI,Big East,Big East Conference,https://uconnhuskies.com/sports/womens-volleyball/roster/2025,2026-07-20T01:00:30.483275+00:00,71.45390070921985,Victor,NY,USA,2025,False
Jordyn Hughes,MB,FR,,University of Connecticut,DI,Big East,Big East Conference,https://uconnhuskies.com/sports/womens-volleyball/roster/2025,2026-07-20T01:00:30.483275+00:00,73.15611814345992,Portage,MI,USA,2025,False
Loren Winn,OPP,SO,,University of Connecticut,DI,Big East,Big East Conference,https://uconnhuskies.com/sports/womens-volleyball/roster/2025,2026-07-20T01:00:30.483275+00:00,72.57241379310345,Dallas,TX,USA,2025,False
Grace Maria,OH,JR,,University of Connecticut,DI,Big East,Big East Conference,https://uconnhuskies.com/sports/womens-volleyball/roster/2025,2026-07-20T01:00:30.483275+00:00,71.45390070921985,Arlington,VA,USA,2025,False
Audrey Rome,MB,SR,,University of Connecticut,DI,Big East,Big East Conference,https://uconnhuskies.com/sports/womens-volleyball/roster/2025,2026-07-20T01:00:30.483275+00:00,73.15611814345992,Sandwich,IL,USA,2025,False
Hanna Tylska,OH,SR,,University of Connecticut,DI,Big East,Big East Conference,https://uconnhuskies.com/sports/womens-volleyball/roster/2025,2026-07-20T01:00:30.483275+00:00,71.45390070921985,Sroda ,Wielkopolska,Poland,2025,False
Hailey Maes,MB,FR,,University of Connecticut,DI,Big East,Big East Conference,https://uconnhuskies.com/sports/womens-volleyball/roster/2025,2026-07-20T01:00:30.483275+00:00,73.15611814345992,Whippany,NJ,USA,2025,False
Emma Mirabelli,OH,SR,,University of Denver,DI,Summit,The Summit League,https://denverpioneers.com/sports/womens-volleyball/roster/2025,2026-07-20T01:00:39.723499+00:00,73.0,Traverse City,MI,USA,2025,False
Izzy Rawlings,S,GR,,University of Denver,DI,Summit,The Summit League,https://denverpioneers.com/sports/womens-volleyball/roster/2025,2026-07-20T01:00:39.723499+00:00,71.0,Plano,TX,USA,2025,False
Elise Hart,MB,FR,,University of Denver,DI,Summit,The Summit League,https://denverpioneers.com/sports/womens-volleyball/roster/2025,2026-07-20T01:00:39.723499+00:00,73.0,Louisville,KY,USA,2025,False
Quinlan Jones,OH,FR,,University of Denver,DI,Summit,The Summit League,https://denverpioneers.com/sports/womens-volleyball/roster/2025,2026-07-20T01:00:39.723499+00:00,73.0,Santa Clara,CA,USA,2025,False
Hailey Goebel,OH,FR,,University of Denver,DI,Summit,The Summit League,https://denverpioneers.com/sports/womens-volleyball/roster/2025,2026-07-20T01:00:39.723499+00:00,72.0,Franklin,WI,USA,2025,False
Ilayda Eren,S,SO,,University of Denver,DI,Summit,The Summit League,https://denverpioneers.com/sports/womens-volleyball/roster/2025,2026-07-20T01:00:39.723499+00:00,71.0,Istanbul,,Turkey,2025,False
Ava Reynolds,OH,SR,,University of Denver,DI,Summit,The Summit League,https://denverpioneers.com/sports/womens-volleyball/roster/2025,2026-07-20T01:00:39.723499+00:00,70.0,Ankeny,IA,USA,2025,False
Izabela Molina,MB,R-FR,,University of Denver,DI,Summit,The Summit League,https://denverpioneers.com/sports/womens-volleyball/roster/2025,2026-07-20T01:00:39.723499+00:00,75.0,Miami,FL,USA,2025,False
Jamia Johnson,OH,SO,,University of Denver,DI,Summit,The Summit League,https://denverpioneers.com/sports/womens-volleyball/roster/2025,2026-07-20T01:00:39.723499+00:00,73.0,Cedar Hill,TX,USA,2025,False
Alicia Thibodeau,OH,FR,,University of Denver,DI,Summit,The Summit League,https://denverpioneers.com/sports/womens-volleyball/roster/2025,2026-07-20T01:00:39.723499+00:00,73.0,Cap-Sante,QC,CAN,2025,False
Kate Perryman,MB,R-SR,,University of Denver,DI,Summit,The Summit League,https://denverpioneers.com/sports/womens-volleyball/roster/2025,2026-07-20T01:00:39.723499+00:00,74.0,Cumming,GA,USA,2025,False
Jenna Heidbreder,OH,SO,,University of Evansville,DI,MVC,Missouri Valley Conference,https://gopurpleaces.com/sports/womens-volleyball/roster/2025,2026-07-20T01:00:42.084623+00:00,72.0,Floyds Knobs,IN,USA,2025,False
Maddie Hawkins,L/DS,SR,,University of Evansville,DI,MVC,Missouri Valley Conference,https://gopurpleaces.com/sports/womens-volleyball/roster/2025,2026-07-20T01:00:42.084623+00:00,66.0,Lebanon,IN,USA,2025,False
Sabrina Ripple,MB,SO,,University of Evansville,DI,MVC,Missouri Valley Conference,https://gopurpleaces.com/sports/womens-volleyball/roster/2025,2026-07-20T01:00:42.084623+00:00,72.0,Reynoldsburg,OH,USA,2025,False
Angelica Gonzalez Maltes,OH,JR,,University of Evansville,DI,MVC,Missouri Valley Conference,https://gopurpleaces.com/sports/womens-volleyball/roster/2025,2026-07-20T01:00:42.084623+00:00,71.0,Ponce,,PR,2025,False
Lexi Owen,S,JR,,University of Evansville,DI,MVC,Missouri Valley Conference,https://gopurpleaces.com/sports/womens-volleyball/roster/2025,2026-07-20T01:00:42.084623+00:00,69.0,Owensboro,KY,USA,2025,False
Josdarilee Caraballo,OH,SO,,University of Evansville,DI,MVC,Missouri Valley Conference,https://gopurpleaces.com/sports/womens-volleyball/roster/2025,2026-07-20T01:00:42.084623+00:00,72.0,Ceiba,,PR,2025,False
Kora Ruff,S,SR,,University of Evansville,DI,MVC,Missouri Valley Conference,https://gopurpleaces.com/sports/womens-volleyball/roster/2025,2026-07-20T01:00:42.084623+00:00,67.0,Bettendorf,IA,USA,2025,False
Brynne Krangnes,S,FR,,University of Evansville,DI,MVC,Missouri Valley Conference,https://gopurpleaces.com/sports/womens-volleyball/roster/2025,2026-07-20T01:00:42.084623+00:00,68.0,Collierville,TN,USA,2025,False
Ainoah Cruz,L/DS,JR,,University of Evansville,DI,MVC,Missouri Valley Conference,https://gopurpleaces.com/sports/womens-volleyball/roster/2025,2026-07-20T01:00:42.084623+00:00,63.0,Arecibo,,PR,2025,False
Hinsley Everett,OH,FR,,University of Evansville,DI,MVC,Missouri Valley Conference,https://gopurpleaces.com/sports/womens-volleyball/roster/2025,2026-07-20T01:00:42.084623+00:00,72.0,Norris City,IL,USA,2025,False
Holland Morris,OH,JR,,University of Evansville,DI,MVC,Missouri Valley Conference,https://gopurpleaces.com/sports/womens-volleyball/roster/2025,2026-07-20T01:00:42.084623+00:00,72.0,Florence,KY,USA,2025,False
Chloe Cline,MB,JR,,University of Evansville,DI,MVC,Missouri Valley Conference,https://gopurpleaces.com/sports/womens-volleyball/roster/2025,2026-07-20T01:00:42.084623+00:00,73.0,Bettendorf,IA,USA,2025,False
Brooke Herdes,OH,FR,,University of Evansville,DI,MVC,Missouri Valley Conference,https://gopurpleaces.com/sports/womens-volleyball/roster/2025,2026-07-20T01:00:42.084623+00:00,70.0,Evansville,IN,USA,2025,False
Ryan Scheu,OPP,FR,,University of Evansville,DI,MVC,Missouri Valley Conference,https://gopurpleaces.com/sports/womens-volleyball/roster/2025,2026-07-20T01:00:42.084623+00:00,70.0,Evansville,IN,USA,2025,False
Makenzie Miller,MB,FR,,University of Evansville,DI,MVC,Missouri Valley Conference,https://gopurpleaces.com/sports/womens-volleyball/roster/2025,2026-07-20T01:00:42.084623+00:00,72.0,Kansas City,MO,USA,2025,False
Kendall Agler,L/DS,FR,,University of Evansville,DI,MVC,Missouri Valley Conference,https://gopurpleaces.com/sports/womens-volleyball/roster/2025,2026-07-20T01:00:42.084623+00:00,63.0,Evansville,IN,USA,2025,False
McKenzie Laubach,MB,JR,,University of Evansville,DI,MVC,Missouri Valley Conference,https://gopurpleaces.com/sports/womens-volleyball/roster/2025,2026-07-20T01:00:42.084623+00:00,72.0,Sanford,FL,USA,2025,False
De'Andrea McMillian,MB,FR,,University of Florida,DI,SEC,Southeastern Conference,https://floridagators.com/sports/womens-volleyball/roster/2025,2026-07-20T01:00:44.655101+00:00,73.15611814345992,Mansfield,TX,USA,2025,False
Emerson Hoyle,L/DS,SR,,University of Florida,DI,SEC,Southeastern Conference,https://floridagators.com/sports/womens-volleyball/roster/2025,2026-07-20T01:00:44.655101+00:00,66.12328767123287,Arden,NC,USA,2025,False
Jaela Auguste,MB,SO,,University of Florida,DI,SEC,Southeastern Conference,https://floridagators.com/sports/womens-volleyball/roster/2025,2026-07-20T01:00:44.655101+00:00,73.15611814345992,Spring,TX,USA,2025,False
Alexis Stucky,S,R-JR,,University of Florida,DI,SEC,Southeastern Conference,https://floridagators.com/sports/womens-volleyball/roster/2025,2026-07-20T01:00:44.655101+00:00,69.69760479041916,Laramie,WY,USA,2025,False
Ella Vogel,L/DS,R-FR,,University of Florida,DI,SEC,Southeastern Conference,https://floridagators.com/sports/womens-volleyball/roster/2025,2026-07-20T01:00:44.655101+00:00,66.12328767123287,Aurora,CO,USA,2025,False
Emily Canaan,L/DS,SR,,University of Florida,DI,SEC,Southeastern Conference,https://floridagators.com/sports/womens-volleyball/roster/2025,2026-07-20T01:00:44.655101+00:00,66.12328767123287,Allen,TX,USA,2025,False
Aniya Madkin,OH,R-SO,,University of Florida,DI,SEC,Southeastern Conference,https://floridagators.com/sports/womens-volleyball/roster/2025,2026-07-20T01:00:44.655101+00:00,71.45390070921985,Clinton,MS,USA,2025,False
Milica Vidacic,OPP,FR,,University of Florida,DI,SEC,Southeastern Conference,https://floridagators.com/sports/womens-volleyball/roster/2025,2026-07-20T01:00:44.655101+00:00,72.57241379310345,Belgrade,,Serbia,2025,False
Kira Hutson,OH,R-FR,,University of Florida,DI,SEC,Southeastern Conference,https://floridagators.com/sports/womens-volleyball/roster/2025,2026-07-20T01:00:44.655101+00:00,71.45390070921985,Aurora,IL,USA,2025,False
Lily Hayes,L/DS,FR,,University of Florida,DI,SEC,Southeastern Conference,https://floridagators.com/sports/womens-volleyball/roster/2025,2026-07-20T01:00:44.655101+00:00,66.12328767123287,Tampa,FL,USA,2025,False
Jordyn Byrd,OH,R-SO,,University of Florida,DI,SEC,Southeastern Conference,https://floridagators.com/sports/womens-volleyball/roster/2025,2026-07-20T01:00:44.655101+00:00,71.45390070921985,Sarasota,FL,USA,2025,False
Madi Gravlee,OH,R-SO,,University of Florida,DI,SEC,Southeastern Conference,https://floridagators.com/sports/womens-volleyball/roster/2025,2026-07-20T01:00:44.655101+00:00,71.45390070921985,Vero Beach,FL,USA,2025,False
Taylor Parks,S,SO,,University of Florida,DI,SEC,Southeastern Conference,https://floridagators.com/sports/womens-volleyball/roster/2025,2026-07-20T01:00:44.655101+00:00,69.69760479041916,Clearwater,FL,USA,2025,False
Bella Lee,L/DS,SO,,University of Florida,DI,SEC,Southeastern Conference,https://floridagators.com/sports/womens-volleyball/roster/2025,2026-07-20T01:00:44.655101+00:00,66.12328767123287,Tampa,FL,USA,2025,False
Lauren Harden,OH,SO,,University of Florida,DI,SEC,Southeastern Conference,https://floridagators.com/sports/womens-volleyball/roster/2025,2026-07-20T01:00:44.655101+00:00,71.45390070921985,Fishers,IN,USA,2025,False
Alec Rothe,MB,SO,,University of Florida,DI,SEC,Southeastern Conference,https://floridagators.com/sports/womens-volleyball/roster/2025,2026-07-20T01:00:44.655101+00:00,73.15611814345992,Dublin,OH,USA,2025,False
Amaya Thomas,MB,SR,,University of Florida,DI,SEC,Southeastern Conference,https://floridagators.com/sports/womens-volleyball/roster/2025,2026-07-20T01:00:44.655101+00:00,73.15611814345992,Orlando,FL,USA,2025,False
Sara Hiebert,MB,SR,,University of Idaho,DI,Big Sky,Big Sky Conference,https://govandals.com/sports/womens-volleyball/roster/2025,2026-07-20T01:00:56.311207+00:00,72.0,Goldendale,WA,USA,2025,False
Sarah Sullivan,OH,JR,,University of Idaho,DI,Big Sky,Big Sky Conference,https://govandals.com/sports/womens-volleyball/roster/2025,2026-07-20T01:00:56.311207+00:00,71.0,Henderson,NV,USA,2025,False
Gabi Smith,MB,FR,,University of Idaho,DI,Big Sky,Big Sky Conference,https://govandals.com/sports/womens-volleyball/roster/2025,2026-07-20T01:00:56.311207+00:00,72.0,Issaquah,WA,USA,2025,False
Kiana Greer,OH,FR,,University of Idaho,DI,Big Sky,Big Sky Conference,https://govandals.com/sports/womens-volleyball/roster/2025,2026-07-20T01:00:56.311207+00:00,68.0,Torrance,CA,USA,2025,False
Natalia Wielgus,S,JR,,University of Idaho,DI,Big Sky,Big Sky Conference,https://govandals.com/sports/womens-volleyball/roster/2025,2026-07-20T01:00:56.311207+00:00,73.0,Lódz,,Poland,2025,False
Koen Makaula,MB,JR,,University of Idaho,DI,Big Sky,Big Sky Conference,https://govandals.com/sports/womens-volleyball/roster/2025,2026-07-20T01:00:56.311207+00:00,70.0,Kailua,HI,USA,2025,False
Madu Fontes,OH,SR,,University of Idaho,DI,Big Sky,Big Sky Conference,https://govandals.com/sports/womens-volleyball/roster/2025,2026-07-20T01:00:56.311207+00:00,72.0,Palmas Tocantins,,Brazil,2025,False
Zuzanna Whitman,MB,JR,,University of Idaho,DI,Big Sky,Big Sky Conference,https://govandals.com/sports/womens-volleyball/roster/2025,2026-07-20T01:00:56.311207+00:00,73.0,Luban,,Poland,2025,False
Csenge Krakoczki,S,FR,,University of Idaho,DI,Big Sky,Big Sky Conference,https://govandals.com/sports/womens-volleyball/roster/2025,2026-07-20T01:00:56.311207+00:00,70.0,Balatonfured,,Hungary,2025,False
Chloe Sanders,MB,FR,,University of Idaho,DI,Big Sky,Big Sky Conference,https://govandals.com/sports/womens-volleyball/roster/2025,2026-07-20T01:00:56.311207+00:00,73.0,Clancy,MT,USA,2025,False
Aleina Manaois,S,FR,,University of Idaho,DI,Big Sky,Big Sky Conference,https://govandals.com/sports/womens-volleyball/roster/2025,2026-07-20T01:00:56.311207+00:00,68.0,Glendale,CA,USA,2025,False
Beatrice Carulli,OH,SR,,University of Illinois Chicago,DI,MVC,Missouri Valley Conference,https://uicflames.com/sports/womens-volleyball/roster/2025,2026-07-20T01:00:58.481236+00:00,70.0,Rome,,Italy,2025,False
Cleo Lorenzo,OH,SR,,University of Illinois Chicago,DI,MVC,Missouri Valley Conference,https://uicflames.com/sports/womens-volleyball/roster/2025,2026-07-20T01:00:58.481236+00:00,71.0,Belo Horizonte,,Brazil,2025,False
Francesca Venturini,S,SR,,University of Illinois Chicago,DI,MVC,Missouri Valley Conference,https://uicflames.com/sports/womens-volleyball/roster/2025,2026-07-20T01:00:58.481236+00:00,71.0,Bergamo,,Italy,2025,False
Jada Young,L/DS,SR,,University of Illinois Chicago,DI,MVC,Missouri Valley Conference,https://uicflames.com/sports/womens-volleyball/roster/2025,2026-07-20T01:00:58.481236+00:00,66.0,St. Paul,MN,USA,2025,False
Hannah Ditsworth,MB,R-SO,,University of Illinois Chicago,DI,MVC,Missouri Valley Conference,https://uicflames.com/sports/womens-volleyball/roster/2025,2026-07-20T01:00:58.481236+00:00,74.0,Bondurant,IA,USA,2025,False
Tamara Kisic,OH,JR,,University of Illinois Chicago,DI,MVC,Missouri Valley Conference,https://uicflames.com/sports/womens-volleyball/roster/2025,2026-07-20T01:00:58.481236+00:00,67.0,Belgrade,,Serbia,2025,False
Gabi Peter,OH,JR,,University of Illinois Chicago,DI,MVC,Missouri Valley Conference,https://uicflames.com/sports/womens-volleyball/roster/2025,2026-07-20T01:00:58.481236+00:00,72.0,Gilbert,IL,USA,2025,False
Mihaela Harizanova,S,R-SO,,University of Illinois Chicago,DI,MVC,Missouri Valley Conference,https://uicflames.com/sports/womens-volleyball/roster/2025,2026-07-20T01:00:58.481236+00:00,72.0,Sofia,,Bulgaria,2025,False
Sasha Pellettieri,OH,FR,,University of Illinois Chicago,DI,MVC,Missouri Valley Conference,https://uicflames.com/sports/womens-volleyball/roster/2025,2026-07-20T01:00:58.481236+00:00,70.0,Buenos Aires,,Argentina,2025,False
Hannah Howard,L/DS,JR,,University of Illinois Chicago,DI,MVC,Missouri Valley Conference,https://uicflames.com/sports/womens-volleyball/roster/2025,2026-07-20T01:00:58.481236+00:00,65.0,Toledo,OH,USA,2025,False
Ayat Amin,OH,SR,,University of Illinois Chicago,DI,MVC,Missouri Valley Conference,https://uicflames.com/sports/womens-volleyball/roster/2025,2026-07-20T01:00:58.481236+00:00,71.0,Cairo,,Egypt,2025,False
Antonie Kelnárová,OH,SO,,University of Illinois Chicago,DI,MVC,Missouri Valley Conference,https://uicflames.com/sports/womens-volleyball/roster/2025,2026-07-20T01:00:58.481236+00:00,70.0,Prague,,Czech Republic,2025,False
Jillian Gibbons,MB,SO,,University of Illinois Chicago,DI,MVC,Missouri Valley Conference,https://uicflames.com/sports/womens-volleyball/roster/2025,2026-07-20T01:00:58.481236+00:00,76.0,Roselle,IL,USA,2025,False
Ana Petrides,MB,FR,,University of Illinois Chicago,DI,MVC,Missouri Valley Conference,https://uicflames.com/sports/womens-volleyball/roster/2025,2026-07-20T01:00:58.481236+00:00,74.0,Park Ridge,IL,USA,2025,False
Emma Colombari,OH,FR,,University of Illinois Chicago,DI,MVC,Missouri Valley Conference,https://uicflames.com/sports/womens-volleyball/roster/2025,2026-07-20T01:00:58.481236+00:00,70.0,Bergamo,,Italy,2025,False
Mia Telechbush,L/DS,SO,,University of Illinois Chicago,DI,MVC,Missouri Valley Conference,https://uicflames.com/sports/womens-volleyball/roster/2025,2026-07-20T01:00:58.481236+00:00,65.0,Lexington,KY,USA,2025,False
Julieta Sandez,MB,SR,,University of Illinois Chicago,DI,MVC,Missouri Valley Conference,https://uicflames.com/sports/womens-volleyball/roster/2025,2026-07-20T01:00:58.481236+00:00,76.0,Buenos Aires,,Argentina,2025,False
Ava Young,L/DS,FR,,University of Illinois Chicago,DI,MVC,Missouri Valley Conference,https://uicflames.com/sports/womens-volleyball/roster/2025,2026-07-20T01:00:58.481236+00:00,67.0,Clarendon Hills,IL,USA,2025,False
Auburn Tomkinson,OPP,R-SO,,University of Illinois Urbana-Champaign,DI,B10,Big Ten Conference,https://fightingillini.com/sports/womens-volleyball/roster/2025,2026-07-20T01:01:01.131008+00:00,77.0,Carlsbad,CA,USA,2025,False
Taryn Kirsch,L/DS,FR,,University of Illinois Urbana-Champaign,DI,B10,Big Ten Conference,https://fightingillini.com/sports/womens-volleyball/roster/2025,2026-07-20T01:01:01.131008+00:00,70.0,Sioux Falls,SD,USA,2025,False
Devin Dzienny,L/DS,FR,,University of Illinois Urbana-Champaign,DI,B10,Big Ten Conference,https://fightingillini.com/sports/womens-volleyball/roster/2025,2026-07-20T01:01:01.131008+00:00,68.0,Oregon,OH,USA,2025,False
Bianca May,S,SR,,University of Illinois Urbana-Champaign,DI,B10,Big Ten Conference,https://fightingillini.com/sports/womens-volleyball/roster/2025,2026-07-20T01:01:01.131008+00:00,68.0,Orland Park,IL,USA,2025,False
Taylor de Boer,OH,R-SO,,University of Illinois Urbana-Champaign,DI,B10,Big Ten Conference,https://fightingillini.com/sports/womens-volleyball/roster/2025,2026-07-20T01:01:01.131008+00:00,76.0,Kelowna,BC,CAN,2025,False
Gabriella Pitcel,MB,FR,,University of Illinois Urbana-Champaign,DI,B10,Big Ten Conference,https://fightingillini.com/sports/womens-volleyball/roster/2025,2026-07-20T01:01:01.131008+00:00,73.0,Mukwonago,WI,USA,2025,False
Kenna Phelan,S,JR,,University of Illinois Urbana-Champaign,DI,B10,Big Ten Conference,https://fightingillini.com/sports/womens-volleyball/roster/2025,2026-07-20T01:01:01.131008+00:00,67.0,Fayetteville,AR,USA,2025,False
Averie Hernandez,OH,SR,,University of Illinois Urbana-Champaign,DI,B10,Big Ten Conference,https://fightingillini.com/sports/womens-volleyball/roster/2025,2026-07-20T01:01:01.131008+00:00,74.0,Bloomington,IL,USA,2025,False
Kayla Burbage,MB,GR,,University of Illinois Urbana-Champaign,DI,B10,Big Ten Conference,https://fightingillini.com/sports/womens-volleyball/roster/2025,2026-07-20T01:01:01.131008+00:00,76.0,Clayton,NC,USA,2025,False
Sophi Randall,S,FR,,University of Illinois Urbana-Champaign,DI,B10,Big Ten Conference,https://fightingillini.com/sports/womens-volleyball/roster/2025,2026-07-20T01:01:01.131008+00:00,72.0,Dell Rapids,SD,USA,2025,False
Cari Bohm,MB,SR,,University of Illinois Urbana-Champaign,DI,B10,Big Ten Conference,https://fightingillini.com/sports/womens-volleyball/roster/2025,2026-07-20T01:01:01.131008+00:00,76.0,Ann Arbor,MI,USA,2025,False
Kenzie Cogan,L/DS,SO,,University of Illinois Urbana-Champaign,DI,B10,Big Ten Conference,https://fightingillini.com/sports/womens-volleyball/roster/2025,2026-07-20T01:01:01.131008+00:00,67.0,Cincinnati,OH,USA,2025,False
Gabby Dean,MB,R-SO,,University of Illinois Urbana-Champaign,DI,B10,Big Ten Conference,https://fightingillini.com/sports/womens-volleyball/roster/2025,2026-07-20T01:01:01.131008+00:00,76.0,Columbus,IN,USA,2025,False
Vivian Campbell,S,JR,,University of Illinois Urbana-Champaign,DI,B10,Big Ten Conference,https://fightingillini.com/sports/womens-volleyball/roster/2025,2026-07-20T01:01:01.131008+00:00,70.0,Oswego,IL,USA,2025,False
Alyssa Aguayo,OH,FR,,University of Illinois Urbana-Champaign,DI,B10,Big Ten Conference,https://fightingillini.com/sports/womens-volleyball/roster/2025,2026-07-20T01:01:01.131008+00:00,72.0,Phoenix,AZ,USA,2025,False
Ava Wysocki,OPP,FR,,University of Illinois Urbana-Champaign,DI,B10,Big Ten Conference,https://fightingillini.com/sports/womens-volleyball/roster/2025,2026-07-20T01:01:01.131008+00:00,72.0,Kildeer,IL,USA,2025,False
Lara Žigic,L/DS,FR,,University of Illinois Urbana-Champaign,DI,B10,Big Ten Conference,https://fightingillini.com/sports/womens-volleyball/roster/2025,2026-07-20T01:01:01.131008+00:00,63.0,Subotica,,Serbia,2025,False
Grace Nelson,,SO,,University of Kansas,DI,B12,Big 12 Conference,https://kuathletics.com/sports/womens-volleyball/roster/2025,2026-07-20T01:01:13.956416+00:00,73.0,River Forest,IL,USA,2025,False
Kenzie Dean,,SO,,University of Kansas,DI,B12,Big 12 Conference,https://kuathletics.com/sports/womens-volleyball/roster/2025,2026-07-20T01:01:13.956416+00:00,75.0,Johnston,IA,USA,2025,False
Raegan Burns,L/DS,JR,,University of Kansas,DI,B12,Big 12 Conference,https://kuathletics.com/sports/womens-volleyball/roster/2025,2026-07-20T01:01:13.956416+00:00,65.0,Lafayette,IN,USA,2025,False
Rhian Swanson,,SR,,University of Kansas,DI,B12,Big 12 Conference,https://kuathletics.com/sports/womens-volleyball/roster/2025,2026-07-20T01:01:13.956416+00:00,74.0,McPherson,KS,USA,2025,False
Selena Leban,,FR,,University of Kansas,DI,B12,Big 12 Conference,https://kuathletics.com/sports/womens-volleyball/roster/2025,2026-07-20T01:01:13.956416+00:00,72.0,Nova Gorica,,Slovenia,2025,False
Katie Dalton,S,SR,,University of Kansas,DI,B12,Big 12 Conference,https://kuathletics.com/sports/womens-volleyball/roster/2025,2026-07-20T01:01:13.956416+00:00,73.0,Parker,CO,USA,2025,False
Ellie Moore,S,SO,,University of Kansas,DI,B12,Big 12 Conference,https://kuathletics.com/sports/womens-volleyball/roster/2025,2026-07-20T01:01:13.956416+00:00,69.0,Darien,CT,USA,2025,False
Jovana Zelenovic,,FR,,University of Kansas,DI,B12,Big 12 Conference,https://kuathletics.com/sports/womens-volleyball/roster/2025,2026-07-20T01:01:13.956416+00:00,79.0,Novi Sad,,Serbia,2025,False
Reese Ptacek,MB,SO,,University of Kansas,DI,B12,Big 12 Conference,https://kuathletics.com/sports/womens-volleyball/roster/2025,2026-07-20T01:01:13.956416+00:00,75.0,Prescott,WI,USA,2025,False
Cristin Cline,S,SO,Oregon,University of Kansas,DI,B12,Big 12 Conference,https://kuathletics.com/sports/womens-volleyball/roster/2025,2026-07-20T01:01:13.956416+00:00,71.0,Stanfield,NC,USA,2025,False
Heidi Devers,L/DS,SO,,University of Kansas,DI,B12,Big 12 Conference,https://kuathletics.com/sports/womens-volleyball/roster/2025,2026-07-20T01:01:13.956416+00:00,64.0,Olathe,KS,USA,2025,False
Ellie Schneider,MB,JR,,University of Kansas,DI,B12,Big 12 Conference,https://kuathletics.com/sports/womens-volleyball/roster/2025,2026-07-20T01:01:13.956416+00:00,77.0,Metairie,LA,USA,2025,False
Aurora Papac,MB,FR,,University of Kansas,DI,B12,Big 12 Conference,https://kuathletics.com/sports/womens-volleyball/roster/2025,2026-07-20T01:01:13.956416+00:00,76.0,Požega,,Croatia,2025,False
Molly McCarthy,L/DS,R-JR,,University of Kansas,DI,B12,Big 12 Conference,https://kuathletics.com/sports/womens-volleyball/roster/2025,2026-07-20T01:01:13.956416+00:00,71.0,Rancho Mirage,CA,USA,2025,False
Brynn Kirsch,L/DS,SR,,University of Kansas,DI,B12,Big 12 Conference,https://kuathletics.com/sports/womens-volleyball/roster/2025,2026-07-20T01:01:13.956416+00:00,68.0,Sioux Falls,SD,USA,2025,False
Ryan White,L/DS,SR,Oregon State,University of Kansas,DI,B12,Big 12 Conference,https://kuathletics.com/sports/womens-volleyball/roster/2025,2026-07-20T01:01:13.956416+00:00,69.0,Richland,WA,USA,2025,False
Aisha Aiono,MB,JR,,University of Kansas,DI,B12,Big 12 Conference,https://kuathletics.com/sports/womens-volleyball/roster/2025,2026-07-20T01:01:13.956416+00:00,75.0,Liberty,MO,USA,2025,False
Logan Bell,,FR,,University of Kansas,DI,B12,Big 12 Conference,https://kuathletics.com/sports/womens-volleyball/roster/2025,2026-07-20T01:01:13.956416+00:00,71.0,Beech Grove,IN,USA,2025,False
Amelia Piekut,OPP,SR,,University of Louisiana Monroe,DI,SBC,Sun Belt Conference,https://ulmwarhawks.com/sports/womens-volleyball/roster/2025,2026-07-20T01:01:30.167358+00:00,71.0,Warsaw,,Poland,2025,False
Briana Raney,L/DS,R-JR,,University of Louisiana Monroe,DI,SBC,Sun Belt Conference,https://ulmwarhawks.com/sports/womens-volleyball/roster/2025,2026-07-20T01:01:30.167358+00:00,65.0,Spring,TX,USA,2025,False
Aniya Hall,OH,FR,,University of Louisiana Monroe,DI,SBC,Sun Belt Conference,https://ulmwarhawks.com/sports/womens-volleyball/roster/2025,2026-07-20T01:01:30.167358+00:00,70.0,San Antonio,TX,USA,2025,False
Kenzie Behl,MB,JR,,University of Louisiana Monroe,DI,SBC,Sun Belt Conference,https://ulmwarhawks.com/sports/womens-volleyball/roster/2025,2026-07-20T01:01:30.167358+00:00,72.0,Buda,TX,USA,2025,False
Madison Derden,OH,FR,,University of Louisiana Monroe,DI,SBC,Sun Belt Conference,https://ulmwarhawks.com/sports/womens-volleyball/roster/2025,2026-07-20T01:01:30.167358+00:00,71.0,Conway,AR,USA,2025,False
Molly Muller,MB,FR,,University of Louisiana Monroe,DI,SBC,Sun Belt Conference,https://ulmwarhawks.com/sports/womens-volleyball/roster/2025,2026-07-20T01:01:30.167358+00:00,74.0,Gulfport,MS,USA,2025,False
Jaliyah Cohnes,OH,JR,,University of Louisiana Monroe,DI,SBC,Sun Belt Conference,https://ulmwarhawks.com/sports/womens-volleyball/roster/2025,2026-07-20T01:01:30.167358+00:00,71.0,Tampa,FL,USA,2025,False
Morgan Howard,S,JR,,University of Louisiana Monroe,DI,SBC,Sun Belt Conference,https://ulmwarhawks.com/sports/womens-volleyball/roster/2025,2026-07-20T01:01:30.167358+00:00,72.0,Grapevine,TX,USA,2025,False
Paige Meins,S,JR,,University of Louisiana Monroe,DI,SBC,Sun Belt Conference,https://ulmwarhawks.com/sports/womens-volleyball/roster/2025,2026-07-20T01:01:30.167358+00:00,68.0,Fairfax,VA,USA,2025,False
Beril Celik,MB,JR,,University of Louisiana Monroe,DI,SBC,Sun Belt Conference,https://ulmwarhawks.com/sports/womens-volleyball/roster/2025,2026-07-20T01:01:30.167358+00:00,71.0,Izmir,,Turkey,2025,False
Gabrielle McCoy,OPP,SO,,University of Maryland Eastern Shore,DI,MEAC,Mid-Eastern Athletic Conf.,https://umeshawksports.com/sports/womens-volleyball/roster/2025,2026-07-20T01:01:40.088818+00:00,70.0,McDonough,GA,USA,2025,False
Kate-Linh Eden,S,JR,,University of Maryland Eastern Shore,DI,MEAC,Mid-Eastern Athletic Conf.,https://umeshawksports.com/sports/womens-volleyball/roster/2025,2026-07-20T01:01:40.088818+00:00,72.0,Fort Worth,TX,USA,2025,False
Jocelyn Torres,S,SO,,University of Maryland Eastern Shore,DI,MEAC,Mid-Eastern Athletic Conf.,https://umeshawksports.com/sports/womens-volleyball/roster/2025,2026-07-20T01:01:40.088818+00:00,67.0,Brookeville,MD,USA,2025,False
Alivia Proctor,L/DS,SO,,University of Maryland Eastern Shore,DI,MEAC,Mid-Eastern Athletic Conf.,https://umeshawksports.com/sports/womens-volleyball/roster/2025,2026-07-20T01:01:40.088818+00:00,67.0,Phoenix,AZ,USA,2025,False
Margarette Vasquez,L/DS,FR,,University of Maryland Eastern Shore,DI,MEAC,Mid-Eastern Athletic Conf.,https://umeshawksports.com/sports/womens-volleyball/roster/2025,2026-07-20T01:01:40.088818+00:00,64.0,Gaithersburg,MD,USA,2025,False
Jayda Hutchins,S,FR,,University of Maryland Eastern Shore,DI,MEAC,Mid-Eastern Athletic Conf.,https://umeshawksports.com/sports/womens-volleyball/roster/2025,2026-07-20T01:01:40.088818+00:00,67.0,Henderson,NV,USA,2025,False
Anjola Omolewa,MB,SR,,University of Maryland Eastern Shore,DI,MEAC,Mid-Eastern Athletic Conf.,https://umeshawksports.com/sports/womens-volleyball/roster/2025,2026-07-20T01:01:40.088818+00:00,70.0,Laurel,MD,USA,2025,False
Nkemjika Ikemefuna,OH,SR,,University of Maryland Eastern Shore,DI,MEAC,Mid-Eastern Athletic Conf.,https://umeshawksports.com/sports/womens-volleyball/roster/2025,2026-07-20T01:01:40.088818+00:00,71.0,Richmond,TX,USA,2025,False
Jaelyn Stewart,L/DS,SO,,University of Maryland Eastern Shore,DI,MEAC,Mid-Eastern Athletic Conf.,https://umeshawksports.com/sports/womens-volleyball/roster/2025,2026-07-20T01:01:40.088818+00:00,68.0,Crofton,MD,USA,2025,False
Lilliana Montes,MB,SO,,University of Maryland Eastern Shore,DI,MEAC,Mid-Eastern Athletic Conf.,https://umeshawksports.com/sports/womens-volleyball/roster/2025,2026-07-20T01:01:40.088818+00:00,76.0,Murrieta,CA,USA,2025,False
Olivia Liermann,OH,JR,,University of Montana,DI,Big Sky,Big Sky Conference,https://gogriz.com/sports/womens-volleyball/roster/2025,2026-07-20T01:02:18.898657+00:00,70.0,Coeur d'Alene,ID,USA,2025,False
Emma Williams,OH,SO,,University of Montana,DI,Big Sky,Big Sky Conference,https://gogriz.com/sports/womens-volleyball/roster/2025,2026-07-20T01:02:18.898657+00:00,72.0,Portland,OR,USA,2025,False
Grace Ryland,L/DS,R-FR,,University of Montana,DI,Big Sky,Big Sky Conference,https://gogriz.com/sports/womens-volleyball/roster/2025,2026-07-20T01:02:18.898657+00:00,65.0,North Platte,NE,USA,2025,False
Josie Blazina,OH,SO,,University of Montana,DI,Big Sky,Big Sky Conference,https://gogriz.com/sports/womens-volleyball/roster/2025,2026-07-20T01:02:18.898657+00:00,69.0,Belgrade,MT,USA,2025,False
Alex Stone,OH,R-FR,,University of Montana,DI,Big Sky,Big Sky Conference,https://gogriz.com/sports/womens-volleyball/roster/2025,2026-07-20T01:02:18.898657+00:00,70.0,Austin,TX,USA,2025,False
Annika Wright,S,FR,,University of Montana,DI,Big Sky,Big Sky Conference,https://gogriz.com/sports/womens-volleyball/roster/2025,2026-07-20T01:02:18.898657+00:00,69.0,Maple Valley,WA,USA,2025,False
Alexis Batezel,L/DS,SR,,University of Montana,DI,Big Sky,Big Sky Conference,https://gogriz.com/sports/womens-volleyball/roster/2025,2026-07-20T01:02:18.898657+00:00,68.0,Las Vegas,NV,USA,2025,False
Maddie Pyles,OH,SR,,University of Montana,DI,Big Sky,Big Sky Conference,https://gogriz.com/sports/womens-volleyball/roster/2025,2026-07-20T01:02:18.898657+00:00,70.0,Fort Worth,TX,USA,2025,False
Gracie Cagle,S,JR,,University of Montana,DI,Big Sky,Big Sky Conference,https://gogriz.com/sports/womens-volleyball/roster/2025,2026-07-20T01:02:18.898657+00:00,71.0,Frisco,TX,USA,2025,False
Delaney Russell,OH,SO,,University of Montana,DI,Big Sky,Big Sky Conference,https://gogriz.com/sports/womens-volleyball/roster/2025,2026-07-20T01:02:18.898657+00:00,68.0,Denver,CO,USA,2025,False
Sophia Vella,MB,FR,,University of Montana,DI,Big Sky,Big Sky Conference,https://gogriz.com/sports/womens-volleyball/roster/2025,2026-07-20T01:02:18.898657+00:00,73.0,Danville,CA,USA,2025,False
Madeline Sanderson,L/DS,FR,,University of Montana,DI,Big Sky,Big Sky Conference,https://gogriz.com/sports/womens-volleyball/roster/2025,2026-07-20T01:02:18.898657+00:00,66.0,Colorado Springs,CO,USA,2025,False
Sydney Pierce,MB,SO,,University of Montana,DI,Big Sky,Big Sky Conference,https://gogriz.com/sports/womens-volleyball/roster/2025,2026-07-20T01:02:18.898657+00:00,76.0,Billings,MT,USA,2025,False
Mylee Blake,OH,FR,,University of Montana,DI,Big Sky,Big Sky Conference,https://gogriz.com/sports/womens-volleyball/roster/2025,2026-07-20T01:02:18.898657+00:00,73.0,Albany,OR,USA,2025,False
Olivia LaBeau,MB,GR,,University of Montana,DI,Big Sky,Big Sky Conference,https://gogriz.com/sports/womens-volleyball/roster/2025,2026-07-20T01:02:18.898657+00:00,73.0,Billings,MT,USA,2025,False
Carley Spachman,MB,GR,,University of Montana,DI,Big Sky,Big Sky Conference,https://gogriz.com/sports/womens-volleyball/roster/2025,2026-07-20T01:02:18.898657+00:00,74.0,Leawood,KS,USA,2025,False
Halle Walker,OH,SO,,University of Montana,DI,Big Sky,Big Sky Conference,https://gogriz.com/sports/womens-volleyball/roster/2025,2026-07-20T01:02:18.898657+00:00,69.0,Twin Falls,ID,USA,2025,False
Avery Merritt,OH,FR,,University of Montana,DI,Big Sky,Big Sky Conference,https://gogriz.com/sports/womens-volleyball/roster/2025,2026-07-20T01:02:18.898657+00:00,73.0,Kirkland,WA,USA,2025,False
Julia Owens,S,SO,,University of Nebraska at Omaha,DI,Summit,The Summit League,https://omavs.com/sports/womens-volleyball/roster/2025,2026-07-20T01:02:21.434257+00:00,68.0,Tempe,AZ,USA,2025,False
Kali Jurgensmeier,OH,SR,,University of Nebraska at Omaha,DI,Summit,The Summit League,https://omavs.com/sports/womens-volleyball/roster/2025,2026-07-20T01:02:21.434257+00:00,73.0,Wahoo,NE,USA,2025,False
Davis Guetterman,S,GR,,University of Nebraska at Omaha,DI,Summit,The Summit League,https://omavs.com/sports/womens-volleyball/roster/2025,2026-07-20T01:02:21.434257+00:00,68.0,Louisburg,KS,USA,2025,False
Faith Venable,OH,FR,,University of Nebraska at Omaha,DI,Summit,The Summit League,https://omavs.com/sports/womens-volleyball/roster/2025,2026-07-20T01:02:21.434257+00:00,74.0,Lincoln,NE,USA,2025,False
Morgan DeBow,OH,SR,,University of Nebraska at Omaha,DI,Summit,The Summit League,https://omavs.com/sports/womens-volleyball/roster/2025,2026-07-20T01:02:21.434257+00:00,74.0,Overland Park,KS,USA,2025,False
Ella Tiarks,OPP,SO,,University of Nebraska at Omaha,DI,Summit,The Summit League,https://omavs.com/sports/womens-volleyball/roster/2025,2026-07-20T01:02:21.434257+00:00,77.0,Treynor,IA,USA,2025,False
Jordyn Anderson,S,FR,,University of Nebraska at Omaha,DI,Summit,The Summit League,https://omavs.com/sports/womens-volleyball/roster/2025,2026-07-20T01:02:21.434257+00:00,76.0,Ludington,MI,USA,2025,False
Emily Huss,MB,JR,,University of Nebraska at Omaha,DI,Summit,The Summit League,https://omavs.com/sports/womens-volleyball/roster/2025,2026-07-20T01:02:21.434257+00:00,77.0,Fairbury,NE,USA,2025,False
Makayla Tiahrt,L/DS,JR,,University of Nebraska at Omaha,DI,Summit,The Summit League,https://omavs.com/sports/womens-volleyball/roster/2025,2026-07-20T01:02:21.434257+00:00,65.0,Sioux Falls,SD,USA,2025,False
Alizabeth Jacobsen,OH,SO,,University of Nebraska at Omaha,DI,Summit,The Summit League,https://omavs.com/sports/womens-volleyball/roster/2025,2026-07-20T01:02:21.434257+00:00,75.0,Neola,IA,USA,2025,False
Torrey Tkach,MB,JR,,University of Nebraska at Omaha,DI,Summit,The Summit League,https://omavs.com/sports/womens-volleyball/roster/2025,2026-07-20T01:02:21.434257+00:00,75.0,Oxford,MS,USA,2025,False
Maya Banks,OPP,FR,,"University of Nevada, Las Vegas",DI,Mountain West,Mountain West Conference,https://unlvrebels.com/sports/womens-volleyball/roster/2025,2026-07-20T01:02:34.675399+00:00,73.0,Chino,CA,USA,2025,False
Tia Traudt,OH,FR,,"University of Nevada, Las Vegas",DI,Mountain West,Mountain West Conference,https://unlvrebels.com/sports/womens-volleyball/roster/2025,2026-07-20T01:02:34.675399+00:00,72.0,Grand Island,NE,USA,2025,False
Kaelynn Sims,MB,FR,,"University of Nevada, Las Vegas",DI,Mountain West,Mountain West Conference,https://unlvrebels.com/sports/womens-volleyball/roster/2025,2026-07-20T01:02:34.675399+00:00,72.0,Garland,TX,USA,2025,False
Caleigh King,L/DS,JR,,"University of Nevada, Las Vegas",DI,Mountain West,Mountain West Conference,https://unlvrebels.com/sports/womens-volleyball/roster/2025,2026-07-20T01:02:34.675399+00:00,66.0,Southlake,TX,USA,2025,False
Rheanna Deen-Jackson,MB,SO,,"University of Nevada, Las Vegas",DI,Mountain West,Mountain West Conference,https://unlvrebels.com/sports/womens-volleyball/roster/2025,2026-07-20T01:02:34.675399+00:00,73.0,Houston,TX,USA,2025,False
Alondra Alarcon,OH,SR,,"University of Nevada, Las Vegas",DI,Mountain West,Mountain West Conference,https://unlvrebels.com/sports/womens-volleyball/roster/2025,2026-07-20T01:02:34.675399+00:00,71.0,Lima,,Peru,2025,False
Logan Lindsay,OPP,JR,,"University of Nevada, Las Vegas",DI,Mountain West,Mountain West Conference,https://unlvrebels.com/sports/womens-volleyball/roster/2025,2026-07-20T01:02:34.675399+00:00,74.0,Layton,UT,USA,2025,False
Alexa Ankerstar,S,FR,,"University of Nevada, Las Vegas",DI,Mountain West,Mountain West Conference,https://unlvrebels.com/sports/womens-volleyball/roster/2025,2026-07-20T01:02:34.675399+00:00,70.0,Round Rock,TX,USA,2025,False
Simi Elliott,MB,FR,,"University of Nevada, Las Vegas",DI,Mountain West,Mountain West Conference,https://unlvrebels.com/sports/womens-volleyball/roster/2025,2026-07-20T01:02:34.675399+00:00,73.0,Katy,TX,USA,2025,False
Jaida Harris,OH,R-SO,,"University of Nevada, Las Vegas",DI,Mountain West,Mountain West Conference,https://unlvrebels.com/sports/womens-volleyball/roster/2025,2026-07-20T01:02:34.675399+00:00,74.0,Las Vegas,NV,USA,2025,False
Sloan Cleveland,L/DS,FR,,"University of Nevada, Las Vegas",DI,Mountain West,Mountain West Conference,https://unlvrebels.com/sports/womens-volleyball/roster/2025,2026-07-20T01:02:34.675399+00:00,67.0,Prosper,TX,USA,2025,False
Brooklynn Williams,MB,FR,,"University of Nevada, Las Vegas",DI,Mountain West,Mountain West Conference,https://unlvrebels.com/sports/womens-volleyball/roster/2025,2026-07-20T01:02:34.675399+00:00,71.0,Las Vegas,NV,USA,2025,False
Agata Makowska,S,JR,,"University of Nevada, Las Vegas",DI,Mountain West,Mountain West Conference,https://unlvrebels.com/sports/womens-volleyball/roster/2025,2026-07-20T01:02:34.675399+00:00,70.0,Ponzan,,Poland,2025,False
Isha Knight,L/DS,GR,,"University of Nevada, Las Vegas",DI,Mountain West,Mountain West Conference,https://unlvrebels.com/sports/womens-volleyball/roster/2025,2026-07-20T01:02:34.675399+00:00,67.0,Miliani,HI,USA,2025,False
Basia Latos,OH,SO,,"University of Nevada, Las Vegas",DI,Mountain West,Mountain West Conference,https://unlvrebels.com/sports/womens-volleyball/roster/2025,2026-07-20T01:02:34.675399+00:00,71.0,Lazy,,Poland,2025,False
Kaia Thiele,S,FR,,"University of Nevada, Las Vegas",DI,Mountain West,Mountain West Conference,https://unlvrebels.com/sports/womens-volleyball/roster/2025,2026-07-20T01:02:34.675399+00:00,71.0,San Antonio,TX,USA,2025,False
Mckaley Herr,OH,FR,,"University of Nevada, Reno",DI,Mountain West,Mountain West Conference,https://nevadawolfpack.com/sports/womens-volleyball/roster/2025,2026-07-20T01:02:37.607109+00:00,71.0,Gilbert,AZ,USA,2025,False
Bella Snyder,MB,SR,,"University of Nevada, Reno",DI,Mountain West,Mountain West Conference,https://nevadawolfpack.com/sports/womens-volleyball/roster/2025,2026-07-20T01:02:37.607109+00:00,72.0,Salem,OR,USA,2025,False
Ceren Sert,MB,JR,,"University of Nevada, Reno",DI,Mountain West,Mountain West Conference,https://nevadawolfpack.com/sports/womens-volleyball/roster/2025,2026-07-20T01:02:37.607109+00:00,73.0,Ankara,,Turkey,2025,False
Ambri Hanohano,S,R-FR,,"University of Nevada, Reno",DI,Mountain West,Mountain West Conference,https://nevadawolfpack.com/sports/womens-volleyball/roster/2025,2026-07-20T01:02:37.607109+00:00,70.0,Honolulu,HI,USA,2025,False
Audrey Jensen,S,FR,,"University of Nevada, Reno",DI,Mountain West,Mountain West Conference,https://nevadawolfpack.com/sports/womens-volleyball/roster/2025,2026-07-20T01:02:37.607109+00:00,72.0,Parker,CO,USA,2025,False
Lara Pacheco,L/DS,SO,,"University of Nevada, Reno",DI,Mountain West,Mountain West Conference,https://nevadawolfpack.com/sports/womens-volleyball/roster/2025,2026-07-20T01:02:37.607109+00:00,68.0,Joao Pessoa,,Brasil,2025,False
Kamryn Tifft,OH,FR,,"University of Nevada, Reno",DI,Mountain West,Mountain West Conference,https://nevadawolfpack.com/sports/womens-volleyball/roster/2025,2026-07-20T01:02:37.607109+00:00,72.0,Thousand Oaks,CA,USA,2025,False
Alexa Ham,OH,FR,,"University of Nevada, Reno",DI,Mountain West,Mountain West Conference,https://nevadawolfpack.com/sports/womens-volleyball/roster/2025,2026-07-20T01:02:37.607109+00:00,71.0,Las Vegas,NV,USA,2025,False
Jess Walkenhorst,OH,R-FR,,"University of Nevada, Reno",DI,Mountain West,Mountain West Conference,https://nevadawolfpack.com/sports/womens-volleyball/roster/2025,2026-07-20T01:02:37.607109+00:00,74.0,West Chester,OH,USA,2025,False
Haylee Brown,OH,JR,,"University of Nevada, Reno",DI,Mountain West,Mountain West Conference,https://nevadawolfpack.com/sports/womens-volleyball/roster/2025,2026-07-20T01:02:37.607109+00:00,74.0,Maricopa,AZ,USA,2025,False
Estrella Vazquez,S,FR,,University of New Orleans,DI,Southland,Southland Conference,https://privateersports.com/sports/womens-volleyball/roster/2025,2026-07-20T01:02:53.093654+00:00,67.0,Baton Rouge,LA,USA,2025,False
Ryan Williams,OH,JR,,University of New Orleans,DI,Southland,Southland Conference,https://privateersports.com/sports/womens-volleyball/roster/2025,2026-07-20T01:02:53.093654+00:00,70.0,Richmond,TX,USA,2025,False
Defne Eciroglu,S,JR,,University of New Orleans,DI,Southland,Southland Conference,https://privateersports.com/sports/womens-volleyball/roster/2025,2026-07-20T01:02:53.093654+00:00,69.0,Ankara,,Turkey,2025,False
Celia Mbaya,OH,JR,,University of New Orleans,DI,Southland,Southland Conference,https://privateersports.com/sports/womens-volleyball/roster/2025,2026-07-20T01:02:53.093654+00:00,69.0,Saint Brieuc,,France,2025,False
Laura Piva,OH,JR,,University of New Orleans,DI,Southland,Southland Conference,https://privateersports.com/sports/womens-volleyball/roster/2025,2026-07-20T01:02:53.093654+00:00,71.0,Trecate,,Italy,2025,False
Vanae Sapp,OH,GR,,University of New Orleans,DI,Southland,Southland Conference,https://privateersports.com/sports/womens-volleyball/roster/2025,2026-07-20T01:02:53.093654+00:00,69.0,Austin,TX,USA,2025,False
Ania Anderson,OH,FR,,University of New Orleans,DI,Southland,Southland Conference,https://privateersports.com/sports/womens-volleyball/roster/2025,2026-07-20T01:02:53.093654+00:00,70.0,Geismar,LA,USA,2025,False
Elani Ratchkovska,MB,JR,,University of New Orleans,DI,Southland,Southland Conference,https://privateersports.com/sports/womens-volleyball/roster/2025,2026-07-20T01:02:53.093654+00:00,74.0,Woodstock,GA,USA,2025,False
Olivia Fenoff,OH,JR,,University of North Alabama,DI,ASUN,Atlantic Sun Conference,https://roarlions.com/sports/wvball/roster/2025,2026-07-20T01:02:55.732149+00:00,72.0,Lake Mary,FL,USA,2025,False
Ally Greenwell,OH,FR,,University of North Alabama,DI,ASUN,Atlantic Sun Conference,https://roarlions.com/sports/wvball/roster/2025,2026-07-20T01:02:55.732149+00:00,68.0,Spring Hill,TN,USA,2025,False
Kinslee McGowan,S,SO,,University of North Alabama,DI,ASUN,Atlantic Sun Conference,https://roarlions.com/sports/wvball/roster/2025,2026-07-20T01:02:55.732149+00:00,70.0,Cleveland,TN,USA,2025,False
Lankford Gurner,L/DS,SO,,University of North Alabama,DI,ASUN,Atlantic Sun Conference,https://roarlions.com/sports/wvball/roster/2025,2026-07-20T01:02:55.732149+00:00,67.0,Birmingham,AL,USA,2025,False
Kendall Barnes,OH,JR,,University of North Alabama,DI,ASUN,Atlantic Sun Conference,https://roarlions.com/sports/wvball/roster/2025,2026-07-20T01:02:55.732149+00:00,73.0,Memphis,TN,USA,2025,False
Landri Ross,S,FR,,University of North Alabama,DI,ASUN,Atlantic Sun Conference,https://roarlions.com/sports/wvball/roster/2025,2026-07-20T01:02:55.732149+00:00,70.0,Tallahassee,FL,USA,2025,False
Reese Ricketts,OH,SO,,University of North Alabama,DI,ASUN,Atlantic Sun Conference,https://roarlions.com/sports/wvball/roster/2025,2026-07-20T01:02:55.732149+00:00,74.0,Harrison,AR,USA,2025,False
Paris McQuirter,OH,FR,,University of North Alabama,DI,ASUN,Atlantic Sun Conference,https://roarlions.com/sports/wvball/roster/2025,2026-07-20T01:02:55.732149+00:00,70.0,Mobile,AL,USA,2025,False
Jenna Kolosta,MB,FR,,University of North Alabama,DI,ASUN,Atlantic Sun Conference,https://roarlions.com/sports/wvball/roster/2025,2026-07-20T01:02:55.732149+00:00,74.0,Lockport,IL,USA,2025,False
Dylann Garner,OH,SO,,University of North Alabama,DI,ASUN,Atlantic Sun Conference,https://roarlions.com/sports/wvball/roster/2025,2026-07-20T01:02:55.732149+00:00,74.0,Franklin,TN,USA,2025,False
Amelia Keating,MB,SO,,University of North Alabama,DI,ASUN,Atlantic Sun Conference,https://roarlions.com/sports/wvball/roster/2025,2026-07-20T01:02:55.732149+00:00,74.0,Murfreesboro,TN,USA,2025,False
Marnie Ursem,MB,SO,,University of North Carolina Wilmington,DI,CAA,Coastal Athletic Association,https://uncwsports.com/sports/womens-volleyball/roster/2025,2026-07-20T01:03:02.397414+00:00,75.0,Auckland,,New Zealand,2025,False
Lauren Young,S,GR,Jacksonville,University of North Carolina Wilmington,DI,CAA,Coastal Athletic Association,https://uncwsports.com/sports/womens-volleyball/roster/2025,2026-07-20T01:03:02.397414+00:00,71.0,Delaware,OH,USA,2025,False
Macy Leyda,OH,SO,,University of North Carolina Wilmington,DI,CAA,Coastal Athletic Association,https://uncwsports.com/sports/womens-volleyball/roster/2025,2026-07-20T01:03:02.397414+00:00,74.0,Apex,NC,USA,2025,False
Noe Gaeta,S,SR,,University of North Carolina Wilmington,DI,CAA,Coastal Athletic Association,https://uncwsports.com/sports/womens-volleyball/roster/2025,2026-07-20T01:03:02.397414+00:00,69.0,Mooresville,NC,USA,2025,False
Morgan Esmie,L/DS,SO,,University of North Carolina Wilmington,DI,CAA,Coastal Athletic Association,https://uncwsports.com/sports/womens-volleyball/roster/2025,2026-07-20T01:03:02.397414+00:00,66.0,Milton,GA,USA,2025,False
Azaria Sweet,L/DS,FR,,University of North Carolina Wilmington,DI,CAA,Coastal Athletic Association,https://uncwsports.com/sports/womens-volleyball/roster/2025,2026-07-20T01:03:02.397414+00:00,65.0,Florence,KY,USA,2025,False
Sarah Thompson,OH,SR,,University of North Carolina Wilmington,DI,CAA,Coastal Athletic Association,https://uncwsports.com/sports/womens-volleyball/roster/2025,2026-07-20T01:03:02.397414+00:00,70.0,Virginia Beach,VA,USA,2025,False
Meredith Keefer,OH,FR,,University of North Carolina Wilmington,DI,CAA,Coastal Athletic Association,https://uncwsports.com/sports/womens-volleyball/roster/2025,2026-07-20T01:03:02.397414+00:00,72.0,Hanover,PA,USA,2025,False
Maris Grant,S,JR,,University of North Carolina Wilmington,DI,CAA,Coastal Athletic Association,https://uncwsports.com/sports/womens-volleyball/roster/2025,2026-07-20T01:03:02.397414+00:00,71.0,Wilmington,NC,USA,2025,False
Larisa Lehtoranta,MB,SR,West Virginia State,University of North Carolina Wilmington,DI,CAA,Coastal Athletic Association,https://uncwsports.com/sports/womens-volleyball/roster/2025,2026-07-20T01:03:02.397414+00:00,73.0,Villahde,,Finland,2025,False
Olivia Heidel,S,SR,IUP,University of North Carolina Wilmington,DI,CAA,Coastal Athletic Association,https://uncwsports.com/sports/womens-volleyball/roster/2025,2026-07-20T01:03:02.397414+00:00,71.0,Roscoe,IL,USA,2025,False
Lilly Sullivan,MB,FR,,University of North Carolina Wilmington,DI,CAA,Coastal Athletic Association,https://uncwsports.com/sports/womens-volleyball/roster/2025,2026-07-20T01:03:02.397414+00:00,74.0,Hanover,PA,USA,2025,False
Rania Chimonides,MB,FR,,University of North Carolina Wilmington,DI,CAA,Coastal Athletic Association,https://uncwsports.com/sports/womens-volleyball/roster/2025,2026-07-20T01:03:02.397414+00:00,74.0,Nicosia,,Cyprus,2025,False
Hannah Forbes,OH,R-JR,,University of North Carolina Wilmington,DI,CAA,Coastal Athletic Association,https://uncwsports.com/sports/womens-volleyball/roster/2025,2026-07-20T01:03:02.397414+00:00,72.0,Pittsboro,NC,USA,2025,False
Lilly Kirtley-Peyton,L/DS,SR,,University of North Carolina Wilmington,DI,CAA,Coastal Athletic Association,https://uncwsports.com/sports/womens-volleyball/roster/2025,2026-07-20T01:03:02.397414+00:00,68.0,Birmingham,AL,USA,2025,False
Coley Shiflet,L/DS,R-FR,Houston,University of North Carolina Wilmington,DI,CAA,Coastal Athletic Association,https://uncwsports.com/sports/womens-volleyball/roster/2025,2026-07-20T01:03:02.397414+00:00,64.0,Asheboro,NC,USA,2025,False
Avery Markham,OH,R-SO,North Alabama,University of North Carolina Wilmington,DI,CAA,Coastal Athletic Association,https://uncwsports.com/sports/womens-volleyball/roster/2025,2026-07-20T01:03:02.397414+00:00,72.0,Apex,NC,USA,2025,False
Ayla Johnson,,GR,Georgia State,University of North Carolina Wilmington,DI,CAA,Coastal Athletic Association,https://uncwsports.com/sports/womens-volleyball/roster/2025,2026-07-20T01:03:02.397414+00:00,69.0,Wilmington,NC,USA,2025,False
Mackenzie Boyer,MB,R-SO,,"University of North Carolina, Chapel Hill",DI,ACC,Atlantic Coast Conference,https://goheels.com/sports/womens-volleyball/roster/2025,2026-07-20T01:03:05.010380+00:00,73.15611814345992,Austin,TX,USA,2025,False
Zoe Behrendt,S,JR,,"University of North Carolina, Chapel Hill",DI,ACC,Atlantic Coast Conference,https://goheels.com/sports/womens-volleyball/roster/2025,2026-07-20T01:03:05.010380+00:00,69.69760479041916,Whitefish Bay,WI,USA,2025,False
Lauren Schutter,MB,R-JR,,"University of North Carolina, Chapel Hill",DI,ACC,Atlantic Coast Conference,https://goheels.com/sports/womens-volleyball/roster/2025,2026-07-20T01:03:05.010380+00:00,73.15611814345992,Alma,KS,USA,2025,False
Erin Curtis,OH,SO,,"University of North Carolina, Chapel Hill",DI,ACC,Atlantic Coast Conference,https://goheels.com/sports/womens-volleyball/roster/2025,2026-07-20T01:03:05.010380+00:00,71.45390070921985,Los Altos,CA,USA,2025,False
Meghan Clifford,MB,R-FR,,"University of North Carolina, Chapel Hill",DI,ACC,Atlantic Coast Conference,https://goheels.com/sports/womens-volleyball/roster/2025,2026-07-20T01:03:05.010380+00:00,73.15611814345992,Fairport,NY,USA,2025,False
Julia Bohlinger,L/DS,SO,,"University of North Carolina, Chapel Hill",DI,ACC,Atlantic Coast Conference,https://goheels.com/sports/womens-volleyball/roster/2025,2026-07-20T01:03:05.010380+00:00,66.12328767123287,Windsor,CO,USA,2025,False
Sadie Swift,MB,SR,,"University of North Carolina, Chapel Hill",DI,ACC,Atlantic Coast Conference,https://goheels.com/sports/womens-volleyball/roster/2025,2026-07-20T01:03:05.010380+00:00,73.15611814345992,Austin,TX,USA,2025,False
Sienna Cozza,S,FR,,"University of North Carolina, Chapel Hill",DI,ACC,Atlantic Coast Conference,https://goheels.com/sports/womens-volleyball/roster/2025,2026-07-20T01:03:05.010380+00:00,69.69760479041916,Mars,PA,USA,2025,False
Bridget Malone,OH,FR,,"University of North Carolina, Chapel Hill",DI,ACC,Atlantic Coast Conference,https://goheels.com/sports/womens-volleyball/roster/2025,2026-07-20T01:03:05.010380+00:00,71.45390070921985,Highlands Ranch,CO,USA,2025,False
Emily Bobbitt,S,SO,,"University of North Carolina, Chapel Hill",DI,ACC,Atlantic Coast Conference,https://goheels.com/sports/womens-volleyball/roster/2025,2026-07-20T01:03:05.010380+00:00,69.69760479041916,Clayton,NC,USA,2025,False
Jackie Taylor,MB,SO,,"University of North Carolina, Chapel Hill",DI,ACC,Atlantic Coast Conference,https://goheels.com/sports/womens-volleyball/roster/2025,2026-07-20T01:03:05.010380+00:00,73.15611814345992,Miami,FL,USA,2025,False
Safi Hampton,OH,JR,,"University of North Carolina, Chapel Hill",DI,ACC,Atlantic Coast Conference,https://goheels.com/sports/womens-volleyball/roster/2025,2026-07-20T01:03:05.010380+00:00,71.45390070921985,Jessup,MD,USA,2025,False
Laynie Smith,OH,SO,,"University of North Carolina, Chapel Hill",DI,ACC,Atlantic Coast Conference,https://goheels.com/sports/womens-volleyball/roster/2025,2026-07-20T01:03:05.010380+00:00,71.45390070921985,Durham,NC,USA,2025,False
Maddy May,L/DS,SR,,"University of North Carolina, Chapel Hill",DI,ACC,Atlantic Coast Conference,https://goheels.com/sports/womens-volleyball/roster/2025,2026-07-20T01:03:05.010380+00:00,66.12328767123287,Winterville,NC,USA,2025,False
Hailey Pearce,OPP,JR,,"University of North Carolina, Chapel Hill",DI,ACC,Atlantic Coast Conference,https://goheels.com/sports/womens-volleyball/roster/2025,2026-07-20T01:03:05.010380+00:00,72.57241379310345,Charlotte,NC,USA,2025,False
Cadence Shea,OH,R-JR,,"University of North Carolina, Chapel Hill",DI,ACC,Atlantic Coast Conference,https://goheels.com/sports/womens-volleyball/roster/2025,2026-07-20T01:03:05.010380+00:00,71.45390070921985,Westlake,OH,USA,2025,False
Chelsea Thorpe,OH,R-JR,,"University of North Carolina, Chapel Hill",DI,ACC,Atlantic Coast Conference,https://goheels.com/sports/womens-volleyball/roster/2025,2026-07-20T01:03:05.010380+00:00,71.45390070921985,Chicago,IL,USA,2025,False
Kimanni Rugley,MB,FR,,University of North Dakota,DI,Summit,The Summit League,https://fightinghawks.com/sports/womens-volleyball/roster/2025,2026-07-20T01:03:07.629426+00:00,72.0,Pearland,TX,USA,2025,False
An den Hamer,OPP,SO,,University of North Dakota,DI,Summit,The Summit League,https://fightinghawks.com/sports/womens-volleyball/roster/2025,2026-07-20T01:03:07.629426+00:00,72.0,Apeldoorn,,Netherlands,2025,False
Matthea Dalton,OH,FR,,University of North Dakota,DI,Summit,The Summit League,https://fightinghawks.com/sports/womens-volleyball/roster/2025,2026-07-20T01:03:07.629426+00:00,69.0,Fremont,NE,USA,2025,False
Lauren Perugini,OH,JR,,University of North Dakota,DI,Summit,The Summit League,https://fightinghawks.com/sports/womens-volleyball/roster/2025,2026-07-20T01:03:07.629426+00:00,71.0,Mississauga,ON,CAN,2025,False
Reagan McIntosh,S,SO,,University of North Dakota,DI,Summit,The Summit League,https://fightinghawks.com/sports/womens-volleyball/roster/2025,2026-07-20T01:03:07.629426+00:00,72.0,Verona,WI,USA,2025,False
Marianna Rivera,MB,SO,,University of North Dakota,DI,Summit,The Summit League,https://fightinghawks.com/sports/womens-volleyball/roster/2025,2026-07-20T01:03:07.629426+00:00,76.0,Williamston,MI,USA,2025,False
Olivia Edlund,OH,R-SO,,University of North Dakota,DI,Summit,The Summit League,https://fightinghawks.com/sports/womens-volleyball/roster/2025,2026-07-20T01:03:07.629426+00:00,74.0,Barnwell,Alberta,CAN,2025,False
Paige Barber,OH,SR,,University of North Dakota,DI,Summit,The Summit League,https://fightinghawks.com/sports/womens-volleyball/roster/2025,2026-07-20T01:03:07.629426+00:00,72.0,Brecksville,OH,USA,2025,False
Vanessa Washington,MB,SO,,University of North Dakota,DI,Summit,The Summit League,https://fightinghawks.com/sports/womens-volleyball/roster/2025,2026-07-20T01:03:07.629426+00:00,72.0,Marietta,GA,USA,2025,False
Katie Paez,L/DS,JR,,University of North Dakota,DI,Summit,The Summit League,https://fightinghawks.com/sports/womens-volleyball/roster/2025,2026-07-20T01:03:07.629426+00:00,65.0,Las Vegas,NV,USA,2025,False
Sadie White,S,FR,,University of North Dakota,DI,Summit,The Summit League,https://fightinghawks.com/sports/womens-volleyball/roster/2025,2026-07-20T01:03:07.629426+00:00,68.0,Herriman,UT,USA,2025,False
Ava Galvan,MB,FR,,University of North Dakota,DI,Summit,The Summit League,https://fightinghawks.com/sports/womens-volleyball/roster/2025,2026-07-20T01:03:07.629426+00:00,75.0,Agoura Hills,CA,USA,2025,False
Kelly Kelsick,L/DS,FR,,University of North Dakota,DI,Summit,The Summit League,https://fightinghawks.com/sports/womens-volleyball/roster/2025,2026-07-20T01:03:07.629426+00:00,68.0,Pearland,TX,USA,2025,False
Sofia Dawson,S,FR,,University of North Florida,DI,ASUN,Atlantic Sun Conference,https://unfospreys.com/sports/womens-volleyball/roster/2025,2026-07-20T01:03:10.348772+00:00,73.0,Atlanta,GA,USA,2025,False
Kailey McKnight,OH,GR,,University of North Florida,DI,ASUN,Atlantic Sun Conference,https://unfospreys.com/sports/womens-volleyball/roster/2025,2026-07-20T01:03:10.348772+00:00,70.0,Port St. Lucie,FL,USA,2025,False
Dakota Spurrier,OH,R-FR,,University of North Florida,DI,ASUN,Atlantic Sun Conference,https://unfospreys.com/sports/womens-volleyball/roster/2025,2026-07-20T01:03:10.348772+00:00,73.0,Cincinnati,OH,USA,2025,False
Maymie Guthrie,L/DS,SR,,University of North Florida,DI,ASUN,Atlantic Sun Conference,https://unfospreys.com/sports/womens-volleyball/roster/2025,2026-07-20T01:03:10.348772+00:00,66.0,Nolensville,TN,USA,2025,False
Katelyn Bowman,MB,FR,,University of North Florida,DI,ASUN,Atlantic Sun Conference,https://unfospreys.com/sports/womens-volleyball/roster/2025,2026-07-20T01:03:10.348772+00:00,72.0,Allen,TX,USA,2025,False
Janelly Ceopa,OH,GR,Miami Dade College,University of North Florida,DI,ASUN,Atlantic Sun Conference,https://unfospreys.com/sports/womens-volleyball/roster/2025,2026-07-20T01:03:10.348772+00:00,70.0,Lima,,Peru,2025,False
Kacey Kazmierski,S,SO,,University of North Florida,DI,ASUN,Atlantic Sun Conference,https://unfospreys.com/sports/womens-volleyball/roster/2025,2026-07-20T01:03:10.348772+00:00,72.0,Lakeway,TX,USA,2025,False
Mackenzie Piester,OPP,SR,,University of North Florida,DI,ASUN,Atlantic Sun Conference,https://unfospreys.com/sports/womens-volleyball/roster/2025,2026-07-20T01:03:10.348772+00:00,75.0,San Diego,CA,USA,2025,False
Haleina Bowers,MB,FR,,University of North Florida,DI,ASUN,Atlantic Sun Conference,https://unfospreys.com/sports/womens-volleyball/roster/2025,2026-07-20T01:03:10.348772+00:00,76.0,Queen Creek,AZ,USA,2025,False
Fallon Humphries,OH,FR,,University of North Florida,DI,ASUN,Atlantic Sun Conference,https://unfospreys.com/sports/womens-volleyball/roster/2025,2026-07-20T01:03:10.348772+00:00,73.0,Ridgeland,MS,USA,2025,False
Yarimar Francis Garay,MB,JR,,University of North Florida,DI,ASUN,Atlantic Sun Conference,https://unfospreys.com/sports/womens-volleyball/roster/2025,2026-07-20T01:03:10.348772+00:00,73.0,Carolina,,PR,2025,False
Leah McDonald,OH,FR,,University of North Florida,DI,ASUN,Atlantic Sun Conference,https://unfospreys.com/sports/womens-volleyball/roster/2025,2026-07-20T01:03:10.348772+00:00,71.0,Orlando,FL,USA,2025,False
Kaili Doctor,OH,JR,Eastern Michigan / North Carolina A&T,University of North Florida,DI,ASUN,Atlantic Sun Conference,https://unfospreys.com/sports/womens-volleyball/roster/2025,2026-07-20T01:03:10.348772+00:00,71.0,Pittsburgh,PA,USA,2025,False
Julianna Santiago,L/DS,R-FR,Tennessee,University of North Florida,DI,ASUN,Atlantic Sun Conference,https://unfospreys.com/sports/womens-volleyball/roster/2025,2026-07-20T01:03:10.348772+00:00,64.0,Spring Hill,TN,USA,2025,False
Emma Pohlmann,L/DS,JR,,University of North Florida,DI,ASUN,Atlantic Sun Conference,https://unfospreys.com/sports/womens-volleyball/roster/2025,2026-07-20T01:03:10.348772+00:00,69.0,Chelsea,AL,USA,2025,False
Evelina Gerogianni,S,R-FR,Oregon,University of North Florida,DI,ASUN,Atlantic Sun Conference,https://unfospreys.com/sports/womens-volleyball/roster/2025,2026-07-20T01:03:10.348772+00:00,69.0,Athens,,Greece,2025,False
Kierstyn McFall,MB,SR,,University of North Florida,DI,ASUN,Atlantic Sun Conference,https://unfospreys.com/sports/womens-volleyball/roster/2025,2026-07-20T01:03:10.348772+00:00,76.0,Klein,TX,USA,2025,False
Kendall Newbold,OPP,FR,,University of North Florida,DI,ASUN,Atlantic Sun Conference,https://unfospreys.com/sports/womens-volleyball/roster/2025,2026-07-20T01:03:10.348772+00:00,75.0,Atlanta,GA,USA,2025,False
Taryn Rice,L/DS,R-SO,,University of Northern Iowa,DI,MVC,Missouri Valley Conference,https://unipanthers.com/sports/womens-volleyball/roster/2025,2026-07-20T01:03:19.696595+00:00,66.12328767123287,Northville,MI,USA,2025,False
Cassidy Hartman,OH,JR,,University of Northern Iowa,DI,MVC,Missouri Valley Conference,https://unipanthers.com/sports/womens-volleyball/roster/2025,2026-07-20T01:03:19.696595+00:00,71.45390070921985,North Liberty,IA,USA,2025,False
Kiana Landers,MB,FR,,University of Northern Iowa,DI,MVC,Missouri Valley Conference,https://unipanthers.com/sports/womens-volleyball/roster/2025,2026-07-20T01:03:19.696595+00:00,73.15611814345992,Chandler,AZ,USA,2025,False
Molly Shafer,OH,FR,,University of Northern Iowa,DI,MVC,Missouri Valley Conference,https://unipanthers.com/sports/womens-volleyball/roster/2025,2026-07-20T01:03:19.696595+00:00,71.45390070921985,Eddyville,IA,USA,2025,False
Reese Booth,S,SO,,University of Northern Iowa,DI,MVC,Missouri Valley Conference,https://unipanthers.com/sports/womens-volleyball/roster/2025,2026-07-20T01:03:19.696595+00:00,69.69760479041916,Omaha,NE,USA,2025,False
Lindsay Oldendorf,MB,SR,,University of Northern Iowa,DI,MVC,Missouri Valley Conference,https://unipanthers.com/sports/womens-volleyball/roster/2025,2026-07-20T01:03:19.696595+00:00,73.15611814345992,Homer Glen,IL,USA,2025,False
Maryn Bixby,MB,R-FR,,University of Northern Iowa,DI,MVC,Missouri Valley Conference,https://unipanthers.com/sports/womens-volleyball/roster/2025,2026-07-20T01:03:19.696595+00:00,73.15611814345992,Dike,IA,USA,2025,False
Isabelle Elliott,OH,R-FR,,University of Northern Iowa,DI,MVC,Missouri Valley Conference,https://unipanthers.com/sports/womens-volleyball/roster/2025,2026-07-20T01:03:19.696595+00:00,71.45390070921985,Sumner,IA,USA,2025,False
Kate Shafer,S,FR,,University of Northern Iowa,DI,MVC,Missouri Valley Conference,https://unipanthers.com/sports/womens-volleyball/roster/2025,2026-07-20T01:03:19.696595+00:00,69.69760479041916,Eddyville,IA,USA,2025,False
Calia Clubb,OPP,SR,,University of Northern Iowa,DI,MVC,Missouri Valley Conference,https://unipanthers.com/sports/womens-volleyball/roster/2025,2026-07-20T01:03:19.696595+00:00,72.57241379310345,Tiffin,IA,USA,2025,False
Sophie Buysse,L/DS,FR,,University of Northern Iowa,DI,MVC,Missouri Valley Conference,https://unipanthers.com/sports/womens-volleyball/roster/2025,2026-07-20T01:03:19.696595+00:00,66.12328767123287,West Liberty,IA,USA,2025,False
Lily Dykstra,OH,JR,,University of Northern Iowa,DI,MVC,Missouri Valley Conference,https://unipanthers.com/sports/womens-volleyball/roster/2025,2026-07-20T01:03:19.696595+00:00,71.45390070921985,Urbandale,IA,USA,2025,False
Grace Hannam,MB,FR,,University of Northern Iowa,DI,MVC,Missouri Valley Conference,https://unipanthers.com/sports/womens-volleyball/roster/2025,2026-07-20T01:03:19.696595+00:00,73.15611814345992,Cedar Falls,IA,USA,2025,False
Sydney Golden,S,SR,,University of Northern Iowa,DI,MVC,Missouri Valley Conference,https://unipanthers.com/sports/womens-volleyball/roster/2025,2026-07-20T01:03:19.696595+00:00,69.69760479041916,Nixa,MO,USA,2025,False
Payton Askelsen,L/DS,FR,,University of Northern Iowa,DI,MVC,Missouri Valley Conference,https://unipanthers.com/sports/womens-volleyball/roster/2025,2026-07-20T01:03:19.696595+00:00,66.12328767123287,Cambridge,IA,USA,2025,False
Kamryn Vogt,OPP,R-FR,,University of Northern Iowa,DI,MVC,Missouri Valley Conference,https://unipanthers.com/sports/womens-volleyball/roster/2025,2026-07-20T01:03:19.696595+00:00,72.57241379310345,Urbandale,IA,USA,2025,False
Jadyn Petersen,L/DS,R-FR,,University of Northern Iowa,DI,MVC,Missouri Valley Conference,https://unipanthers.com/sports/womens-volleyball/roster/2025,2026-07-20T01:03:19.696595+00:00,66.12328767123287,Dike,IA,USA,2025,False
Kaitlyn Sellner,MB,R-SO,,University of Northern Iowa,DI,MVC,Missouri Valley Conference,https://unipanthers.com/sports/womens-volleyball/roster/2025,2026-07-20T01:03:19.696595+00:00,73.15611814345992,Eagan,MN,USA,2025,False
Abigail Reid,L/DS,SR,,University of Pennsylvania,DI,IVY,The Ivy League,https://pennathletics.com/sports/womens-volleyball/roster/2025,2026-07-20T01:03:40.151526+00:00,68.0,Clarendon Hills,IL,USA,2025,False
Jenniya Lane,OPP,SO,,University of Pennsylvania,DI,IVY,The Ivy League,https://pennathletics.com/sports/womens-volleyball/roster/2025,2026-07-20T01:03:40.151526+00:00,73.0,Houston,TX,USA,2025,False
Jalen Tennyson,MB,SR,,University of Pennsylvania,DI,IVY,The Ivy League,https://pennathletics.com/sports/womens-volleyball/roster/2025,2026-07-20T01:03:40.151526+00:00,74.0,Los Angeles,CA,USA,2025,False
Nathalie Tsai,S,FR,,University of Pennsylvania,DI,IVY,The Ivy League,https://pennathletics.com/sports/womens-volleyball/roster/2025,2026-07-20T01:03:40.151526+00:00,67.0,Atlanta,GA,USA,2025,False
Zada Sanger,OH,JR,,University of Pennsylvania,DI,IVY,The Ivy League,https://pennathletics.com/sports/womens-volleyball/roster/2025,2026-07-20T01:03:40.151526+00:00,73.0,Berkeley,CA,USA,2025,False
Haley Kerstetter,MB,FR,,University of Pennsylvania,DI,IVY,The Ivy League,https://pennathletics.com/sports/womens-volleyball/roster/2025,2026-07-20T01:03:40.151526+00:00,73.0,Frisco,TX,USA,2025,False
Feyi Ogunlari,OH,SR,,University of Pennsylvania,DI,IVY,The Ivy League,https://pennathletics.com/sports/womens-volleyball/roster/2025,2026-07-20T01:03:40.151526+00:00,70.0,Heath,TX,USA,2025,False
Elsa McDermott,L/DS,JR,,University of Pennsylvania,DI,IVY,The Ivy League,https://pennathletics.com/sports/womens-volleyball/roster/2025,2026-07-20T01:03:40.151526+00:00,67.0,Portland,OR,USA,2025,False
Emery Moore,S,SO,,University of Pennsylvania,DI,IVY,The Ivy League,https://pennathletics.com/sports/womens-volleyball/roster/2025,2026-07-20T01:03:40.151526+00:00,70.0,Indianapolis,IN,USA,2025,False
Adell Murray,MB,SO,,University of Pennsylvania,DI,IVY,The Ivy League,https://pennathletics.com/sports/womens-volleyball/roster/2025,2026-07-20T01:03:40.151526+00:00,73.0,Sugar Land,TX,USA,2025,False
Lauren Van Wie,L/DS,JR,,University of Pennsylvania,DI,IVY,The Ivy League,https://pennathletics.com/sports/womens-volleyball/roster/2025,2026-07-20T01:03:40.151526+00:00,66.0,Peachtree Corners,GA,USA,2025,False
Bella Rittenberg,OPP,JR,,University of Pennsylvania,DI,IVY,The Ivy League,https://pennathletics.com/sports/womens-volleyball/roster/2025,2026-07-20T01:03:40.151526+00:00,71.0,Fallbrook,CA,USA,2025,False
Claire Deller,MB,SR,,University of Pennsylvania,DI,IVY,The Ivy League,https://pennathletics.com/sports/womens-volleyball/roster/2025,2026-07-20T01:03:40.151526+00:00,73.0,Del Mar,CA,USA,2025,False
Addison Pollock,L/DS,FR,,University of Pennsylvania,DI,IVY,The Ivy League,https://pennathletics.com/sports/womens-volleyball/roster/2025,2026-07-20T01:03:40.151526+00:00,68.0,Miami,FL,USA,2025,False
Ellie Siskin,OH,SO,,University of Pennsylvania,DI,IVY,The Ivy League,https://pennathletics.com/sports/womens-volleyball/roster/2025,2026-07-20T01:03:40.151526+00:00,71.0,Atlanta,GA,USA,2025,False
Taylor Roloff,OH,FR,,University of Pennsylvania,DI,IVY,The Ivy League,https://pennathletics.com/sports/womens-volleyball/roster/2025,2026-07-20T01:03:40.151526+00:00,75.0,Alameda,CA,USA,2025,False
Anna Shohfi,S,SR,,University of Pennsylvania,DI,IVY,The Ivy League,https://pennathletics.com/sports/womens-volleyball/roster/2025,2026-07-20T01:03:40.151526+00:00,70.0,Chapel Hill,NC,USA,2025,False
Hailey Hilsabeck,OH,SO,,University of Pennsylvania,DI,IVY,The Ivy League,https://pennathletics.com/sports/womens-volleyball/roster/2025,2026-07-20T01:03:40.151526+00:00,71.0,Lafayette,CA,USA,2025,False
Meki Maile,S,FR,,University of Portland,DI,WCC,West Coast Conference,https://portlandpilots.com/sports/womens-volleyball/roster/2025,2026-07-20T01:03:45.447911+00:00,67.0,Menlo Park,CA,USA,2025,False
Havannah Hoeft,S,R-SO,,University of Portland,DI,WCC,West Coast Conference,https://portlandpilots.com/sports/womens-volleyball/roster/2025,2026-07-20T01:03:45.447911+00:00,69.0,Belmont,CA,USA,2025,False
Jeryn Hildenbrand,L/DS,FR,,University of Portland,DI,WCC,West Coast Conference,https://portlandpilots.com/sports/womens-volleyball/roster/2025,2026-07-20T01:03:45.447911+00:00,66.0,Portland,OR,USA,2025,False
Jules Tan,S,GR,,University of Portland,DI,WCC,West Coast Conference,https://portlandpilots.com/sports/womens-volleyball/roster/2025,2026-07-20T01:03:45.447911+00:00,65.0,Redwood City,CA,USA,2025,False
Larkin Chock,L/DS,R-JR,,University of Portland,DI,WCC,West Coast Conference,https://portlandpilots.com/sports/womens-volleyball/roster/2025,2026-07-20T01:03:45.447911+00:00,66.0,Belmont,CA,USA,2025,False
Sydney Cazimero,MB,R-FR,,University of Portland,DI,WCC,West Coast Conference,https://portlandpilots.com/sports/womens-volleyball/roster/2025,2026-07-20T01:03:45.447911+00:00,68.0,Mililani,HI,USA,2025,False
Lucia Busso,OH,SR,,University of Portland,DI,WCC,West Coast Conference,https://portlandpilots.com/sports/womens-volleyball/roster/2025,2026-07-20T01:03:45.447911+00:00,72.0,Pino Torinese,,Italy,2025,False
Lila Krall,OPP,FR,,University of Portland,DI,WCC,West Coast Conference,https://portlandpilots.com/sports/womens-volleyball/roster/2025,2026-07-20T01:03:45.447911+00:00,72.0,Clyde,OH,USA,2025,False
Vanessa Haddock,OH,FR,,University of Portland,DI,WCC,West Coast Conference,https://portlandpilots.com/sports/womens-volleyball/roster/2025,2026-07-20T01:03:45.447911+00:00,71.0,Center Ville,UT,USA,2025,False
Elin Larsson,OH,SR,,University of Portland,DI,WCC,West Coast Conference,https://portlandpilots.com/sports/womens-volleyball/roster/2025,2026-07-20T01:03:45.447911+00:00,74.0,Borås,,Sweden,2025,False
Amiyah Eason,L/DS,SO,,University of Portland,DI,WCC,West Coast Conference,https://portlandpilots.com/sports/womens-volleyball/roster/2025,2026-07-20T01:03:45.447911+00:00,64.0,Sandy,OR,USA,2025,False
Tinoa Woodward-Hart,L/DS,SO,,University of Portland,DI,WCC,West Coast Conference,https://portlandpilots.com/sports/womens-volleyball/roster/2025,2026-07-20T01:03:45.447911+00:00,64.0,Los Angeles,CA,USA,2025,False
Callie Pieper,OH,FR,,University of Portland,DI,WCC,West Coast Conference,https://portlandpilots.com/sports/womens-volleyball/roster/2025,2026-07-20T01:03:45.447911+00:00,71.0,Kaneohe,HI,USA,2025,False
Una Rajkovic,MB,SR,,University of Portland,DI,WCC,West Coast Conference,https://portlandpilots.com/sports/womens-volleyball/roster/2025,2026-07-20T01:03:45.447911+00:00,75.0,Belgrade,,Serbia,2025,False
Taina Kaauwai,MB,JR,,University of Portland,DI,WCC,West Coast Conference,https://portlandpilots.com/sports/womens-volleyball/roster/2025,2026-07-20T01:03:45.447911+00:00,73.0,Hilo,HI,USA,2025,False
Georgia Haynes,OPP,FR,,University of Portland,DI,WCC,West Coast Conference,https://portlandpilots.com/sports/womens-volleyball/roster/2025,2026-07-20T01:03:45.447911+00:00,68.0,San Francisco,CA,USA,2025,False
Alana Villela,MB,R-FR,,University of Portland,DI,WCC,West Coast Conference,https://portlandpilots.com/sports/womens-volleyball/roster/2025,2026-07-20T01:03:45.447911+00:00,72.0,Oakland,CA,USA,2025,False
Lauren Lynch,L/DS,FR,,University of San Diego,DI,WCC,West Coast Conference,https://usdtoreros.com/sports/womens-volleyball/roster/2025,2026-07-20T01:03:50.571011+00:00,65.0,Burbank,CA,USA,2025,False
Kennedy Osunsanmi,OPP,SO,,University of San Diego,DI,WCC,West Coast Conference,https://usdtoreros.com/sports/womens-volleyball/roster/2025,2026-07-20T01:03:50.571011+00:00,75.0,Stevenson Ranch,CA,USA,2025,False
Isabel Clark,OH,SO,,University of San Diego,DI,WCC,West Coast Conference,https://usdtoreros.com/sports/womens-volleyball/roster/2025,2026-07-20T01:03:50.571011+00:00,72.0,Orange County,CA,USA,2025,False
Tatum Lane,S,JR,,University of San Diego,DI,WCC,West Coast Conference,https://usdtoreros.com/sports/womens-volleyball/roster/2025,2026-07-20T01:03:50.571011+00:00,70.0,San Pedro,CA,USA,2025,False
Ava Durgan,MB,FR,,University of San Diego,DI,WCC,West Coast Conference,https://usdtoreros.com/sports/womens-volleyball/roster/2025,2026-07-20T01:03:50.571011+00:00,75.0,Spokane,WA,USA,2025,False
Kylie Munday,S,SO,,University of San Diego,DI,WCC,West Coast Conference,https://usdtoreros.com/sports/womens-volleyball/roster/2025,2026-07-20T01:03:50.571011+00:00,70.0,Post Falls,ID,USA,2025,False
Kinley Swan,MB,R-JR,,University of San Diego,DI,WCC,West Coast Conference,https://usdtoreros.com/sports/womens-volleyball/roster/2025,2026-07-20T01:03:50.571011+00:00,74.0,Orem,UT,USA,2025,False
Kali Engeman,MB,GR,,University of San Diego,DI,WCC,West Coast Conference,https://usdtoreros.com/sports/womens-volleyball/roster/2025,2026-07-20T01:03:50.571011+00:00,73.0,Excelsior,MN,USA,2025,False
Maya Kitna,MB,R-JR,,University of San Diego,DI,WCC,West Coast Conference,https://usdtoreros.com/sports/womens-volleyball/roster/2025,2026-07-20T01:03:50.571011+00:00,74.0,Phoenix,AZ,USA,2025,False
BayLea Sparks,MB,R-JR,,University of San Diego,DI,WCC,West Coast Conference,https://usdtoreros.com/sports/womens-volleyball/roster/2025,2026-07-20T01:03:50.571011+00:00,74.0,Grand Junction,CO,USA,2025,False
Eloise McGibben,MB,JR,,University of San Diego,DI,WCC,West Coast Conference,https://usdtoreros.com/sports/womens-volleyball/roster/2025,2026-07-20T01:03:50.571011+00:00,73.0,Santa Barbara,CA,USA,2025,False
Elyse Heffner,MB,FR,,University of South Alabama,DI,SBC,Sun Belt Conference,https://usajaguars.com/sports/womens-volleyball/roster/2025,2026-07-20T01:03:56.292791+00:00,73.0,Traverse City,MI,USA,2025,False
Dalayla Blackwell,MB,R-SO,,University of South Alabama,DI,SBC,Sun Belt Conference,https://usajaguars.com/sports/womens-volleyball/roster/2025,2026-07-20T01:03:56.292791+00:00,71.0,Lafayette,LA,USA,2025,False
Anna Loberg,S,R-SR,,University of South Alabama,DI,SBC,Sun Belt Conference,https://usajaguars.com/sports/womens-volleyball/roster/2025,2026-07-20T01:03:56.292791+00:00,72.0,Geneva,IL,USA,2025,False
Rachel Rossman,S,SR,,University of South Alabama,DI,SBC,Sun Belt Conference,https://usajaguars.com/sports/womens-volleyball/roster/2025,2026-07-20T01:03:56.292791+00:00,67.0,Crown Point,IN,USA,2025,False
Halle Norvell,S,FR,,University of South Alabama,DI,SBC,Sun Belt Conference,https://usajaguars.com/sports/womens-volleyball/roster/2025,2026-07-20T01:03:56.292791+00:00,70.0,London,KY,USA,2025,False
Ella Rogers,S,FR,,University of South Dakota,DI,Summit,The Summit League,https://goyotes.com/sports/womens-volleyball/roster/2025,2026-07-20T01:04:17.302508+00:00,73.0,Des Moines,IA,USA,2025,False
Ava Wild,OPP,SR,,University of St. Thomas (Minnesota),DI,Summit,The Summit League,https://tommiesports.com/sports/wvball/roster/2025,2026-07-20T01:04:29.732463+00:00,72.0,Fargo,ND,USA,2025,False
Allie Kopp,S,SR,,University of St. Thomas (Minnesota),DI,Summit,The Summit League,https://tommiesports.com/sports/wvball/roster/2025,2026-07-20T01:04:29.732463+00:00,67.0,Champlin,MN,USA,2025,False
Taylor McNear,L/DS,JR,App State,University of St. Thomas (Minnesota),DI,Summit,The Summit League,https://tommiesports.com/sports/wvball/roster/2025,2026-07-20T01:04:29.732463+00:00,66.0,Cary,NC,USA,2025,False
Ella Voegele,L/DS,SR,UNC Greensboro,University of St. Thomas (Minnesota),DI,Summit,The Summit League,https://tommiesports.com/sports/wvball/roster/2025,2026-07-20T01:04:29.732463+00:00,66.0,Plymouth,MN,USA,2025,False
Morgan Kealy,S,JR,,University of St. Thomas (Minnesota),DI,Summit,The Summit League,https://tommiesports.com/sports/wvball/roster/2025,2026-07-20T01:04:29.732463+00:00,71.0,River Falls,WI,USA,2025,False
Maria Chapman,L/DS,SR,,University of St. Thomas (Minnesota),DI,Summit,The Summit League,https://tommiesports.com/sports/wvball/roster/2025,2026-07-20T01:04:29.732463+00:00,66.0,Woodbury,MN,USA,2025,False
Ellie Gustafson,OH,JR,,University of St. Thomas (Minnesota),DI,Summit,The Summit League,https://tommiesports.com/sports/wvball/roster/2025,2026-07-20T01:04:29.732463+00:00,71.0,Monticello,WI,USA,2025,False
Megan Wetter,MB,SR,,University of St. Thomas (Minnesota),DI,Summit,The Summit League,https://tommiesports.com/sports/wvball/roster/2025,2026-07-20T01:04:29.732463+00:00,72.0,Monticello,MN,USA,2025,False
Emory Brosnahan,OPP,FR,,University of St. Thomas (Minnesota),DI,Summit,The Summit League,https://tommiesports.com/sports/wvball/roster/2025,2026-07-20T01:04:29.732463+00:00,72.0,Sioux Falls,SD,USA,2025,False
Maddy Benka,OH,R-FR,,University of St. Thomas (Minnesota),DI,Summit,The Summit League,https://tommiesports.com/sports/wvball/roster/2025,2026-07-20T01:04:29.732463+00:00,69.0,Minnehaha,MN,USA,2025,False
Anya Schmidt,OH,FR,,University of St. Thomas (Minnesota),DI,Summit,The Summit League,https://tommiesports.com/sports/wvball/roster/2025,2026-07-20T01:04:29.732463+00:00,70.0,Rogers,MN,USA,2025,False
Keya Luta Win Hunt,S,SR,,University of St. Thomas (Minnesota),DI,Summit,The Summit League,https://tommiesports.com/sports/wvball/roster/2025,2026-07-20T01:04:29.732463+00:00,71.0,Minneapolis,MN,USA,2025,False
Heidi Wingate,MB,FR,,University of St. Thomas (Minnesota),DI,Summit,The Summit League,https://tommiesports.com/sports/wvball/roster/2025,2026-07-20T01:04:29.732463+00:00,73.0,Katy,TX,USA,2025,False
Tezra Rudzitis,OPP,SR,,University of St. Thomas (Minnesota),DI,Summit,The Summit League,https://tommiesports.com/sports/wvball/roster/2025,2026-07-20T01:04:29.732463+00:00,71.0,Anoka,MN,USA,2025,False
Emma Goerger,MB,SR,,University of St. Thomas (Minnesota),DI,Summit,The Summit League,https://tommiesports.com/sports/wvball/roster/2025,2026-07-20T01:04:29.732463+00:00,76.0,Plymouth,MN,USA,2025,False
Addison Menefee,OH,FR,,University of St. Thomas (Minnesota),DI,Summit,The Summit League,https://tommiesports.com/sports/wvball/roster/2025,2026-07-20T01:04:29.732463+00:00,73.0,Missouri City,TX,USA,2025,False
Reilly Kurth,MB,FR,,University of St. Thomas (Minnesota),DI,Summit,The Summit League,https://tommiesports.com/sports/wvball/roster/2025,2026-07-20T01:04:29.732463+00:00,74.0,Maple Grove,MN,USA,2025,False
Addie Schmotzer,MB,R-SO,,University of St. Thomas (Minnesota),DI,Summit,The Summit League,https://tommiesports.com/sports/wvball/roster/2025,2026-07-20T01:04:29.732463+00:00,74.0,Madison,WI,USA,2025,False
Miriam Unongo,OPP,JR,,University of St. Thomas (Minnesota),DI,Summit,The Summit League,https://tommiesports.com/sports/wvball/roster/2025,2026-07-20T01:04:29.732463+00:00,72.0,Minneapolis,MN,USA,2025,False
Kaitlynn Peterson,OH,SR,Bradley,University of St. Thomas (Minnesota),DI,Summit,The Summit League,https://tommiesports.com/sports/wvball/roster/2025,2026-07-20T01:04:29.732463+00:00,72.0,Lakeville,MN,USA,2025,False
Camryn Overton,OH,FR,,University of St. Thomas (Minnesota),DI,Summit,The Summit League,https://tommiesports.com/sports/wvball/roster/2025,2026-07-20T01:04:29.732463+00:00,71.0,Indianola,IA,USA,2025,False
Izzy Mogridge,S,,,"University of Tennessee, Knoxville",DI,SEC,Southeastern Conference,https://utsports.com/sports/womens-volleyball/roster/2025,2026-07-20T01:04:39.559794+00:00,71.0,Lutz,FL,USA,2025,False
Gülce Güçtekin,L/DS,,,"University of Tennessee, Knoxville",DI,SEC,Southeastern Conference,https://utsports.com/sports/womens-volleyball/roster/2025,2026-07-20T01:04:39.559794+00:00,65.0,Istanbul,,Turkey,2025,False
Eryn Jones,L/DS,,,"University of Tennessee, Knoxville",DI,SEC,Southeastern Conference,https://utsports.com/sports/womens-volleyball/roster/2025,2026-07-20T01:04:39.559794+00:00,72.0,Goodyear,AZ,USA,2025,False
Paityn Chapman,OPP,,,"University of Tennessee, Knoxville",DI,SEC,Southeastern Conference,https://utsports.com/sports/womens-volleyball/roster/2025,2026-07-20T01:04:39.559794+00:00,75.0,Castle Rock,CO,USA,2025,False
Mackenzie Plante,OH,,,"University of Tennessee, Knoxville",DI,SEC,Southeastern Conference,https://utsports.com/sports/womens-volleyball/roster/2025,2026-07-20T01:04:39.559794+00:00,74.0,Dripping Springs,TX,USA,2025,False
Camdyn Stucky,S,,,"University of Tennessee, Knoxville",DI,SEC,Southeastern Conference,https://utsports.com/sports/womens-volleyball/roster/2025,2026-07-20T01:04:39.559794+00:00,75.0,Wichita,KS,USA,2025,False
Brynn Williams,OH,,,"University of Tennessee, Knoxville",DI,SEC,Southeastern Conference,https://utsports.com/sports/womens-volleyball/roster/2025,2026-07-20T01:04:39.559794+00:00,70.0,Mansfield,TX,USA,2025,False
Alaina Jarrett,MB,,,"University of Tennessee, Knoxville",DI,SEC,Southeastern Conference,https://utsports.com/sports/womens-volleyball/roster/2025,2026-07-20T01:04:39.559794+00:00,72.0,Charleston,SC,USA,2025,False
Caroline Kerr,S,,,"University of Tennessee, Knoxville",DI,SEC,Southeastern Conference,https://utsports.com/sports/womens-volleyball/roster/2025,2026-07-20T01:04:39.559794+00:00,71.0,Champaign,IL,USA,2025,False
Starr Williams,OH,,,"University of Tennessee, Knoxville",DI,SEC,Southeastern Conference,https://utsports.com/sports/womens-volleyball/roster/2025,2026-07-20T01:04:39.559794+00:00,75.0,Ontario,CA,USA,2025,False
Sydney Jones,OH,,,"University of Tennessee, Knoxville",DI,SEC,Southeastern Conference,https://utsports.com/sports/womens-volleyball/roster/2025,2026-07-20T01:04:39.559794+00:00,74.0,Havertown,PA,USA,2025,False
Sydney Jaynes,L/DS,,,"University of Tennessee, Knoxville",DI,SEC,Southeastern Conference,https://utsports.com/sports/womens-volleyball/roster/2025,2026-07-20T01:04:39.559794+00:00,72.0,Northfield,MN,USA,2025,False
Maggie Dostic,OH,,,"University of Tennessee, Knoxville",DI,SEC,Southeastern Conference,https://utsports.com/sports/womens-volleyball/roster/2025,2026-07-20T01:04:39.559794+00:00,73.0,Tampa,FL,USA,2025,False
Chelsea Sutton,MB,,,"University of Tennessee, Knoxville",DI,SEC,Southeastern Conference,https://utsports.com/sports/womens-volleyball/roster/2025,2026-07-20T01:04:39.559794+00:00,76.0,Ponte Vedra Beach,FL,USA,2025,False
Klaudia Pawlik,MB,,,"University of Tennessee, Knoxville",DI,SEC,Southeastern Conference,https://utsports.com/sports/womens-volleyball/roster/2025,2026-07-20T01:04:39.559794+00:00,78.0,Hansk,,Poland,2025,False
Cate Schnell,OH,,,"University of Tennessee, Knoxville",DI,SEC,Southeastern Conference,https://utsports.com/sports/womens-volleyball/roster/2025,2026-07-20T01:04:39.559794+00:00,73.0,San Diego,CA,USA,2025,False
Zoë Humphrey,MB,,,"University of Tennessee, Knoxville",DI,SEC,Southeastern Conference,https://utsports.com/sports/womens-volleyball/roster/2025,2026-07-20T01:04:39.559794+00:00,74.0,Houston,TX,USA,2025,False
Hayden Kubik,OH,,,"University of Tennessee, Knoxville",DI,SEC,Southeastern Conference,https://utsports.com/sports/womens-volleyball/roster/2025,2026-07-20T01:04:39.559794+00:00,74.0,West Des Moines,IA,USA,2025,False
Keondreya Granberry,MB,,,"University of Tennessee, Knoxville",DI,SEC,Southeastern Conference,https://utsports.com/sports/womens-volleyball/roster/2025,2026-07-20T01:04:39.559794+00:00,75.0,Winter Garden,FL,USA,2025,False
Taryn Doiron,S,JR,,University of Texas at Arlington,DI,WAC,Western Athletic Conference,https://utamavs.com/sports/womens-volleyball/roster/2025,2026-07-20T01:04:42.269025+00:00,69.0,Bridge City,TX,USA,2025,False
Eliana Collins,OH,FR,,University of Texas at Arlington,DI,WAC,Western Athletic Conference,https://utamavs.com/sports/womens-volleyball/roster/2025,2026-07-20T01:04:42.269025+00:00,71.0,Christchurch,,New Zealand,2025,False
Alondra Hernandez,L/DS,GR,,University of Texas at Arlington,DI,WAC,Western Athletic Conference,https://utamavs.com/sports/womens-volleyball/roster/2025,2026-07-20T01:04:42.269025+00:00,68.0,Provo,UT,USA,2025,False
Sophie Ocampo,OH,R-JR,,University of Texas at Arlington,DI,WAC,Western Athletic Conference,https://utamavs.com/sports/womens-volleyball/roster/2025,2026-07-20T01:04:42.269025+00:00,75.0,Humble,TX,USA,2025,False
Sophia Krichev,MB,FR,,University of Texas at Arlington,DI,WAC,Western Athletic Conference,https://utamavs.com/sports/womens-volleyball/roster/2025,2026-07-20T01:04:42.269025+00:00,75.0,Huntsville,AL,USA,2025,False
Andrea Nunez,OH,FR,,University of Texas at Arlington,DI,WAC,Western Athletic Conference,https://utamavs.com/sports/womens-volleyball/roster/2025,2026-07-20T01:04:42.269025+00:00,71.0,Laredo,TX,USA,2025,False
Isabella Camacho,L/DS,SO,,University of Texas at Arlington,DI,WAC,Western Athletic Conference,https://utamavs.com/sports/womens-volleyball/roster/2025,2026-07-20T01:04:42.269025+00:00,67.0,Allen,TX,USA,2025,False
Evyn Snook,OH,JR,,University of Texas at Arlington,DI,WAC,Western Athletic Conference,https://utamavs.com/sports/womens-volleyball/roster/2025,2026-07-20T01:04:42.269025+00:00,74.0,Magnolia,TX,USA,2025,False
Mira Ledermueller,S,JR,,University of Texas at Arlington,DI,WAC,Western Athletic Conference,https://utamavs.com/sports/womens-volleyball/roster/2025,2026-07-20T01:04:42.269025+00:00,73.0,Endorf,,Germany,2025,False
Marin Freeland,OH,GR,,University of Texas at Arlington,DI,WAC,Western Athletic Conference,https://utamavs.com/sports/womens-volleyball/roster/2025,2026-07-20T01:04:42.269025+00:00,74.0,Riverton,UT,USA,2025,False
Camryn McMinn,OH,FR,,University of Texas at Arlington,DI,WAC,Western Athletic Conference,https://utamavs.com/sports/womens-volleyball/roster/2025,2026-07-20T01:04:42.269025+00:00,72.0,Pelham,AL,USA,2025,False
Jalie Tritt,OH,SR,,University of Texas at Arlington,DI,WAC,Western Athletic Conference,https://utamavs.com/sports/womens-volleyball/roster/2025,2026-07-20T01:04:42.269025+00:00,73.0,Little Rock,AR,USA,2025,False
Ava Burroughs,MB,SR,,University of Texas at Arlington,DI,WAC,Western Athletic Conference,https://utamavs.com/sports/womens-volleyball/roster/2025,2026-07-20T01:04:42.269025+00:00,75.0,Quitman,TX,USA,2025,False
Samantha Glenn,L/DS,JR,,University of Texas at Arlington,DI,WAC,Western Athletic Conference,https://utamavs.com/sports/womens-volleyball/roster/2025,2026-07-20T01:04:42.269025+00:00,68.0,Grapevine,TX,USA,2025,False
Sydney Frazier,MB,FR,,University of Texas at El Paso,DI,CUSA,Conference USA,https://utepminers.com/sports/womens-volleyball/roster/2025,2026-07-20T01:04:48.042660+00:00,74.0,Atlanta,GA,USA,2025,False
Mackenzi Davis,OH,FR,,University of Texas at El Paso,DI,CUSA,Conference USA,https://utepminers.com/sports/womens-volleyball/roster/2025,2026-07-20T01:04:48.042660+00:00,71.45390070921985,Melissa,TX,USA,2025,False
Lexee Salas,S,FR,,University of Texas at El Paso,DI,CUSA,Conference USA,https://utepminers.com/sports/womens-volleyball/roster/2025,2026-07-20T01:04:48.042660+00:00,68.0,El Paso,TX,USA,2025,False
Ella Biggs,OH,R-JR,,University of Utah,DI,B12,Big 12 Conference,https://utahutes.com/sports/womens-volleyball/roster/2025,2026-07-20T01:05:03.518940+00:00,74.0,Draper,UT,USA,2025,False
Katelynn Field,MB,FR,,University of Utah,DI,B12,Big 12 Conference,https://utahutes.com/sports/womens-volleyball/roster/2025,2026-07-20T01:05:03.518940+00:00,77.0,Harrisville,UT,USA,2025,False
Kamryn Gibadlo,OH,JR,,University of Utah,DI,B12,Big 12 Conference,https://utahutes.com/sports/womens-volleyball/roster/2025,2026-07-20T01:05:03.518940+00:00,73.0,Cave Creek,AZ,USA,2025,False
Langley Griffin,OH,JR,,University of Utah,DI,B12,Big 12 Conference,https://utahutes.com/sports/womens-volleyball/roster/2025,2026-07-20T01:05:03.518940+00:00,72.0,Gig Harbor,WA,USA,2025,False
DyBorrah Johnson,MB,FR,,University of Utah,DI,B12,Big 12 Conference,https://utahutes.com/sports/womens-volleyball/roster/2025,2026-07-20T01:05:03.518940+00:00,73.0,Gilbert,AZ,USA,2025,False
Neea-Maria Joki,OH,SO,Clemson,University of Utah,DI,B12,Big 12 Conference,https://utahutes.com/sports/womens-volleyball/roster/2025,2026-07-20T01:05:03.518940+00:00,72.0,Tampere,,Finland,2025,False
Levani Key-Powell,OH,SO,,University of Utah,DI,B12,Big 12 Conference,https://utahutes.com/sports/womens-volleyball/roster/2025,2026-07-20T01:05:03.518940+00:00,69.0,South Jordan,UT,USA,2025,False
Iliana Linahan,L/DS,SR,,University of Utah,DI,B12,Big 12 Conference,https://utahutes.com/sports/womens-volleyball/roster/2025,2026-07-20T01:05:03.518940+00:00,66.0,Austin,TX,USA,2025,False
Isabelle Marco,S,SO,,University of Utah,DI,B12,Big 12 Conference,https://utahutes.com/sports/womens-volleyball/roster/2025,2026-07-20T01:05:03.518940+00:00,70.0,Atherton,CA,USA,2025,False
Lana Mijacic,MB,FR,,University of Utah,DI,B12,Big 12 Conference,https://utahutes.com/sports/womens-volleyball/roster/2025,2026-07-20T01:05:03.518940+00:00,75.0,Belgrade,,Serbia,2025,False
Emrie Moea'i,MB,SR,Idaho State,University of Utah,DI,B12,Big 12 Conference,https://utahutes.com/sports/womens-volleyball/roster/2025,2026-07-20T01:05:03.518940+00:00,72.0,Bountiful,UT,USA,2025,False
Grace Moss,L/DS,R-SO,Cal State Bakersfield,University of Utah,DI,B12,Big 12 Conference,https://utahutes.com/sports/womens-volleyball/roster/2025,2026-07-20T01:05:03.518940+00:00,65.0,Dana Point,CA,USA,2025,False
Olga Musial,OH,JR,,University of Utah,DI,B12,Big 12 Conference,https://utahutes.com/sports/womens-volleyball/roster/2025,2026-07-20T01:05:03.518940+00:00,74.0,Boguchwala,,Poland,2025,False
McKenna Payne,L/DS,FR,,University of Utah,DI,B12,Big 12 Conference,https://utahutes.com/sports/womens-volleyball/roster/2025,2026-07-20T01:05:03.518940+00:00,67.0,Monroe,MI,USA,2025,False
Briar Rose,,FR,,University of Utah,DI,B12,Big 12 Conference,https://utahutes.com/sports/womens-volleyball/roster/2025,2026-07-20T01:05:03.518940+00:00,70.7984734270275,Farmington,UT,USA,2025,False
Ashley West,OH,R-JR,,University of Utah,DI,B12,Big 12 Conference,https://utahutes.com/sports/womens-volleyball/roster/2025,2026-07-20T01:05:03.518940+00:00,76.0,Arvada,CO,USA,2025,False
Devyn Wiest,OH,FR,,University of Utah,DI,B12,Big 12 Conference,https://utahutes.com/sports/womens-volleyball/roster/2025,2026-07-20T01:05:03.518940+00:00,75.0,Peoria,AZ,USA,2025,False
Leah Wilton-LaBoy,S,SR,Utah State/Oklahoma,University of Utah,DI,B12,Big 12 Conference,https://utahutes.com/sports/womens-volleyball/roster/2025,2026-07-20T01:05:03.518940+00:00,68.0,San Rafael,CA,USA,2025,False
Sam Vanda,OPP,FR,,University of Wisconsin-Milwaukee,DI,Horizon,Horizon League,https://mkepanthers.com/sports/womens-volleyball/roster/2025,2026-07-20T01:05:24.604365+00:00,70.0,Geneva,IL,USA,2025,False
Julia Kellner,MB,FR,,University of Wisconsin-Milwaukee,DI,Horizon,Horizon League,https://mkepanthers.com/sports/womens-volleyball/roster/2025,2026-07-20T01:05:24.604365+00:00,75.0,Racine,WI,USA,2025,False
Annie Eschenbach,OPP,SO,McHenry,University of Wisconsin-Milwaukee,DI,Horizon,Horizon League,https://mkepanthers.com/sports/womens-volleyball/roster/2025,2026-07-20T01:05:24.604365+00:00,76.0,Downers Grove,IL,USA,2025,False
Josie Johnson,S,SR,,University of Wisconsin-Milwaukee,DI,Horizon,Horizon League,https://mkepanthers.com/sports/womens-volleyball/roster/2025,2026-07-20T01:05:24.604365+00:00,67.0,Burlington,WI,USA,2025,False
Milica Tomic,S,SO,,University of Wisconsin-Milwaukee,DI,Horizon,Horizon League,https://mkepanthers.com/sports/womens-volleyball/roster/2025,2026-07-20T01:05:24.604365+00:00,67.0,Dyer,IN,USA,2025,False
Josie Noble,MB,FR,,University of Wisconsin-Milwaukee,DI,Horizon,Horizon League,https://mkepanthers.com/sports/womens-volleyball/roster/2025,2026-07-20T01:05:24.604365+00:00,74.0,Caledonia,MI,USA,2025,False
Hailey Hutchings,MB,GR,Grand Canyon,University of Wisconsin-Milwaukee,DI,Horizon,Horizon League,https://mkepanthers.com/sports/womens-volleyball/roster/2025,2026-07-20T01:05:24.604365+00:00,69.0,Flower Mound,TX,USA,2025,False
Jenna Soerens,OH,SO,,University of Wisconsin-Milwaukee,DI,Horizon,Horizon League,https://mkepanthers.com/sports/womens-volleyball/roster/2025,2026-07-20T01:05:24.604365+00:00,71.0,Oostburg,WI,USA,2025,False
Kati Goba,L/DS,JR,,University of Wisconsin-Milwaukee,DI,Horizon,Horizon League,https://mkepanthers.com/sports/womens-volleyball/roster/2025,2026-07-20T01:05:24.604365+00:00,64.0,Mukwonago,WI,USA,2025,False
Braylin Bosetski,L/DS,FR,,University of Wisconsin-Milwaukee,DI,Horizon,Horizon League,https://mkepanthers.com/sports/womens-volleyball/roster/2025,2026-07-20T01:05:24.604365+00:00,66.0,De Pere,WI,USA,2025,False
Natalie Schmitz,OH,SR,,University of Wisconsin-Milwaukee,DI,Horizon,Horizon League,https://mkepanthers.com/sports/womens-volleyball/roster/2025,2026-07-20T01:05:24.604365+00:00,73.0,Ham Lake,MN,USA,2025,False
Bella Lipski,MB,JR,,University of Wisconsin-Milwaukee,DI,Horizon,Horizon League,https://mkepanthers.com/sports/womens-volleyball/roster/2025,2026-07-20T01:05:24.604365+00:00,74.0,Milwaukee,WI,USA,2025,False
Kara Erdmann,L/DS,SR,,University of Wisconsin-Milwaukee,DI,Horizon,Horizon League,https://mkepanthers.com/sports/womens-volleyball/roster/2025,2026-07-20T01:05:24.604365+00:00,66.0,Forreston,IL,USA,2025,False
Ella Schuetz,OH,FR,,University of Wisconsin-Milwaukee,DI,Horizon,Horizon League,https://mkepanthers.com/sports/womens-volleyball/roster/2025,2026-07-20T01:05:24.604365+00:00,73.0,Lake Mills,WI,USA,2025,False
Emily Hansen,OH,SO,,University of Wisconsin-Milwaukee,DI,Horizon,Horizon League,https://mkepanthers.com/sports/womens-volleyball/roster/2025,2026-07-20T01:05:24.604365+00:00,70.0,Mayville,WI,USA,2025,False
Carol Herrero,OH,JR,Iowa Western,University of Wisconsin-Milwaukee,DI,Horizon,Horizon League,https://mkepanthers.com/sports/womens-volleyball/roster/2025,2026-07-20T01:05:24.604365+00:00,70.0,Sao Caetano Do Sul,,Brazil,2025,False
Hallie Cook,L/DS,SR,UNC Greensboro,University of Wisconsin-Milwaukee,DI,Horizon,Horizon League,https://mkepanthers.com/sports/womens-volleyball/roster/2025,2026-07-20T01:05:24.604365+00:00,68.0,Springfield,MO,USA,2025,False
Addy Cook,OH,FR,,University of Wyoming,DI,Mountain West,Mountain West Conference,https://gowyo.com/sports/womens-volleyball/roster/2025,2026-07-20T01:05:34.739100+00:00,73.0,Herriman,UT,USA,2025,False
Jillian Gregory,OH,FR,,University of Wyoming,DI,Mountain West,Mountain West Conference,https://gowyo.com/sports/womens-volleyball/roster/2025,2026-07-20T01:05:34.739100+00:00,72.0,Wichita,KS,USA,2025,False
Lily LaFlesch,L/DS,FR,,University of Wyoming,DI,Mountain West,Mountain West Conference,https://gowyo.com/sports/womens-volleyball/roster/2025,2026-07-20T01:05:34.739100+00:00,67.0,Gilbert,AZ,USA,2025,False
Sara Quigley,S,FR,,University of Wyoming,DI,Mountain West,Mountain West Conference,https://gowyo.com/sports/womens-volleyball/roster/2025,2026-07-20T01:05:34.739100+00:00,70.0,McKinney,TX,USA,2025,False
Anna Williams,MB,FR,,University of Wyoming,DI,Mountain West,Mountain West Conference,https://gowyo.com/sports/womens-volleyball/roster/2025,2026-07-20T01:05:34.739100+00:00,73.0,Chandler,AZ,USA,2025,False
Finley Evans,OH,SR,,University of the Incarnate Word,DI,Southland,Southland Conference,https://uiwcardinals.com/sports/womens-volleyball/roster/2025,2026-07-20T01:05:37.176265+00:00,73.0,Frisco,TX,USA,2025,False
Calissa Allison,S,SO,,University of the Incarnate Word,DI,Southland,Southland Conference,https://uiwcardinals.com/sports/womens-volleyball/roster/2025,2026-07-20T01:05:37.176265+00:00,69.0,Pflugerville,TX,USA,2025,False
Victoria Hall,S,JR,,University of the Incarnate Word,DI,Southland,Southland Conference,https://uiwcardinals.com/sports/womens-volleyball/roster/2025,2026-07-20T01:05:37.176265+00:00,68.0,Metamora,IL,USA,2025,False
Karli Krueger,OH,SO,,University of the Incarnate Word,DI,Southland,Southland Conference,https://uiwcardinals.com/sports/womens-volleyball/roster/2025,2026-07-20T01:05:37.176265+00:00,70.0,Fort Collins,CO,USA,2025,False
Sofia Grimm,MB,JR,,University of the Incarnate Word,DI,Southland,Southland Conference,https://uiwcardinals.com/sports/womens-volleyball/roster/2025,2026-07-20T01:05:37.176265+00:00,74.0,Houston,TX,USA,2025,False
Gabby Fish,OPP,R-FR,,University of the Incarnate Word,DI,Southland,Southland Conference,https://uiwcardinals.com/sports/womens-volleyball/roster/2025,2026-07-20T01:05:37.176265+00:00,72.0,Plymouth,MN,USA,2025,False
Teyhlor Thomas,MB,SO,,University of the Incarnate Word,DI,Southland,Southland Conference,https://uiwcardinals.com/sports/womens-volleyball/roster/2025,2026-07-20T01:05:37.176265+00:00,71.0,Pompano Beach,FL,USA,2025,False
Kade Thomas,MB,SR,,University of the Incarnate Word,DI,Southland,Southland Conference,https://uiwcardinals.com/sports/womens-volleyball/roster/2025,2026-07-20T01:05:37.176265+00:00,75.0,League City,TX,USA,2025,False
Kyla Malone,OH,SR,,University of the Incarnate Word,DI,Southland,Southland Conference,https://uiwcardinals.com/sports/womens-volleyball/roster/2025,2026-07-20T01:05:37.176265+00:00,70.0,New Braunfels,TX,USA,2025,False
Vanessa Eregie,MB,SO,,University of the Incarnate Word,DI,Southland,Southland Conference,https://uiwcardinals.com/sports/womens-volleyball/roster/2025,2026-07-20T01:05:37.176265+00:00,73.0,Katy,TX,USA,2025,False
Liliana Brisco,S,FR,,University of the Incarnate Word,DI,Southland,Southland Conference,https://uiwcardinals.com/sports/womens-volleyball/roster/2025,2026-07-20T01:05:37.176265+00:00,69.0,Boerne,TX,USA,2025,False
Hannah Koester,OH,FR,,University of the Pacific,DI,WCC,West Coast Conference,https://pacifictigers.com/sports/womens-volleyball/roster/2025,2026-07-20T01:05:39.735289+00:00,71.0,Northfield,MN,USA,2025,False
Olivia Keller,OH,GR,,University of the Pacific,DI,WCC,West Coast Conference,https://pacifictigers.com/sports/womens-volleyball/roster/2025,2026-07-20T01:05:39.735289+00:00,73.0,Modesto,CA,USA,2025,False
Valentina Varani,MB,GR,,University of the Pacific,DI,WCC,West Coast Conference,https://pacifictigers.com/sports/womens-volleyball/roster/2025,2026-07-20T01:05:39.735289+00:00,73.0,Rome,,Italy,2025,False
Mazi Smith,OH,FR,,University of the Pacific,DI,WCC,West Coast Conference,https://pacifictigers.com/sports/womens-volleyball/roster/2025,2026-07-20T01:05:39.735289+00:00,74.0,Pampa,TX,USA,2025,False
Julia Porath,OPP,FR,,University of the Pacific,DI,WCC,West Coast Conference,https://pacifictigers.com/sports/womens-volleyball/roster/2025,2026-07-20T01:05:39.735289+00:00,73.0,Katy,TX,USA,2025,False
Mila Stojakovic,OH,R-FR,,University of the Pacific,DI,WCC,West Coast Conference,https://pacifictigers.com/sports/womens-volleyball/roster/2025,2026-07-20T01:05:39.735289+00:00,73.0,Sacramento,CA,USA,2025,False
Logan Blutreich,MB,SR,,University of the Pacific,DI,WCC,West Coast Conference,https://pacifictigers.com/sports/womens-volleyball/roster/2025,2026-07-20T01:05:39.735289+00:00,74.0,Ahwatukee,AZ,USA,2025,False
Ella Gridley,L/DS,FR,,University of the Pacific,DI,WCC,West Coast Conference,https://pacifictigers.com/sports/womens-volleyball/roster/2025,2026-07-20T01:05:39.735289+00:00,70.0,Paradise Valley,AZ,USA,2025,False
Adeline Sirbu,MB,FR,,University of the Pacific,DI,WCC,West Coast Conference,https://pacifictigers.com/sports/womens-volleyball/roster/2025,2026-07-20T01:05:39.735289+00:00,75.0,Palatine,IL,USA,2025,False
Elena Hernandez,L/DS,FR,,University of the Pacific,DI,WCC,West Coast Conference,https://pacifictigers.com/sports/womens-volleyball/roster/2025,2026-07-20T01:05:39.735289+00:00,63.0,Stockton,CA,USA,2025,False
Jayhlin Swain,L/DS,SR,,University of the Pacific,DI,WCC,West Coast Conference,https://pacifictigers.com/sports/womens-volleyball/roster/2025,2026-07-20T01:05:39.735289+00:00,63.0,Sacramento,CA,USA,2025,False
Avery LaPlaca,L/DS,FR,,University of the Pacific,DI,WCC,West Coast Conference,https://pacifictigers.com/sports/womens-volleyball/roster/2025,2026-07-20T01:05:39.735289+00:00,65.0,Sacramento,CA,USA,2025,False
Olga Gergacz,OH,SO,,University of the Pacific,DI,WCC,West Coast Conference,https://pacifictigers.com/sports/womens-volleyball/roster/2025,2026-07-20T01:05:39.735289+00:00,74.0,Gencsapati,,Hungary,2025,False
Bella Gutierrez,L/DS,FR,,University of the Pacific,DI,WCC,West Coast Conference,https://pacifictigers.com/sports/womens-volleyball/roster/2025,2026-07-20T01:05:39.735289+00:00,62.0,Manteca,CA,USA,2025,False
Lauren Larkin,MB,R-FR,,Utah State University,DI,Mountain West,Mountain West Conference,https://utahstateaggies.com/sports/womens-volleyball/roster/2025,2026-07-20T01:05:50.227976+00:00,74.0,St. George,UT,USA,2025,False
Tierney Barlow,MB,SR,,Utah State University,DI,Mountain West,Mountain West Conference,https://utahstateaggies.com/sports/womens-volleyball/roster/2025,2026-07-20T01:05:50.227976+00:00,74.0,Colorado Springs,CO,USA,2025,False
Ava Napierski,MB,SO,,Utah State University,DI,Mountain West,Mountain West Conference,https://utahstateaggies.com/sports/womens-volleyball/roster/2025,2026-07-20T01:05:50.227976+00:00,73.0,Provo,UT,USA,2025,False
Andrea Simovski,OH,SO,,Utah State University,DI,Mountain West,Mountain West Conference,https://utahstateaggies.com/sports/womens-volleyball/roster/2025,2026-07-20T01:05:50.227976+00:00,73.0,Belgrade,,Serbia,2025,False
Hailey Spencer,OH,FR,,Utah State University,DI,Mountain West,Mountain West Conference,https://utahstateaggies.com/sports/womens-volleyball/roster/2025,2026-07-20T01:05:50.227976+00:00,70.0,San Diego,CA,USA,2025,False
Delaney Lawson,OH,SO,,Utah State University,DI,Mountain West,Mountain West Conference,https://utahstateaggies.com/sports/womens-volleyball/roster/2025,2026-07-20T01:05:50.227976+00:00,74.0,Fort Wayne,IN,USA,2025,False
Ava Martin,MB,FR,,Utah State University,DI,Mountain West,Mountain West Conference,https://utahstateaggies.com/sports/womens-volleyball/roster/2025,2026-07-20T01:05:50.227976+00:00,74.0,Twin Falls,ID,USA,2025,False
Olivia Tukuafu,S,JR,,Utah State University,DI,Mountain West,Mountain West Conference,https://utahstateaggies.com/sports/womens-volleyball/roster/2025,2026-07-20T01:05:50.227976+00:00,72.0,Mesa,AZ,USA,2025,False
Ava Nakai,OH,SO,,Utah State University,DI,Mountain West,Mountain West Conference,https://utahstateaggies.com/sports/womens-volleyball/roster/2025,2026-07-20T01:05:50.227976+00:00,71.0,Spanish Fork,UT,USA,2025,False
Kaylie Kofe,S,SO,,Utah State University,DI,Mountain West,Mountain West Conference,https://utahstateaggies.com/sports/womens-volleyball/roster/2025,2026-07-20T01:05:50.227976+00:00,68.0,Idaho Falls,ID,USA,2025,False
Taylor Snow,MB,SR,,Utah Tech University,DI,WAC,Western Athletic Conference,https://utahtechtrailblazers.com/sports/womens-volleyball/roster/2025,2026-07-20T01:05:52.747115+00:00,73.0,Salem,UT,USA,2025,False
Tessa Treanor,OH,JR,,Utah Tech University,DI,WAC,Western Athletic Conference,https://utahtechtrailblazers.com/sports/womens-volleyball/roster/2025,2026-07-20T01:05:52.747115+00:00,71.0,Salem,UT,USA,2025,False
Nana Asiata,OPP,R-SO,,Utah Tech University,DI,WAC,Western Athletic Conference,https://utahtechtrailblazers.com/sports/womens-volleyball/roster/2025,2026-07-20T01:05:52.747115+00:00,72.0,Herriman,UT,USA,2025,False
Marley Roe,S,JR,,Utah Tech University,DI,WAC,Western Athletic Conference,https://utahtechtrailblazers.com/sports/womens-volleyball/roster/2025,2026-07-20T01:05:52.747115+00:00,67.0,Honolulu,HI,USA,2025,False
Lusia Langi,MB,SO,,Utah Tech University,DI,WAC,Western Athletic Conference,https://utahtechtrailblazers.com/sports/womens-volleyball/roster/2025,2026-07-20T01:05:52.747115+00:00,71.0,Kyle,TX,USA,2025,False
Ireland Avalos,S,SO,,Utah Tech University,DI,WAC,Western Athletic Conference,https://utahtechtrailblazers.com/sports/womens-volleyball/roster/2025,2026-07-20T01:05:52.747115+00:00,70.0,Chandler,AZ,USA,2025,False
Emery Harrison,OH,SO,,Utah Tech University,DI,WAC,Western Athletic Conference,https://utahtechtrailblazers.com/sports/womens-volleyball/roster/2025,2026-07-20T01:05:52.747115+00:00,73.0,Cedar City,UT,USA,2025,False
Alyia Worthen,OPP,FR,,Utah Tech University,DI,WAC,Western Athletic Conference,https://utahtechtrailblazers.com/sports/womens-volleyball/roster/2025,2026-07-20T01:05:52.747115+00:00,71.0,Spanish Fork,UT,USA,2025,False
Tehanie Waters,S,FR,,Utah Tech University,DI,WAC,Western Athletic Conference,https://utahtechtrailblazers.com/sports/womens-volleyball/roster/2025,2026-07-20T01:05:52.747115+00:00,68.0,St. George,UT,USA,2025,False
Mya Laufiso,L/DS,JR,,Utah Tech University,DI,WAC,Western Athletic Conference,https://utahtechtrailblazers.com/sports/womens-volleyball/roster/2025,2026-07-20T01:05:52.747115+00:00,67.0,West Jordan,UT,USA,2025,False
Kaycee Bugas,L/DS,SR,,Utah Tech University,DI,WAC,Western Athletic Conference,https://utahtechtrailblazers.com/sports/womens-volleyball/roster/2025,2026-07-20T01:05:52.747115+00:00,66.0,Mountain View,WY,USA,2025,False
Sydney Reese,OPP,R-SO,,Utah Tech University,DI,WAC,Western Athletic Conference,https://utahtechtrailblazers.com/sports/womens-volleyball/roster/2025,2026-07-20T01:05:52.747115+00:00,75.0,Logandale,NV,USA,2025,False
Casidy Fried,MB,SR,,Utah Tech University,DI,WAC,Western Athletic Conference,https://utahtechtrailblazers.com/sports/womens-volleyball/roster/2025,2026-07-20T01:05:52.747115+00:00,74.0,Middleton,ID,USA,2025,False
Kennedi Knudsen,OH,SR,,Utah Tech University,DI,WAC,Western Athletic Conference,https://utahtechtrailblazers.com/sports/womens-volleyball/roster/2025,2026-07-20T01:05:52.747115+00:00,71.0,Gunnison,UT,USA,2025,False
Maranda Woolf,MB,R-JR,,Utah Valley University,DI,WAC,Western Athletic Conference,https://gouvu.com/sports/womens-volleyball/roster/2025,2026-07-20T01:05:55.077922+00:00,74.0,Peoria,AZ,USA,2025,False
Alyvia Watkins,MB,SO,Utah Hive,Utah Valley University,DI,WAC,Western Athletic Conference,https://gouvu.com/sports/womens-volleyball/roster/2025,2026-07-20T01:05:55.077922+00:00,75.0,Morgan,UT,USA,2025,False
Madi Standifird,OH,JR,,Utah Valley University,DI,WAC,Western Athletic Conference,https://gouvu.com/sports/womens-volleyball/roster/2025,2026-07-20T01:05:55.077922+00:00,69.0,Lehi,UT,USA,2025,False
Alyssa Erickson,OH,SR,BYU,Utah Valley University,DI,WAC,Western Athletic Conference,https://gouvu.com/sports/womens-volleyball/roster/2025,2026-07-20T01:05:55.077922+00:00,73.0,Gilbert,AZ,USA,2025,False
Avery Page,OH,SR,,Utah Valley University,DI,WAC,Western Athletic Conference,https://gouvu.com/sports/womens-volleyball/roster/2025,2026-07-20T01:05:55.077922+00:00,73.0,Lehi,UT,USA,2025,False
Brooke Stauffer,S,FR,,Utah Valley University,DI,WAC,Western Athletic Conference,https://gouvu.com/sports/womens-volleyball/roster/2025,2026-07-20T01:05:55.077922+00:00,70.0,Cottonwood Heights,UT,USA,2025,False
Rylee Busse,OH,JR,Memphis,Utah Valley University,DI,WAC,Western Athletic Conference,https://gouvu.com/sports/womens-volleyball/roster/2025,2026-07-20T01:05:55.077922+00:00,70.0,New Braunfels,TX,USA,2025,False
Lani Matavao,L/DS,JR,,Utah Valley University,DI,WAC,Western Athletic Conference,https://gouvu.com/sports/womens-volleyball/roster/2025,2026-07-20T01:05:55.077922+00:00,66.0,West Jordan,UT,USA,2025,False
Natalie Riggs,S,SR,,Utah Valley University,DI,WAC,Western Athletic Conference,https://gouvu.com/sports/womens-volleyball/roster/2025,2026-07-20T01:05:55.077922+00:00,70.0,Gilbert,AZ,USA,2025,False
Lauren Feiler,MB,FR,,Utah Valley University,DI,WAC,Western Athletic Conference,https://gouvu.com/sports/womens-volleyball/roster/2025,2026-07-20T01:05:55.077922+00:00,73.0,Carlsbad,CA,USA,2025,False
Evalyn Medaris,S,JR,,Utah Valley University,DI,WAC,Western Athletic Conference,https://gouvu.com/sports/womens-volleyball/roster/2025,2026-07-20T01:05:55.077922+00:00,70.0,Bountiful,UT,USA,2025,False
Kenna McClure,L/DS,FR,,Utah Valley University,DI,WAC,Western Athletic Conference,https://gouvu.com/sports/womens-volleyball/roster/2025,2026-07-20T01:05:55.077922+00:00,68.0,Meridian,ID,USA,2025,False
Sami Blackett,OH,SO,,Utah Valley University,DI,WAC,Western Athletic Conference,https://gouvu.com/sports/womens-volleyball/roster/2025,2026-07-20T01:05:55.077922+00:00,73.0,Orem,UT,USA,2025,False
Bella Wooden,MB,SR,Utah State,Utah Valley University,DI,WAC,Western Athletic Conference,https://gouvu.com/sports/womens-volleyball/roster/2025,2026-07-20T01:05:55.077922+00:00,75.0,Summerfield,NC,USA,2025,False
Olivia Gloeckner,OPP,SO,Idaho,Utah Valley University,DI,WAC,Western Athletic Conference,https://gouvu.com/sports/womens-volleyball/roster/2025,2026-07-20T01:05:55.077922+00:00,74.0,Salt Lake City,UT,USA,2025,False
Moana Peaua,OH,FR,,Utah Valley University,DI,WAC,Western Athletic Conference,https://gouvu.com/sports/womens-volleyball/roster/2025,2026-07-20T01:05:55.077922+00:00,70.0,Miliani,HI,USA,2025,False
Steliyana Chakarova,OPP,SR,Eastern Arizona,Utah Valley University,DI,WAC,Western Athletic Conference,https://gouvu.com/sports/womens-volleyball/roster/2025,2026-07-20T01:05:55.077922+00:00,76.0,Stara Zagora,,Bulgaria,2025,False
Olivia Wagner,S,FR,,Valparaiso University,DI,MVC,Missouri Valley Conference,https://valpoathletics.com/sports/womens-volleyball/roster/2025,2026-07-20T01:05:57.491455+00:00,72.0,Lakeville,MN,USA,2025,False
Lindley Martin,L/DS,SO,,Valparaiso University,DI,MVC,Missouri Valley Conference,https://valpoathletics.com/sports/womens-volleyball/roster/2025,2026-07-20T01:05:57.491455+00:00,66.0,North Judson,IN,USA,2025,False
Jordyn Gove,OH,SO,,Valparaiso University,DI,MVC,Missouri Valley Conference,https://valpoathletics.com/sports/womens-volleyball/roster/2025,2026-07-20T01:05:57.491455+00:00,72.0,Amarillo,TX,USA,2025,False
Drew Glaser,OPP,SO,,Valparaiso University,DI,MVC,Missouri Valley Conference,https://valpoathletics.com/sports/womens-volleyball/roster/2025,2026-07-20T01:05:57.491455+00:00,72.0,Edwardsburg,MI,USA,2025,False
Mara Thomas,S,JR,,Valparaiso University,DI,MVC,Missouri Valley Conference,https://valpoathletics.com/sports/womens-volleyball/roster/2025,2026-07-20T01:05:57.491455+00:00,67.0,Bogart,GA,USA,2025,False
Kadence Brumitt,OH,SO,,Valparaiso University,DI,MVC,Missouri Valley Conference,https://valpoathletics.com/sports/womens-volleyball/roster/2025,2026-07-20T01:05:57.491455+00:00,69.0,Niles,MI,USA,2025,False
Ava Helming,OPP,SO,,Valparaiso University,DI,MVC,Missouri Valley Conference,https://valpoathletics.com/sports/womens-volleyball/roster/2025,2026-07-20T01:05:57.491455+00:00,72.0,Johnston,IA,USA,2025,False
Addy Kois,S,SR,,Valparaiso University,DI,MVC,Missouri Valley Conference,https://valpoathletics.com/sports/womens-volleyball/roster/2025,2026-07-20T01:05:57.491455+00:00,71.0,Osceola,IN,USA,2025,False
Kendal Ramey,L/DS,SR,,Valparaiso University,DI,MVC,Missouri Valley Conference,https://valpoathletics.com/sports/womens-volleyball/roster/2025,2026-07-20T01:05:57.491455+00:00,67.0,Crawfordsville,IN,USA,2025,False
Keira Lucas,OH,FR,,Valparaiso University,DI,MVC,Missouri Valley Conference,https://valpoathletics.com/sports/womens-volleyball/roster/2025,2026-07-20T01:05:57.491455+00:00,70.0,Brazil,IN,USA,2025,False
Danica Goch,L/DS,SO,,Valparaiso University,DI,MVC,Missouri Valley Conference,https://valpoathletics.com/sports/womens-volleyball/roster/2025,2026-07-20T01:05:57.491455+00:00,68.0,Baroda,MI,USA,2025,False
Sam Warren,OPP,SR,,Valparaiso University,DI,MVC,Missouri Valley Conference,https://valpoathletics.com/sports/womens-volleyball/roster/2025,2026-07-20T01:05:57.491455+00:00,70.0,Kentland,IN,USA,2025,False
Lilly Merk,MB,SO,,Valparaiso University,DI,MVC,Missouri Valley Conference,https://valpoathletics.com/sports/womens-volleyball/roster/2025,2026-07-20T01:05:57.491455+00:00,72.0,Terre Haute,IN,USA,2025,False
Jessica Pickett,MB,SO,,Valparaiso University,DI,MVC,Missouri Valley Conference,https://valpoathletics.com/sports/womens-volleyball/roster/2025,2026-07-20T01:05:57.491455+00:00,78.0,Carmel,IN,USA,2025,False
Mia Liberti,L/DS,SO,,Valparaiso University,DI,MVC,Missouri Valley Conference,https://valpoathletics.com/sports/womens-volleyball/roster/2025,2026-07-20T01:05:57.491455+00:00,66.0,Chicago,IL,USA,2025,False
Ava Harris,S,FR,,Villanova University,DI,Big East,Big East Conference,https://villanova.com/sports/womens-volleyball/roster/2025,2026-07-20T01:06:10.379928+00:00,71.0,Angola,IN,USA,2025,False
Emma Vu,S,GR,,Villanova University,DI,Big East,Big East Conference,https://villanova.com/sports/womens-volleyball/roster/2025,2026-07-20T01:06:10.379928+00:00,65.0,Allen,TX,USA,2025,False
Alyssa Nelson,S,SO,,Villanova University,DI,Big East,Big East Conference,https://villanova.com/sports/womens-volleyball/roster/2025,2026-07-20T01:06:10.379928+00:00,68.0,Wildwood,MO,USA,2025,False
Cat Young,OH,SO,,Villanova University,DI,Big East,Big East Conference,https://villanova.com/sports/womens-volleyball/roster/2025,2026-07-20T01:06:10.379928+00:00,71.0,Flower Mound,TX,USA,2025,False
Abby Harrell,OH,JR,,Villanova University,DI,Big East,Big East Conference,https://villanova.com/sports/womens-volleyball/roster/2025,2026-07-20T01:06:10.379928+00:00,70.0,Ellensburg,WA,USA,2025,False
Margot Randall,MB,SO,,Villanova University,DI,Big East,Big East Conference,https://villanova.com/sports/womens-volleyball/roster/2025,2026-07-20T01:06:10.379928+00:00,74.0,Leawood,KS,USA,2025,False
Annika Veurink,MB,JR,,Villanova University,DI,Big East,Big East Conference,https://villanova.com/sports/womens-volleyball/roster/2025,2026-07-20T01:06:10.379928+00:00,74.0,Eden Prairie,MN,USA,2025,False
Reagan McGivern,MB,FR,,Villanova University,DI,Big East,Big East Conference,https://villanova.com/sports/womens-volleyball/roster/2025,2026-07-20T01:06:10.379928+00:00,74.0,Topeka,KS,USA,2025,False
Letizia Galli,MB,,,Virginia Commonwealth University,DI,A10,Atlantic 10 Conference,https://vcuathletics.com/sports/womens-volleyball/roster/2025,2026-07-20T01:06:12.858036+00:00,72.0,Appiano Gentile,,Italy,2025,False
Haruka Sugimoto,L/DS,,Central Wyoming College/Stetson,Virginia Commonwealth University,DI,A10,Atlantic 10 Conference,https://vcuathletics.com/sports/womens-volleyball/roster/2025,2026-07-20T01:06:12.858036+00:00,66.0,Kobe,,Japan,2025,False
Meghan Touhey,L/DS,,Owen J. Roberts,Virginia Commonwealth University,DI,A10,Atlantic 10 Conference,https://vcuathletics.com/sports/womens-volleyball/roster/2025,2026-07-20T01:06:12.858036+00:00,69.0,Spring City,PA,USA,2025,False
Lannah Price,OH,,South Johnston,Virginia Commonwealth University,DI,A10,Atlantic 10 Conference,https://vcuathletics.com/sports/womens-volleyball/roster/2025,2026-07-20T01:06:12.858036+00:00,69.0,Four Oaks,NC,USA,2025,False
Sarah Dibbs-Frantz,MB,,Carrollwood Day,Virginia Commonwealth University,DI,A10,Atlantic 10 Conference,https://vcuathletics.com/sports/womens-volleyball/roster/2025,2026-07-20T01:06:12.858036+00:00,75.0,Tampa,FL,USA,2025,False
Abby Edwards,S,,Chapin,Virginia Commonwealth University,DI,A10,Atlantic 10 Conference,https://vcuathletics.com/sports/womens-volleyball/roster/2025,2026-07-20T01:06:12.858036+00:00,70.0,Chapin,SC,USA,2025,False
Julieta Portillo,OH,,,Virginia Commonwealth University,DI,A10,Atlantic 10 Conference,https://vcuathletics.com/sports/womens-volleyball/roster/2025,2026-07-20T01:06:12.858036+00:00,76.0,Yerba Buena,,Argentina,2025,False
Kayla Foley,L/DS,,First Colonial (Michigan State),Virginia Commonwealth University,DI,A10,Atlantic 10 Conference,https://vcuathletics.com/sports/womens-volleyball/roster/2025,2026-07-20T01:06:12.858036+00:00,64.0,Virginia Beach,VA,USA,2025,False
Kalina Pylinska,OH,,Navarro College,Virginia Commonwealth University,DI,A10,Atlantic 10 Conference,https://vcuathletics.com/sports/womens-volleyball/roster/2025,2026-07-20T01:06:12.858036+00:00,70.0,Nowy Tomysl,,Poland,2025,False
Lara Del Core,OPP,,,Virginia Commonwealth University,DI,A10,Atlantic 10 Conference,https://vcuathletics.com/sports/womens-volleyball/roster/2025,2026-07-20T01:06:12.858036+00:00,74.0,Busto Arsizio,,Italy,2025,False
Julia Rienks,OPP,,Daytona State College,Virginia Commonwealth University,DI,A10,Atlantic 10 Conference,https://vcuathletics.com/sports/womens-volleyball/roster/2025,2026-07-20T01:06:12.858036+00:00,74.0,Dronryp,,Netherlands,2025,False
Nina Boledovicova,MB,,Gymnazium Jura Hronca (Florida SW St.),Virginia Commonwealth University,DI,A10,Atlantic 10 Conference,https://vcuathletics.com/sports/womens-volleyball/roster/2025,2026-07-20T01:06:12.858036+00:00,71.0,Bratislava,,Slovakia,2025,False
Akire Jones,MB,,Hutto,Virginia Commonwealth University,DI,A10,Atlantic 10 Conference,https://vcuathletics.com/sports/womens-volleyball/roster/2025,2026-07-20T01:06:12.858036+00:00,73.0,Round Rock,TX,USA,2025,False
Elif Ozsoy,S,,Private Okyanus (Trinity Valley CC/North Alabama),Virginia Commonwealth University,DI,A10,Atlantic 10 Conference,https://vcuathletics.com/sports/womens-volleyball/roster/2025,2026-07-20T01:06:12.858036+00:00,74.0,Ankara,,Turkey,2025,False
Alicja Jaryszek,OH,,Coastal Carolina,Virginia Commonwealth University,DI,A10,Atlantic 10 Conference,https://vcuathletics.com/sports/womens-volleyball/roster/2025,2026-07-20T01:06:12.858036+00:00,74.0,Buczek,,Poland,2025,False
Cansin Sendir,S,,,Virginia Commonwealth University,DI,A10,Atlantic 10 Conference,https://vcuathletics.com/sports/womens-volleyball/roster/2025,2026-07-20T01:06:12.858036+00:00,70.0,Istanbul,,Turkey,2025,False
Meleah Foster,MB,SO,,Western Carolina University,DI,Southern,Southern Conference,https://catamountsports.com/sports/womens-volleyball/roster/2025,2026-07-20T01:06:38.203909+00:00,73.0,Brevard,NC,USA,2025,False
Halley Tang,L/DS,SO,,Western Carolina University,DI,Southern,Southern Conference,https://catamountsports.com/sports/womens-volleyball/roster/2025,2026-07-20T01:06:38.203909+00:00,67.0,Fort Lauderdale,FL,USA,2025,False
Courtney Graham,MB,SO,,Western Carolina University,DI,Southern,Southern Conference,https://catamountsports.com/sports/womens-volleyball/roster/2025,2026-07-20T01:06:38.203909+00:00,73.0,Alpharetta,GA,USA,2025,False
Elise Gurley,L/DS,FR,,Western Carolina University,DI,Southern,Southern Conference,https://catamountsports.com/sports/womens-volleyball/roster/2025,2026-07-20T01:06:38.203909+00:00,65.0,Wake Forest,NC,USA,2025,False
Samantha Jo Mikosky,MB,SR,,Western Carolina University,DI,Southern,Southern Conference,https://catamountsports.com/sports/womens-volleyball/roster/2025,2026-07-20T01:06:38.203909+00:00,75.0,Bethlehem,PA,USA,2025,False
Danielle Wheat,S,FR,,Western Carolina University,DI,Southern,Southern Conference,https://catamountsports.com/sports/womens-volleyball/roster/2025,2026-07-20T01:06:38.203909+00:00,68.0,Mount Olive,AL,USA,2025,False
Peri Subat,OH,SO,,Western Carolina University,DI,Southern,Southern Conference,https://catamountsports.com/sports/womens-volleyball/roster/2025,2026-07-20T01:06:38.203909+00:00,71.0,Sheboygan Falls,WI,USA,2025,False
Abbie Willis,OH,FR,,Western Carolina University,DI,Southern,Southern Conference,https://catamountsports.com/sports/womens-volleyball/roster/2025,2026-07-20T01:06:38.203909+00:00,74.0,Punta Gorda,FL,USA,2025,False
Tatum Sharp,MB,FR,,Western Carolina University,DI,Southern,Southern Conference,https://catamountsports.com/sports/womens-volleyball/roster/2025,2026-07-20T01:06:38.203909+00:00,74.0,Loveland,CO,USA,2025,False
Janelle Blue,MB,SR,,Western Carolina University,DI,Southern,Southern Conference,https://catamountsports.com/sports/womens-volleyball/roster/2025,2026-07-20T01:06:38.203909+00:00,71.0,Clover,SC,USA,2025,False
Samantha Kranzler,OH,FR,,Western Carolina University,DI,Southern,Southern Conference,https://catamountsports.com/sports/womens-volleyball/roster/2025,2026-07-20T01:06:38.203909+00:00,71.0,Norwood,NJ,USA,2025,False
Evelyn Keefer,L/DS,FR,,Western Carolina University,DI,Southern,Southern Conference,https://catamountsports.com/sports/womens-volleyball/roster/2025,2026-07-20T01:06:38.203909+00:00,68.0,Winder,GA,USA,2025,False
Katie Boney,S,JR,,Western Carolina University,DI,Southern,Southern Conference,https://catamountsports.com/sports/womens-volleyball/roster/2025,2026-07-20T01:06:38.203909+00:00,72.0,Brookhaven,GA,USA,2025,False
Eda Yalçinkaya,L/DS,JR,,Western Carolina University,DI,Southern,Southern Conference,https://catamountsports.com/sports/womens-volleyball/roster/2025,2026-07-20T01:06:38.203909+00:00,64.0,Istanbul,,Turkey,2025,False
Zoe Zudans,OH,JR,,Western Carolina University,DI,Southern,Southern Conference,https://catamountsports.com/sports/womens-volleyball/roster/2025,2026-07-20T01:06:38.203909+00:00,72.0,Palm Beach Gardens,FL,USA,2025,False
Madelyn Norton,S,JR,,Western Illinois University,DI,Ohio Valley,Ohio Valley Conference,https://goleathernecks.com/sports/womens-volleyball/roster/2025,2026-07-20T01:06:40.954505+00:00,70.0,Dike,IA,USA,2025,False
Ashlee Markert,OH,FR,,Western Illinois University,DI,Ohio Valley,Ohio Valley Conference,https://goleathernecks.com/sports/womens-volleyball/roster/2025,2026-07-20T01:06:40.954505+00:00,75.0,Mt. Sterling,IL,USA,2025,False
Hillary Estes,MB,JR,,Western Illinois University,DI,Ohio Valley,Ohio Valley Conference,https://goleathernecks.com/sports/womens-volleyball/roster/2025,2026-07-20T01:06:40.954505+00:00,72.0,Nixa,MO,USA,2025,False
Kiyah Franklin,OPP,GR,,Western Illinois University,DI,Ohio Valley,Ohio Valley Conference,https://goleathernecks.com/sports/womens-volleyball/roster/2025,2026-07-20T01:06:40.954505+00:00,72.0,Macomb,MI,USA,2025,False
Caroline Clayton,OH,FR,,Western Illinois University,DI,Ohio Valley,Ohio Valley Conference,https://goleathernecks.com/sports/womens-volleyball/roster/2025,2026-07-20T01:06:40.954505+00:00,68.0,Lenexa,KS,USA,2025,False
Kennedy Adair,OH,JR,,Western Illinois University,DI,Ohio Valley,Ohio Valley Conference,https://goleathernecks.com/sports/womens-volleyball/roster/2025,2026-07-20T01:06:40.954505+00:00,72.0,Macomb,IL,USA,2025,False
Alysia Perez,S,R-FR,,Western Illinois University,DI,Ohio Valley,Ohio Valley Conference,https://goleathernecks.com/sports/womens-volleyball/roster/2025,2026-07-20T01:06:40.954505+00:00,69.0,Geneseo,IL,USA,2025,False
Jaleah Bauss,S,FR,,Western Illinois University,DI,Ohio Valley,Ohio Valley Conference,https://goleathernecks.com/sports/womens-volleyball/roster/2025,2026-07-20T01:06:40.954505+00:00,67.0,Frisco,TX,USA,2025,False
Melaina Hawblitzel,OH,SO,,Western Illinois University,DI,Ohio Valley,Ohio Valley Conference,https://goleathernecks.com/sports/womens-volleyball/roster/2025,2026-07-20T01:06:40.954505+00:00,70.0,Warsaw,IN,USA,2025,False
Martyna Sowiak,MB,FR,,Western Illinois University,DI,Ohio Valley,Ohio Valley Conference,https://goleathernecks.com/sports/womens-volleyball/roster/2025,2026-07-20T01:06:40.954505+00:00,73.0,Bartlett,IL,USA,2025,False
Keyana Cruse,OH,GR,,Western Illinois University,DI,Ohio Valley,Ohio Valley Conference,https://goleathernecks.com/sports/womens-volleyball/roster/2025,2026-07-20T01:06:40.954505+00:00,73.0,Bonner Springs,KS,USA,2025,False
Trabrece Marbley,OH,FR,,Winthrop University,DI,Big South,Big South Conference,https://winthropeagles.com/sports/womens-volleyball/roster/2025,2026-07-20T01:06:54.023107+00:00,69.0,Humble,TX,USA,2025,False
Lexi Thatcher,S,JR,,Winthrop University,DI,Big South,Big South Conference,https://winthropeagles.com/sports/womens-volleyball/roster/2025,2026-07-20T01:06:54.023107+00:00,71.0,Indianapolis,IN,USA,2025,False
Paige Bennett,OH,SO,,Winthrop University,DI,Big South,Big South Conference,https://winthropeagles.com/sports/womens-volleyball/roster/2025,2026-07-20T01:06:54.023107+00:00,72.0,Pleasanton,CA,USA,2025,False
Giselle Little,MB,SO,,Winthrop University,DI,Big South,Big South Conference,https://winthropeagles.com/sports/womens-volleyball/roster/2025,2026-07-20T01:06:54.023107+00:00,71.0,Mt. Holly,NC,USA,2025,False
Sophia Matthews,L/DS,SO,,Winthrop University,DI,Big South,Big South Conference,https://winthropeagles.com/sports/womens-volleyball/roster/2025,2026-07-20T01:06:54.023107+00:00,66.0,Apex,NC,USA,2025,False
Reece Rhoads,OH,R-SO,,Winthrop University,DI,Big South,Big South Conference,https://winthropeagles.com/sports/womens-volleyball/roster/2025,2026-07-20T01:06:54.023107+00:00,71.0,Cumming,GA,USA,2025,False
Alyah Cadavid,L/DS,JR,,Winthrop University,DI,Big South,Big South Conference,https://winthropeagles.com/sports/womens-volleyball/roster/2025,2026-07-20T01:06:54.023107+00:00,68.0,Miami,FL,USA,2025,False
Addison Torain,L/DS,FR,,Winthrop University,DI,Big South,Big South Conference,https://winthropeagles.com/sports/womens-volleyball/roster/2025,2026-07-20T01:06:54.023107+00:00,67.0,Aurora,IL,USA,2025,False
Isabella Murray,S,R-SR,,Winthrop University,DI,Big South,Big South Conference,https://winthropeagles.com/sports/womens-volleyball/roster/2025,2026-07-20T01:06:54.023107+00:00,74.0,Norcross,GA,USA,2025,False
Sydney Nolan,MB,SR,,Winthrop University,DI,Big South,Big South Conference,https://winthropeagles.com/sports/womens-volleyball/roster/2025,2026-07-20T01:06:54.023107+00:00,76.0,Upper Marlboro,MD,USA,2025,False
Teagan Sychterz,MB,R-SO,,Winthrop University,DI,Big South,Big South Conference,https://winthropeagles.com/sports/womens-volleyball/roster/2025,2026-07-20T01:06:54.023107+00:00,72.0,Benson,NC,USA,2025,False
