jersey_number,player_name,position,class_year,high_school,previous_school,school_name,division,conference_code,primary_conference,source_url,collected_at,height_inches,hometown_city,hometown_state,hometown_country,season
1,Becca Siedenburg,S,SR,Kettle Moraine HS,Gardner-Webb,Abilene Christian University,DI,WAC,Western Athletic Conference,https://acusports.com/sports/womens-volleyball/roster/2025,2026-07-20T00:46:56.672717+00:00,68,Wales,WI,USA,2025
2,Avery Thaler,MB,SO,Fairfield HS,,Abilene Christian University,DI,WAC,Western Athletic Conference,https://acusports.com/sports/womens-volleyball/roster/2025,2026-07-20T00:46:56.672717+00:00,70,Fairfield,TX,USA,2025
4,Rachel Koss,S,JR,Freedom HS,,Abilene Christian University,DI,WAC,Western Athletic Conference,https://acusports.com/sports/womens-volleyball/roster/2025,2026-07-20T00:46:56.672717+00:00,71,Freedom,WI,USA,2025
5,Courtney Church,OH,R-FR,Veritas Academy,,Abilene Christian University,DI,WAC,Western Athletic Conference,https://acusports.com/sports/womens-volleyball/roster/2025,2026-07-20T00:46:56.672717+00:00,72,Driftwood,TX,USA,2025
7,Hannah Gonzalez,MB,JR,Lovejoy HS,,Abilene Christian University,DI,WAC,Western Athletic Conference,https://acusports.com/sports/womens-volleyball/roster/2025,2026-07-20T00:46:56.672717+00:00,74,Lucas,TX,USA,2025
8,Annaleise Sevier,OH,SO,Aubrey HS,,Abilene Christian University,DI,WAC,Western Athletic Conference,https://acusports.com/sports/womens-volleyball/roster/2025,2026-07-20T00:46:56.672717+00:00,70,Aubrey,TX,USA,2025
9,Ashli Edmiston,OH,SR,Wilsonville HS,,Abilene Christian University,DI,WAC,Western Athletic Conference,https://acusports.com/sports/womens-volleyball/roster/2025,2026-07-20T00:46:56.672717+00:00,68,Wilsonville,OR,USA,2025
10,Aubrey Beaver,OH,JR,Temecula Valley HS,Cal State Fullerton,Abilene Christian University,DI,WAC,Western Athletic Conference,https://acusports.com/sports/womens-volleyball/roster/2025,2026-07-20T00:46:56.672717+00:00,72,Murrieta,CA,USA,2025
11,Izabelle Larson,OH,JR,Santa Teresa HS,,Abilene Christian University,DI,WAC,Western Athletic Conference,https://acusports.com/sports/womens-volleyball/roster/2025,2026-07-20T00:46:56.672717+00:00,71,San Jose,CA,USA,2025
12,Abby Christian,L/DS,JR,Liberty North HS,,Abilene Christian University,DI,WAC,Western Athletic Conference,https://acusports.com/sports/womens-volleyball/roster/2025,2026-07-20T00:46:56.672717+00:00,69,Kansas City,MO,USA,2025
14,Aliyah Jowers,OH,FR,Wylie HS,,Abilene Christian University,DI,WAC,Western Athletic Conference,https://acusports.com/sports/womens-volleyball/roster/2025,2026-07-20T00:46:56.672717+00:00,71,Abilene,TX,USA,2025
15,Hadlee Welch,OH,FR,Frenship HS,,Abilene Christian University,DI,WAC,Western Athletic Conference,https://acusports.com/sports/womens-volleyball/roster/2025,2026-07-20T00:46:56.672717+00:00,76,Lubbock,TX,USA,2025
21,Alexis Strong,OH,JR,Assumption HS,,Abilene Christian University,DI,WAC,Western Athletic Conference,https://acusports.com/sports/womens-volleyball/roster/2025,2026-07-20T00:46:56.672717+00:00,73,Louisville,KY,USA,2025
22,Erika Gustafson,MB,R-SO,Guyer HS,Montana State,Abilene Christian University,DI,WAC,Western Athletic Conference,https://acusports.com/sports/womens-volleyball/roster/2025,2026-07-20T00:46:56.672717+00:00,74,Denton,TX,USA,2025
24,Brennan Ramirez,L/DS,R-FR,Waxahachie HS,Texas,Abilene Christian University,DI,WAC,Western Athletic Conference,https://acusports.com/sports/womens-volleyball/roster/2025,2026-07-20T00:46:56.672717+00:00,61,Waxahachie,TX,USA,2025
1,Rayishon Jackman,OH,SO,National Taiwan Normal University,,Alabama A&M University,DI,SWAC,Southwestern Athletic Conf.,https://aamusports.com/sports/womens-volleyball/roster/2025,2026-07-20T00:46:58.999395+00:00,69,Taipei,,Taiwan,2025
3,Sana Dennis,MB,GR,St. Thomas University,,Alabama A&M University,DI,SWAC,Southwestern Athletic Conf.,https://aamusports.com/sports/womens-volleyball/roster/2025,2026-07-20T00:46:58.999395+00:00,73,Atlanta,GA,USA,2025
4,Caitlin Shaw,OH,SR,Desoto HS,,Alabama A&M University,DI,SWAC,Southwestern Athletic Conf.,https://aamusports.com/sports/womens-volleyball/roster/2025,2026-07-20T00:46:58.999395+00:00,73,Desoto,TX,USA,2025
6,Carys Sanabria,MB,FR,North Cobb HS,,Alabama A&M University,DI,SWAC,Southwestern Athletic Conf.,https://aamusports.com/sports/womens-volleyball/roster/2025,2026-07-20T00:46:58.999395+00:00,74,Marietta,GA,USA,2025
7,Nevaeh Johnson,MB,JR,Duncanville HS,,Alabama A&M University,DI,SWAC,Southwestern Athletic Conf.,https://aamusports.com/sports/womens-volleyball/roster/2025,2026-07-20T00:46:58.999395+00:00,75,Desoto,TX,USA,2025
9,Kaydee Smith,S,FR,Davidson Day School,,Alabama A&M University,DI,SWAC,Southwestern Athletic Conf.,https://aamusports.com/sports/womens-volleyball/roster/2025,2026-07-20T00:46:58.999395+00:00,69,Mooresville,NC,USA,2025
11,Tamirea Taylor,OH,JR,Bishop State CC,,Alabama A&M University,DI,SWAC,Southwestern Athletic Conf.,https://aamusports.com/sports/womens-volleyball/roster/2025,2026-07-20T00:46:58.999395+00:00,72,Bessemer,AL,USA,2025
13,Cherrish Robinson,MB,FR,Atascocita HS,,Alabama A&M University,DI,SWAC,Southwestern Athletic Conf.,https://aamusports.com/sports/womens-volleyball/roster/2025,2026-07-20T00:46:58.999395+00:00,72,Houston,TX,USA,2025
15,Nhya Morgan,MB,SO,Colegio Deportivo de Limón,,Alabama A&M University,DI,SWAC,Southwestern Athletic Conf.,https://aamusports.com/sports/womens-volleyball/roster/2025,2026-07-20T00:46:58.999395+00:00,72,Limón,,Costa Rica,2025
16,Kemora Coachman,L/DS,SR,Sparkman HS,,Alabama A&M University,DI,SWAC,Southwestern Athletic Conf.,https://aamusports.com/sports/womens-volleyball/roster/2025,2026-07-20T00:46:58.999395+00:00,70,Huntsville,AL,USA,2025
18,Isabella Fleurima,OH,FR,North Naperville HS,,Alabama A&M University,DI,SWAC,Southwestern Athletic Conf.,https://aamusports.com/sports/womens-volleyball/roster/2025,2026-07-20T00:46:58.999395+00:00,71,Naperville,IL,USA,2025
21,Briana Smith,S,JR,Lurleen B. Wallace CC,,Alabama A&M University,DI,SWAC,Southwestern Athletic Conf.,https://aamusports.com/sports/womens-volleyball/roster/2025,2026-07-20T00:46:58.999395+00:00,70,Madison,AL,USA,2025
22,Saniya Spalding,MB,SR,Edward Waters,,Alabama A&M University,DI,SWAC,Southwestern Athletic Conf.,https://aamusports.com/sports/womens-volleyball/roster/2025,2026-07-20T00:46:58.999395+00:00,72,Merrillville,IN,USA,2025
23,Aspen Creekmore,OH,SO,Grayson HS,,Alabama A&M University,DI,SWAC,Southwestern Athletic Conf.,https://aamusports.com/sports/womens-volleyball/roster/2025,2026-07-20T00:46:58.999395+00:00,73,Loganville,GA,USA,2025
24,Keyara Scott-Johnson,OH,SR,"Laveen, Ariz",,Alabama A&M University,DI,SWAC,Southwestern Athletic Conf.,https://aamusports.com/sports/womens-volleyball/roster/2025,2026-07-20T00:46:58.999395+00:00,69,Laveen,AZ,USA,2025
25,Bailey Wallace,L/DS,FR,Loyola Academy,,Alabama A&M University,DI,SWAC,Southwestern Athletic Conf.,https://aamusports.com/sports/womens-volleyball/roster/2025,2026-07-20T00:46:58.999395+00:00,65,Chicago,IL,USA,2025
58,Kelani Talakai,L/DS,FR,Ridgeline HS,,Alabama A&M University,DI,SWAC,Southwestern Athletic Conf.,https://aamusports.com/sports/womens-volleyball/roster/2025,2026-07-20T00:46:58.999395+00:00,65,Providence,UT,USA,2025
2,Brynn Metoyer,OH,FR,Klein Collins HS,,Alabama State University,DI,SWAC,Southwestern Athletic Conf.,https://bamastatesports.com/sports/womens-volleyball/roster/2025,2026-07-20T00:47:01.301973+00:00,70,Spring,TX,USA,2025
4,Trinity Mitchell,L/DS,JR,Alpharetta HS,,Alabama State University,DI,SWAC,Southwestern Athletic Conf.,https://bamastatesports.com/sports/womens-volleyball/roster/2025,2026-07-20T00:47:01.301973+00:00,64,Alpharetta,GA,USA,2025
5,Sierra Scanlan,S,SR,Kamehameha,,Alabama State University,DI,SWAC,Southwestern Athletic Conf.,https://bamastatesports.com/sports/womens-volleyball/roster/2025,2026-07-20T00:47:01.301973+00:00,68,Puna,HI,USA,2025
6,Bailee Payne,OH,SO,Sterling HS,,Alabama State University,DI,SWAC,Southwestern Athletic Conf.,https://bamastatesports.com/sports/womens-volleyball/roster/2025,2026-07-20T00:47:01.301973+00:00,70,Baytown,TX,USA,2025
8,Taylor Williams,OH,SO,Langham Creek,,Alabama State University,DI,SWAC,Southwestern Athletic Conf.,https://bamastatesports.com/sports/womens-volleyball/roster/2025,2026-07-20T00:47:01.301973+00:00,70,Cypress,TX,USA,2025
9,Erin Rogers,OPP,FR,Chain of Lakes Collegiate HS,,Alabama State University,DI,SWAC,Southwestern Athletic Conf.,https://bamastatesports.com/sports/womens-volleyball/roster/2025,2026-07-20T00:47:01.301973+00:00,69,Lake Alfred,FL,USA,2025
10,Madisynne McQueen,OH,SR,Chisholm Trail High School,,Alabama State University,DI,SWAC,Southwestern Athletic Conf.,https://bamastatesports.com/sports/womens-volleyball/roster/2025,2026-07-20T00:47:01.301973+00:00,72,Frisco,TX,USA,2025
14,Kamrynn Clay,S,SO,Samuel Clemens,,Alabama State University,DI,SWAC,Southwestern Athletic Conf.,https://bamastatesports.com/sports/womens-volleyball/roster/2025,2026-07-20T00:47:01.301973+00:00,68,Saint Hedwig,TX,USA,2025
15,Camille Holloway,MB,FR,Northside Christian School,,Alabama State University,DI,SWAC,Southwestern Athletic Conf.,https://bamastatesports.com/sports/womens-volleyball/roster/2025,2026-07-20T00:47:01.301973+00:00,74,St. Petersburg,FL,USA,2025
16,Essence Jones,MB,JR,Alpharetta HS,,Alabama State University,DI,SWAC,Southwestern Athletic Conf.,https://bamastatesports.com/sports/womens-volleyball/roster/2025,2026-07-20T00:47:01.301973+00:00,71,Alpharetta,GA,USA,2025
20,Zanobia Willis,MB,GR,Red Oak HS,,Alabama State University,DI,SWAC,Southwestern Athletic Conf.,https://bamastatesports.com/sports/womens-volleyball/roster/2025,2026-07-20T00:47:01.301973+00:00,72,Red Oak,TX,USA,2025
21,Breanna Swanson,L/DS,SO,Cypress Springs HS,,Alabama State University,DI,SWAC,Southwestern Athletic Conf.,https://bamastatesports.com/sports/womens-volleyball/roster/2025,2026-07-20T00:47:01.301973+00:00,63,Cypress,TX,USA,2025
22,Kaylen Hines,MB,JR,Thornwood,,Alabama State University,DI,SWAC,Southwestern Athletic Conf.,https://bamastatesports.com/sports/womens-volleyball/roster/2025,2026-07-20T00:47:01.301973+00:00,72,South Holland,IL,USA,2025
3,Juliana Henao,S,JR,Arizona Western College,,Alcorn State University,DI,SWAC,Southwestern Athletic Conf.,https://alcornsports.com/sports/womens-volleyball/roster/2025,2026-07-20T00:47:03.599420+00:00,74,Cali,,Colombia,2025
5,Kasey Watkins,OH,SO,Cedar Hill HS,,Alcorn State University,DI,SWAC,Southwestern Athletic Conf.,https://alcornsports.com/sports/womens-volleyball/roster/2025,2026-07-20T00:47:03.599420+00:00,68,Cedar Hill,TX,USA,2025
6,Cristin Webb,MB,FR,DeSoto HS,,Alcorn State University,DI,SWAC,Southwestern Athletic Conf.,https://alcornsports.com/sports/womens-volleyball/roster/2025,2026-07-20T00:47:03.599420+00:00,70,DeSoto,TX,USA,2025
8,Kyla Davis,MB,GR,Gardner- Webb University,,Alcorn State University,DI,SWAC,Southwestern Athletic Conf.,https://alcornsports.com/sports/womens-volleyball/roster/2025,2026-07-20T00:47:03.599420+00:00,72,Memphis,TN,USA,2025
10,Tomoni Giddings,L/DS,FR,Cedar Hill HS,,Alcorn State University,DI,SWAC,Southwestern Athletic Conf.,https://alcornsports.com/sports/womens-volleyball/roster/2025,2026-07-20T00:47:03.599420+00:00,64,Dallas,TX,USA,2025
11,Brayla Doss,L/DS,FR,Memphis Academy of Science and Engineering (MASE),,Alcorn State University,DI,SWAC,Southwestern Athletic Conf.,https://alcornsports.com/sports/womens-volleyball/roster/2025,2026-07-20T00:47:03.599420+00:00,61,Memphis,TN,USA,2025
13,Michaela Branner,OH,SO,Skyline HS,,Alcorn State University,DI,SWAC,Southwestern Athletic Conf.,https://alcornsports.com/sports/womens-volleyball/roster/2025,2026-07-20T00:47:03.599420+00:00,73,Oakland,CA,USA,2025
2,Maya Winterhoff,MB,SR,Albermarle,,Appalachian State University,DI,SBC,Sun Belt Conference,https://appstatesports.com/sports/womens-volleyball/roster/2025,2026-07-20T00:47:08.270717+00:00,74,Charlottesville,VA,USA,2025
3,Julianna Horta,S,R-FR,Corinth Holders,,Appalachian State University,DI,SBC,Sun Belt Conference,https://appstatesports.com/sports/womens-volleyball/roster/2025,2026-07-20T00:47:08.270717+00:00,70,Clayton,NC,USA,2025
4,Addison Heidemann,S,R-SR,Diller-Odell,,Appalachian State University,DI,SBC,Sun Belt Conference,https://appstatesports.com/sports/womens-volleyball/roster/2025,2026-07-20T00:47:08.270717+00:00,70,Diller,NE,USA,2025
10,Bella Hutchens,OH,SO,East Surry,,Appalachian State University,DI,SBC,Sun Belt Conference,https://appstatesports.com/sports/womens-volleyball/roster/2025,2026-07-20T00:47:08.270717+00:00,71,Pilot Mountain,NC,USA,2025
12,Akila Hardie,MB,JR,Southwest Guilford,,Appalachian State University,DI,SBC,Sun Belt Conference,https://appstatesports.com/sports/womens-volleyball/roster/2025,2026-07-20T00:47:08.270717+00:00,72,High Point,NC,USA,2025
14,Maria Contreras,S,JR,Preparatoria Del Valle,,Appalachian State University,DI,SBC,Sun Belt Conference,https://appstatesports.com/sports/womens-volleyball/roster/2025,2026-07-20T00:47:08.270717+00:00,75,Tepic,,Mexico,2025
20,Maddie Smith,OH,R-FR,University Christian,,Appalachian State University,DI,SBC,Sun Belt Conference,https://appstatesports.com/sports/womens-volleyball/roster/2025,2026-07-20T00:47:08.270717+00:00,72,Hickory,NC,USA,2025
23,Delanie Grevengoed,OPP,R-SO,Chicago Christian,,Appalachian State University,DI,SBC,Sun Belt Conference,https://appstatesports.com/sports/womens-volleyball/roster/2025,2026-07-20T00:47:08.270717+00:00,74,South Holland,IL,USA,2025
33,Ali Morris,OH,SR,Grace Christian Academy,,Appalachian State University,DI,SBC,Sun Belt Conference,https://appstatesports.com/sports/womens-volleyball/roster/2025,2026-07-20T00:47:08.270717+00:00,71,Knoxville,TN,USA,2025
98,Lou Johnson,MB,SO,Trinity Catholic,,Appalachian State University,DI,SBC,Sun Belt Conference,https://appstatesports.com/sports/womens-volleyball/roster/2025,2026-07-20T00:47:08.270717+00:00,70,Ocala,FL,USA,2025
2,Reese Axness,S,FR,,,Ball State University,DI,Mid American,Mid-American Conference,https://ballstatesports.com/sports/womens-volleyball/roster/2025,2026-07-20T00:47:34.750107+00:00,,Brooklyn Park,MN,USA,2025
3,Elizabeth Tabeling,L/DS,SO,,,Ball State University,DI,Mid American,Mid-American Conference,https://ballstatesports.com/sports/womens-volleyball/roster/2025,2026-07-20T00:47:34.750107+00:00,,Edgewood,KY,USA,2025
4,Kendall Eden,L/DS,FR,,,Ball State University,DI,Mid American,Mid-American Conference,https://ballstatesports.com/sports/womens-volleyball/roster/2025,2026-07-20T00:47:34.750107+00:00,,Morgantown,IN,USA,2025
5,Christyn Ashby,OPP,GR,,,Ball State University,DI,Mid American,Mid-American Conference,https://ballstatesports.com/sports/womens-volleyball/roster/2025,2026-07-20T00:47:34.750107+00:00,,Atlanta,GA,USA,2025
9,Katie Egenolf,OH,SR,,,Ball State University,DI,Mid American,Mid-American Conference,https://ballstatesports.com/sports/womens-volleyball/roster/2025,2026-07-20T00:47:34.750107+00:00,,Greenwood,IN,USA,2025
10,Noelle VanOort,OH,GR,,,Ball State University,DI,Mid American,Mid-American Conference,https://ballstatesports.com/sports/womens-volleyball/roster/2025,2026-07-20T00:47:34.750107+00:00,,Mantorville,MN,USA,2025
11,Tiffany Snook,MB,SO,,,Ball State University,DI,Mid American,Mid-American Conference,https://ballstatesports.com/sports/womens-volleyball/roster/2025,2026-07-20T00:47:34.750107+00:00,,Fishers,IN,USA,2025
12,Sophie Ledbetter,L/DS,SO,,,Ball State University,DI,Mid American,Mid-American Conference,https://ballstatesports.com/sports/womens-volleyball/roster/2025,2026-07-20T00:47:34.750107+00:00,,Fishers,IN,USA,2025
13,Gwen Crull,MB,JR,,,Ball State University,DI,Mid American,Mid-American Conference,https://ballstatesports.com/sports/womens-volleyball/roster/2025,2026-07-20T00:47:34.750107+00:00,,Madison,WI,USA,2025
14,Aniya Kennedy,OH,R-JR,,,Ball State University,DI,Mid American,Mid-American Conference,https://ballstatesports.com/sports/womens-volleyball/roster/2025,2026-07-20T00:47:34.750107+00:00,,La Porte,IN,USA,2025
16,Alana Bailey,MB,FR,,,Ball State University,DI,Mid American,Mid-American Conference,https://ballstatesports.com/sports/womens-volleyball/roster/2025,2026-07-20T00:47:34.750107+00:00,,Grand Rapids,MI,USA,2025
17,Camryn Wise,MB,JR,,,Ball State University,DI,Mid American,Mid-American Conference,https://ballstatesports.com/sports/womens-volleyball/roster/2025,2026-07-20T00:47:34.750107+00:00,,Parker City,IN,USA,2025
18,Riley Whitlock,OH,R-FR,,,Ball State University,DI,Mid American,Mid-American Conference,https://ballstatesports.com/sports/womens-volleyball/roster/2025,2026-07-20T00:47:34.750107+00:00,,Lafayette,IN,USA,2025
20,Carson Tyler,OH,SO,,,Ball State University,DI,Mid American,Mid-American Conference,https://ballstatesports.com/sports/womens-volleyball/roster/2025,2026-07-20T00:47:34.750107+00:00,,Pavilion,NY,USA,2025
21,Madison Buckley,OPP,SR,,,Ball State University,DI,Mid American,Mid-American Conference,https://ballstatesports.com/sports/womens-volleyball/roster/2025,2026-07-20T00:47:34.750107+00:00,,Montgomery,IL,USA,2025
4,Kylynn White,S,SO,Jones College Prep,,Bethune-Cookman University,DI,SWAC,Southwestern Athletic Conf.,https://bcuathletics.com/sports/womens-volleyball/roster/2025,2026-07-20T00:47:44.703763+00:00,67,Chicago,IL,USA,2025
12,Sienna Lawrence,MB,SO,Palmetto HS,,Bethune-Cookman University,DI,SWAC,Southwestern Athletic Conf.,https://bcuathletics.com/sports/womens-volleyball/roster/2025,2026-07-20T00:47:44.703763+00:00,69,Miami,FL,USA,2025
14,Gianna Mora,S,JR,Lake Nona HS,,Bethune-Cookman University,DI,SWAC,Southwestern Athletic Conf.,https://bcuathletics.com/sports/womens-volleyball/roster/2025,2026-07-20T00:47:44.703763+00:00,68,Orlando,FL,USA,2025
19,Nola Hemphill,S,SO,Jackson HS,,Bethune-Cookman University,DI,SWAC,Southwestern Athletic Conf.,https://bcuathletics.com/sports/womens-volleyball/roster/2025,2026-07-20T00:47:44.703763+00:00,70,Atlanta,GA,USA,2025
1,Eve Roman,L/DS,FR,Immaculate Heart Academy,,Binghamton University,DI,America East,America East Conference,https://binghamtonbearcats.com/sports/womens-volleyball/roster/2025,2026-07-20T00:47:46.787031+00:00,66,Wayne,NJ,USA,2025
3,Alexandra Koleva,S,GR,Saints Cyril and Methodius,Florida A&M,Binghamton University,DI,America East,America East Conference,https://binghamtonbearcats.com/sports/womens-volleyball/roster/2025,2026-07-20T00:47:46.787031+00:00,69,Sofia,,Bulgaria,2025
4,Regan Kadel,S,SO,Legend,,Binghamton University,DI,America East,America East Conference,https://binghamtonbearcats.com/sports/womens-volleyball/roster/2025,2026-07-20T00:47:46.787031+00:00,70,Parker,CO,USA,2025
6,Matilda Tjernqvist,MB,FR,Ållebergsgymnasiet,,Binghamton University,DI,America East,America East Conference,https://binghamtonbearcats.com/sports/womens-volleyball/roster/2025,2026-07-20T00:47:46.787031+00:00,73,Habo,,Sweden,2025
7,Eleanor Dorritie,OPP,SO,Penfield,,Binghamton University,DI,America East,America East Conference,https://binghamtonbearcats.com/sports/womens-volleyball/roster/2025,2026-07-20T00:47:46.787031+00:00,71,Rochester,NY,USA,2025
8,Maya Coblentz-Brown,OPP,FR,TVT Community Day,,Binghamton University,DI,America East,America East Conference,https://binghamtonbearcats.com/sports/womens-volleyball/roster/2025,2026-07-20T00:47:46.787031+00:00,72,Irvine,CA,USA,2025
9,Maia Marin,S,FR,Mercy Academy,,Binghamton University,DI,America East,America East Conference,https://binghamtonbearcats.com/sports/womens-volleyball/roster/2025,2026-07-20T00:47:46.787031+00:00,71,Louisville,KY,USA,2025
10,Emily Cronkhite,L/DS,SR,Metamora,Illinois Central,Binghamton University,DI,America East,America East Conference,https://binghamtonbearcats.com/sports/womens-volleyball/roster/2025,2026-07-20T00:47:46.787031+00:00,68,Metamora,IL,USA,2025
11,Hannah Olmstead,MB,FR,Victor,,Binghamton University,DI,America East,America East Conference,https://binghamtonbearcats.com/sports/womens-volleyball/roster/2025,2026-07-20T00:47:46.787031+00:00,73,Victor,NY,USA,2025
12,Viktoria Dimitrova,OPP,SO,Apostolov English Language,,Binghamton University,DI,America East,America East Conference,https://binghamtonbearcats.com/sports/womens-volleyball/roster/2025,2026-07-20T00:47:46.787031+00:00,72,Sofia,,Bulgaria,2025
14,Sophia Holland,MB,SO,Lakeville South,,Binghamton University,DI,America East,America East Conference,https://binghamtonbearcats.com/sports/womens-volleyball/roster/2025,2026-07-20T00:47:46.787031+00:00,72,Lakeville,MN,USA,2025
16,Jalia Dublin,OH,FR,The Lawrenceville School,,Binghamton University,DI,America East,America East Conference,https://binghamtonbearcats.com/sports/womens-volleyball/roster/2025,2026-07-20T00:47:46.787031+00:00,69,Westampton,NJ,USA,2025
17,Merima Smajlovic,OH,SR,Okyanus College,Seattle,Binghamton University,DI,America East,America East Conference,https://binghamtonbearcats.com/sports/womens-volleyball/roster/2025,2026-07-20T00:47:46.787031+00:00,71,Istanbul,,Turkey,2025
18,Haiden Fuhrmann,OH,SO,Union Catholic Regional,,Binghamton University,DI,America East,America East Conference,https://binghamtonbearcats.com/sports/womens-volleyball/roster/2025,2026-07-20T00:47:46.787031+00:00,70,Berkeley Heights,NJ,USA,2025
19,Selestine Liu Asomua,OH,FR,W.C. Miller Collegiate,,Binghamton University,DI,America East,America East Conference,https://binghamtonbearcats.com/sports/womens-volleyball/roster/2025,2026-07-20T00:47:46.787031+00:00,73,Altona,,Manitoba,2025
20,Celeste Ocampo,L/DS,FR,Leadership Prep,,Binghamton University,DI,America East,America East Conference,https://binghamtonbearcats.com/sports/womens-volleyball/roster/2025,2026-07-20T00:47:46.787031+00:00,60,Little Elm,TX,USA,2025
22,Briana Binagi,OH,SO,Kettle Moraine,,Binghamton University,DI,America East,America East Conference,https://binghamtonbearcats.com/sports/womens-volleyball/roster/2025,2026-07-20T00:47:46.787031+00:00,70,Pewaukee,WI,USA,2025
23,Francesca Pierdonati,MB,FR,Liceo Avogadro Roma,,Binghamton University,DI,America East,America East Conference,https://binghamtonbearcats.com/sports/womens-volleyball/roster/2025,2026-07-20T00:47:46.787031+00:00,72,Rome,,Italy,2025
1,Corrie Brown,S,JR,Springfield High School,,Bradley University,DI,MVC,Missouri Valley Conference,https://bradleybraves.com/sports/womens-volleyball/roster/2025,2026-07-20T00:48:04.980164+00:00,71,Maumee,OH,USA,2025
2,Gracie Furlong,OH,FR,Galena High School,,Bradley University,DI,MVC,Missouri Valley Conference,https://bradleybraves.com/sports/womens-volleyball/roster/2025,2026-07-20T00:48:04.980164+00:00,69,Galena,IL,USA,2025
3,Lauren Dale,OH,SO,Odessa College,,Bradley University,DI,MVC,Missouri Valley Conference,https://bradleybraves.com/sports/womens-volleyball/roster/2025,2026-07-20T00:48:04.980164+00:00,69,Houston,TX,USA,2025
4,Mairen Mannon,MB,JR,Heartland Community College,,Bradley University,DI,MVC,Missouri Valley Conference,https://bradleybraves.com/sports/womens-volleyball/roster/2025,2026-07-20T00:48:04.980164+00:00,74,Chillicothe,IL,USA,2025
5,Chloe Parker,MB,FR,Bay Port High School,,Bradley University,DI,MVC,Missouri Valley Conference,https://bradleybraves.com/sports/womens-volleyball/roster/2025,2026-07-20T00:48:04.980164+00:00,74,Green Bay,WI,USA,2025
6,Megan DePoorter,L/DS,JR,Southern Illinois-Edwardsville,,Bradley University,DI,MVC,Missouri Valley Conference,https://bradleybraves.com/sports/womens-volleyball/roster/2025,2026-07-20T00:48:04.980164+00:00,65,Coal Valley,IL,USA,2025
7,Vitoria Oliveira,MB,SR,New Mexico Military Institute,,Bradley University,DI,MVC,Missouri Valley Conference,https://bradleybraves.com/sports/womens-volleyball/roster/2025,2026-07-20T00:48:04.980164+00:00,74,Sao Paulo,,Brazil,2025
8,Irene Mostardini,L/DS,SR,Polk State College,,Bradley University,DI,MVC,Missouri Valley Conference,https://bradleybraves.com/sports/womens-volleyball/roster/2025,2026-07-20T00:48:04.980164+00:00,65,Monsummano Terme,,Italy,2025
9,Ava Patchett,L/DS,FR,Fox Valley Lutheran High School,,Bradley University,DI,MVC,Missouri Valley Conference,https://bradleybraves.com/sports/womens-volleyball/roster/2025,2026-07-20T00:48:04.980164+00:00,66,Appleton,WI,USA,2025
10,Tendai Titley,OH,R-FR,Obra D. Tompkins High School,,Bradley University,DI,MVC,Missouri Valley Conference,https://bradleybraves.com/sports/womens-volleyball/roster/2025,2026-07-20T00:48:04.980164+00:00,70,Houston,TX,USA,2025
11,Emily McShan,L/DS,FR,Heritage High School,,Bradley University,DI,MVC,Missouri Valley Conference,https://bradleybraves.com/sports/womens-volleyball/roster/2025,2026-07-20T00:48:04.980164+00:00,64,Frisco,TX,USA,2025
12,Maria Drapp,S,SO,Mercy McAuley High School,,Bradley University,DI,MVC,Missouri Valley Conference,https://bradleybraves.com/sports/womens-volleyball/roster/2025,2026-07-20T00:48:04.980164+00:00,70,Cincinnati,OH,USA,2025
13,Adeline Goedheer,MB,FR,Catholic Memorial High School,,Bradley University,DI,MVC,Missouri Valley Conference,https://bradleybraves.com/sports/womens-volleyball/roster/2025,2026-07-20T00:48:04.980164+00:00,74,Waukesha,WI,USA,2025
14,Anna Kiss,OH,SR,Cowley College,,Bradley University,DI,MVC,Missouri Valley Conference,https://bradleybraves.com/sports/womens-volleyball/roster/2025,2026-07-20T00:48:04.980164+00:00,71,Szekesfehervar,,Hungary,2025
20,Angelina Sayles,OH,JR,The Citadel,,Bradley University,DI,MVC,Missouri Valley Conference,https://bradleybraves.com/sports/womens-volleyball/roster/2025,2026-07-20T00:48:04.980164+00:00,70,Henderson,NV,USA,2025
25,Dakota Elliott,MB,SO,Perry Meridian High School,,Bradley University,DI,MVC,Missouri Valley Conference,https://bradleybraves.com/sports/womens-volleyball/roster/2025,2026-07-20T00:48:04.980164+00:00,70,Indianapolis,IN,USA,2025
27,Myia McCoy,OH,SO,Greenwood High School,,Bradley University,DI,MVC,Missouri Valley Conference,https://bradleybraves.com/sports/womens-volleyball/roster/2025,2026-07-20T00:48:04.980164+00:00,71,Greenwood,AR,USA,2025
3,Madison Koeller,S,JR,Millbrook,,Bryant University,DI,America East,America East Conference,https://bryantbulldogs.com/sports/womens-volleyball/roster/2025,2026-07-20T00:48:21.165751+00:00,72,Winchester,VA,USA,2025
4,London Hunt,MB,SR,John H. Guyer,,Bryant University,DI,America East,America East Conference,https://bryantbulldogs.com/sports/womens-volleyball/roster/2025,2026-07-20T00:48:21.165751+00:00,70,Denton,TX,USA,2025
5,Madison Keem,S,FR,St. Mary’s,,Bryant University,DI,America East,America East Conference,https://bryantbulldogs.com/sports/womens-volleyball/roster/2025,2026-07-20T00:48:21.165751+00:00,70,Lancaster,NY,USA,2025
6,Claudia Camacho-Castro,L/DS,SO,Saint John's School,,Bryant University,DI,America East,America East Conference,https://bryantbulldogs.com/sports/womens-volleyball/roster/2025,2026-07-20T00:48:21.165751+00:00,63,Dorado,,Puerto Rico,2025
7,Brookelyn Talmadge,MB,JR,Immaculate Heart Academy,,Bryant University,DI,America East,America East Conference,https://bryantbulldogs.com/sports/womens-volleyball/roster/2025,2026-07-20T00:48:21.165751+00:00,72,Clifton,NJ,USA,2025
8,Katelyn Rossini,OH,SO,Grant Community,,Bryant University,DI,America East,America East Conference,https://bryantbulldogs.com/sports/womens-volleyball/roster/2025,2026-07-20T00:48:21.165751+00:00,70,Lake Villa,IL,USA,2025
9,Ruth Ochelli,OH,FR,Fort Bend Christian Academy,,Bryant University,DI,America East,America East Conference,https://bryantbulldogs.com/sports/womens-volleyball/roster/2025,2026-07-20T00:48:21.165751+00:00,72,Sugar Land,TX,USA,2025
10,Nadine Abdat,MB,JR,North Andover,,Bryant University,DI,America East,America East Conference,https://bryantbulldogs.com/sports/womens-volleyball/roster/2025,2026-07-20T00:48:21.165751+00:00,74,North Andover,MA,USA,2025
11,Nina Gavin,OPP,JR,AMSA / Worcester Academy,,Bryant University,DI,America East,America East Conference,https://bryantbulldogs.com/sports/womens-volleyball/roster/2025,2026-07-20T00:48:21.165751+00:00,73,Clinton,MA,USA,2025
13,Hannah Jackson,OH,FR,Minnetonka,,Bryant University,DI,America East,America East Conference,https://bryantbulldogs.com/sports/womens-volleyball/roster/2025,2026-07-20T00:48:21.165751+00:00,73,Chanhassen,MN,USA,2025
14,Ana Fuertes-Brito,OPP,SR,Academia Maria Reina,,Bryant University,DI,America East,America East Conference,https://bryantbulldogs.com/sports/womens-volleyball/roster/2025,2026-07-20T00:48:21.165751+00:00,71,Guaynabo,,Puerto Rico,2025
15,Arianna Ugolini,OH,SR,Liceo Malpighi,,Bryant University,DI,America East,America East Conference,https://bryantbulldogs.com/sports/womens-volleyball/roster/2025,2026-07-20T00:48:21.165751+00:00,72,Bologna,,Italy,2025
16,Melis Isik,S,SR,Ugur College,,Bryant University,DI,America East,America East Conference,https://bryantbulldogs.com/sports/womens-volleyball/roster/2025,2026-07-20T00:48:21.165751+00:00,73,Karisyaka,Izmir,Turkey,2025
17,Lea Mackey,OH,SR,Morris Knolls,,Bryant University,DI,America East,America East Conference,https://bryantbulldogs.com/sports/womens-volleyball/roster/2025,2026-07-20T00:48:21.165751+00:00,74,Rockaway,NJ,USA,2025
18,Kaitlin Curran,OH,FR,Commack,,Bryant University,DI,America East,America East Conference,https://bryantbulldogs.com/sports/womens-volleyball/roster/2025,2026-07-20T00:48:21.165751+00:00,73,Commack,NY,USA,2025
19,Maeve Voltz,MB,SR,Bay Shore,,Bryant University,DI,America East,America East Conference,https://bryantbulldogs.com/sports/womens-volleyball/roster/2025,2026-07-20T00:48:21.165751+00:00,73,Bay Shore,NY,USA,2025
20,Natalie Ricevuto,OH,SO,Pope John Paul II,,Bryant University,DI,America East,America East Conference,https://bryantbulldogs.com/sports/womens-volleyball/roster/2025,2026-07-20T00:48:21.165751+00:00,73,Collegeville,PA,USA,2025
1,Maddie Brown,S,R-SO,,Redlands High School,California Baptist University,DI,WAC,Western Athletic Conference,https://cbulancers.com/sports/womens-volleyball/roster/2025,2026-07-20T00:48:29.177291+00:00,68,Beaumont,CA,USA,2025
3,Lucy Ryan,OPP,JR,,Feather River College,California Baptist University,DI,WAC,Western Athletic Conference,https://cbulancers.com/sports/womens-volleyball/roster/2025,2026-07-20T00:48:29.177291+00:00,73,Reno,NV,USA,2025
4,Toree Tiffee,OH,JR,,Southside HS,California Baptist University,DI,WAC,Western Athletic Conference,https://cbulancers.com/sports/womens-volleyball/roster/2025,2026-07-20T00:48:29.177291+00:00,71,Fort Smith,AR,USA,2025
5,Bella Breuer,MB,FR,,Camdenton High School,California Baptist University,DI,WAC,Western Athletic Conference,https://cbulancers.com/sports/womens-volleyball/roster/2025,2026-07-20T00:48:29.177291+00:00,74,Camdenton,MO,USA,2025
7,Avery Barber,S,SO,,Exeter Union HS,California Baptist University,DI,WAC,Western Athletic Conference,https://cbulancers.com/sports/womens-volleyball/roster/2025,2026-07-20T00:48:29.177291+00:00,69,Exeter,CA,USA,2025
8,Eliana Posada,OPP,GR,,Pittsburgh,California Baptist University,DI,WAC,Western Athletic Conference,https://cbulancers.com/sports/womens-volleyball/roster/2025,2026-07-20T00:48:29.177291+00:00,74,Houston,TX,USA,2025
9,Mia Rossman,L/DS,SO,,Feather River College,California Baptist University,DI,WAC,Western Athletic Conference,https://cbulancers.com/sports/womens-volleyball/roster/2025,2026-07-20T00:48:29.177291+00:00,65,Redding,CA,USA,2025
11,Gianna Perez,L/DS,SO,,Glendora HS,California Baptist University,DI,WAC,Western Athletic Conference,https://cbulancers.com/sports/womens-volleyball/roster/2025,2026-07-20T00:48:29.177291+00:00,68,Glendora,CA,USA,2025
12,Filippa Botcher,MB,FR,,INS Joaquim Blume High School,California Baptist University,DI,WAC,Western Athletic Conference,https://cbulancers.com/sports/womens-volleyball/roster/2025,2026-07-20T00:48:29.177291+00:00,72,Barcelona,,Spain,2025
13,Reese Reed,S,SR,,Archbishop Mitty HS,California Baptist University,DI,WAC,Western Athletic Conference,https://cbulancers.com/sports/womens-volleyball/roster/2025,2026-07-20T00:48:29.177291+00:00,69,San Jose,CA,USA,2025
15,Olivia Melton,OH,SR,,Memphis,California Baptist University,DI,WAC,Western Athletic Conference,https://cbulancers.com/sports/womens-volleyball/roster/2025,2026-07-20T00:48:29.177291+00:00,70,Fort Smith,AR,USA,2025
17,Athena Cox,MB,FR,,Academy of Our Lady of Peace,California Baptist University,DI,WAC,Western Athletic Conference,https://cbulancers.com/sports/womens-volleyball/roster/2025,2026-07-20T00:48:29.177291+00:00,75,San Diego,CA,USA,2025
18,Eleftheria Baxa,OH,JR,,Memphis,California Baptist University,DI,WAC,Western Athletic Conference,https://cbulancers.com/sports/womens-volleyball/roster/2025,2026-07-20T00:48:29.177291+00:00,75,Peristeri,,Greece,2025
19,Emery DeJong,OH,SO,,Sedro-Woolley High School,California Baptist University,DI,WAC,Western Athletic Conference,https://cbulancers.com/sports/womens-volleyball/roster/2025,2026-07-20T00:48:29.177291+00:00,72,Mount Vernon,WA,USA,2025
20,Simge Yuksel,L/DS,FR,,Uger Anadolu Lisesi,California Baptist University,DI,WAC,Western Athletic Conference,https://cbulancers.com/sports/womens-volleyball/roster/2025,2026-07-20T00:48:29.177291+00:00,68,Istanbul,,Turkey,2025
21,Jordyn Waite-Ward,MB,SO,,Sonoma State,California Baptist University,DI,WAC,Western Athletic Conference,https://cbulancers.com/sports/womens-volleyball/roster/2025,2026-07-20T00:48:29.177291+00:00,74,Aptos,CA,USA,2025
2,Olivia Miller,L/DS,JR,Kentucky Country Day,,Campbell University,DI,CAA,Coastal Athletic Association,https://gocamels.com/sports/womens-volleyball/roster/2025,2026-07-20T00:48:47.477330+00:00,67,Louisville,KY,USA,2025
3,Maddie Lambers,MB,SO,Seton,,Campbell University,DI,CAA,Coastal Athletic Association,https://gocamels.com/sports/womens-volleyball/roster/2025,2026-07-20T00:48:47.477330+00:00,75,Cincinnati,OH,USA,2025
4,Maddie Converse,S,SR,Kasson Mantorville,,Campbell University,DI,CAA,Coastal Athletic Association,https://gocamels.com/sports/womens-volleyball/roster/2025,2026-07-20T00:48:47.477330+00:00,69,Mantorville,MN,USA,2025
5,Leah Freesemann,OH,FR,Central,,Campbell University,DI,CAA,Coastal Athletic Association,https://gocamels.com/sports/womens-volleyball/roster/2025,2026-07-20T00:48:47.477330+00:00,74,Elgin,IL,USA,2025
6,Victoria Tupy,OH,SO,Landstown,,Campbell University,DI,CAA,Coastal Athletic Association,https://gocamels.com/sports/womens-volleyball/roster/2025,2026-07-20T00:48:47.477330+00:00,73,Virginia Beach,VA,USA,2025
9,Hannah Pattie,S,SO,Lake Catholic,,Campbell University,DI,CAA,Coastal Athletic Association,https://gocamels.com/sports/womens-volleyball/roster/2025,2026-07-20T00:48:47.477330+00:00,67,Cleveland,OH,USA,2025
10,Sadie Johnston,L/DS,FR,Cleveland,,Campbell University,DI,CAA,Coastal Athletic Association,https://gocamels.com/sports/womens-volleyball/roster/2025,2026-07-20T00:48:47.477330+00:00,64,Clayton,NC,USA,2025
12,Abbie Tuyo,OH,SR,Lorena,,Campbell University,DI,CAA,Coastal Athletic Association,https://gocamels.com/sports/womens-volleyball/roster/2025,2026-07-20T00:48:47.477330+00:00,70,Waco,TX,USA,2025
13,Bella Illig,L/DS,GR,Bishop Ready,,Campbell University,DI,CAA,Coastal Athletic Association,https://gocamels.com/sports/womens-volleyball/roster/2025,2026-07-20T00:48:47.477330+00:00,67,Delaware,OH,USA,2025
14,Maja Daca,OH,FR,Marii Konopnickiej,,Campbell University,DI,CAA,Coastal Athletic Association,https://gocamels.com/sports/womens-volleyball/roster/2025,2026-07-20T00:48:47.477330+00:00,68,Warsaw,,Poland,2025
15,Hailey Heytvelt,MB,SO,LaSalle Catholic College Prep,,Campbell University,DI,CAA,Coastal Athletic Association,https://gocamels.com/sports/womens-volleyball/roster/2025,2026-07-20T00:48:47.477330+00:00,74,Vancouver,WA,USA,2025
16,Meredith Reisman,MB,JR,Saint Ursula Academy,,Campbell University,DI,CAA,Coastal Athletic Association,https://gocamels.com/sports/womens-volleyball/roster/2025,2026-07-20T00:48:47.477330+00:00,73,Cincinnati,OH,USA,2025
17,Ashley Artura,S,JR,Alta Loma,,Campbell University,DI,CAA,Coastal Athletic Association,https://gocamels.com/sports/womens-volleyball/roster/2025,2026-07-20T00:48:47.477330+00:00,73,Upland,CA,USA,2025
18,Gwen Wolkow,OH,SR,Downers Grove North,,Campbell University,DI,CAA,Coastal Athletic Association,https://gocamels.com/sports/womens-volleyball/roster/2025,2026-07-20T00:48:47.477330+00:00,72,Downers Grove,IL,USA,2025
22,Aley Clent,MB,SR,Coppell,,Campbell University,DI,CAA,Coastal Athletic Association,https://gocamels.com/sports/womens-volleyball/roster/2025,2026-07-20T00:48:47.477330+00:00,77,Coppell,TX,USA,2025
2,Perry Stevenson,OH,SO,Severna Park,,Canisius University,DI,MAAC,Metro Atlantic Athletic Conference,https://gogriffs.com/sports/womens-volleyball/roster/2025,2026-07-20T00:48:50.067162+00:00,73,Millersville,MD,USA,2025
4,Anna Rich,S,FR,Troy,,Canisius University,DI,MAAC,Metro Atlantic Athletic Conference,https://gogriffs.com/sports/womens-volleyball/roster/2025,2026-07-20T00:48:50.067162+00:00,70,Waterford,MI,USA,2025
6,Ella Bourque,S,SR,Yorkville,,Canisius University,DI,MAAC,Metro Atlantic Athletic Conference,https://gogriffs.com/sports/womens-volleyball/roster/2025,2026-07-20T00:48:50.067162+00:00,71,Yorkville,IL,USA,2025
7,Julia Lenik,OH,R-SO,Marii Konopnickiej,,Canisius University,DI,MAAC,Metro Atlantic Athletic Conference,https://gogriffs.com/sports/womens-volleyball/roster/2025,2026-07-20T00:48:50.067162+00:00,73,Rzeszow,,Poland,2025
11,Brenda Reynaga,L/DS,JR,Metea Valley,,Canisius University,DI,MAAC,Metro Atlantic Athletic Conference,https://gogriffs.com/sports/womens-volleyball/roster/2025,2026-07-20T00:48:50.067162+00:00,63,Aurora,IL,USA,2025
12,Hannah Kos,OPP,JR,Greendale,,Canisius University,DI,MAAC,Metro Atlantic Athletic Conference,https://gogriffs.com/sports/womens-volleyball/roster/2025,2026-07-20T00:48:50.067162+00:00,72,Greendale,WI,USA,2025
14,Bella Mosquera,MB,SR,St. Charles East,,Canisius University,DI,MAAC,Metro Atlantic Athletic Conference,https://gogriffs.com/sports/womens-volleyball/roster/2025,2026-07-20T00:48:50.067162+00:00,74,West Chicago,IL,USA,2025
15,Kalia Reisma,MB,SR,Fort Myers,,Canisius University,DI,MAAC,Metro Atlantic Athletic Conference,https://gogriffs.com/sports/womens-volleyball/roster/2025,2026-07-20T00:48:50.067162+00:00,72,Fort Myers,FL,USA,2025
16,Emma Isroff,OPP,SO,Lake,,Canisius University,DI,MAAC,Metro Atlantic Athletic Conference,https://gogriffs.com/sports/womens-volleyball/roster/2025,2026-07-20T00:48:50.067162+00:00,72,Hartville,OH,USA,2025
17,Azoria Davis,OH,JR,Clear Springs,,Canisius University,DI,MAAC,Metro Atlantic Athletic Conference,https://gogriffs.com/sports/womens-volleyball/roster/2025,2026-07-20T00:48:50.067162+00:00,69,League City,TX,USA,2025
18,Alli Farmer,OH,FR,Lancaster,,Canisius University,DI,MAAC,Metro Atlantic Athletic Conference,https://gogriffs.com/sports/womens-volleyball/roster/2025,2026-07-20T00:48:50.067162+00:00,73,Lancaster,NY,USA,2025
20,McKenna Corcoran,MB,FR,Lancaster,,Canisius University,DI,MAAC,Metro Atlantic Athletic Conference,https://gogriffs.com/sports/womens-volleyball/roster/2025,2026-07-20T00:48:50.067162+00:00,72,Lancaster,NY,USA,2025
3,Skylar Yates,OH,SR,Hedgesville HS,,Charleston Southern University,DI,Big South,Big South Conference,https://www.csusports.com/sports/womens-volleyball/roster/2025,2026-07-20T00:48:58.412733+00:00,67,Hedgesville,WV,USA,2025
5,Tristin Sutton,S,SO,East Hamilton HS,,Charleston Southern University,DI,Big South,Big South Conference,https://www.csusports.com/sports/womens-volleyball/roster/2025,2026-07-20T00:48:58.412733+00:00,70,Chattanooga,TN,USA,2025
6,Emily Struckmeyer,MB,SR,Lowell Senior HS,,Charleston Southern University,DI,Big South,Big South Conference,https://www.csusports.com/sports/womens-volleyball/roster/2025,2026-07-20T00:48:58.412733+00:00,71,Lowell,MI,USA,2025
7,Sophia Kluska,OH,SR,Sherwood HS,,Charleston Southern University,DI,Big South,Big South Conference,https://www.csusports.com/sports/womens-volleyball/roster/2025,2026-07-20T00:48:58.412733+00:00,71,Olney,MD,USA,2025
9,Ola Matusiak,S,FR,XXI B. Prusa HS,,Charleston Southern University,DI,Big South,Big South Conference,https://www.csusports.com/sports/womens-volleyball/roster/2025,2026-07-20T00:48:58.412733+00:00,74,Lódz,,Poland,2025
10,Emma Bednarek,MB,JR,Dr. René G. Favaloro Secondary School,,Charleston Southern University,DI,Big South,Big South Conference,https://www.csusports.com/sports/womens-volleyball/roster/2025,2026-07-20T00:48:58.412733+00:00,75,Rosario,,Argentina,2025
11,Dillia Lowry,MB,SO,Signal Mountain HS,,Charleston Southern University,DI,Big South,Big South Conference,https://www.csusports.com/sports/womens-volleyball/roster/2025,2026-07-20T00:48:58.412733+00:00,72,Chattanooga,TN,USA,2025
13,Cara McLean,S,FR,Marist HS,,Charleston Southern University,DI,Big South,Big South Conference,https://www.csusports.com/sports/womens-volleyball/roster/2025,2026-07-20T00:48:58.412733+00:00,72,Chicago,IL,USA,2025
14,Faith Burch,OPP,JR,Roncalli HS,,Charleston Southern University,DI,Big South,Big South Conference,https://www.csusports.com/sports/womens-volleyball/roster/2025,2026-07-20T00:48:58.412733+00:00,70,Indianapolis,IN,USA,2025
16,Emmy Rollins,OH,GR,West Florence HS,,Charleston Southern University,DI,Big South,Big South Conference,https://www.csusports.com/sports/womens-volleyball/roster/2025,2026-07-20T00:48:58.412733+00:00,73,Florence,SC,USA,2025
4,Nia Cummings,MB,JR,"San Diego, Calif.",,Chicago State University,DI,NEC,Northeast Conference,https://www.gocsucougars.com/sports/womens-volleyball/roster/2025,2026-07-20T00:49:00.804965+00:00,70,San Diego,CA,USA,2025
7,Vasiliki Dagre,OH,FR,Saint Paul Alimos,,Chicago State University,DI,NEC,Northeast Conference,https://www.gocsucougars.com/sports/womens-volleyball/roster/2025,2026-07-20T00:49:00.804965+00:00,73,Argos,,Greece,2025
10,Eliza Corvig,L/DS,FR,National College Alexandru Papiu Ilarian,,Chicago State University,DI,NEC,Northeast Conference,https://www.gocsucougars.com/sports/womens-volleyball/roster/2025,2026-07-20T00:49:00.804965+00:00,68,Targu Mures,,Romania,2025
11,Nayella George,OH,R-SO,Kamiak High School,,Chicago State University,DI,NEC,Northeast Conference,https://www.gocsucougars.com/sports/womens-volleyball/roster/2025,2026-07-20T00:49:00.804965+00:00,70,Mukilteo,WA,USA,2025
1,Coco Figueroa,L/DS,,Academia Discipulos de Cristo,,Coppin State University,DI,MEAC,Mid-Eastern Athletic Conf.,https://coppinstatesports.com/sports/womens-volleyball/roster/2025,2026-07-20T00:49:33.098872+00:00,65,Bayamon,,Puerto Rico,2025
2,Ahzhi Coleman,MB,,Brennan HS,,Coppin State University,DI,MEAC,Mid-Eastern Athletic Conf.,https://coppinstatesports.com/sports/womens-volleyball/roster/2025,2026-07-20T00:49:33.098872+00:00,71,San Antonio,TX,USA,2025
3,Andrea Serrano,S,,Colegio San Felipe,Hutchinson CC,Coppin State University,DI,MEAC,Mid-Eastern Athletic Conf.,https://coppinstatesports.com/sports/womens-volleyball/roster/2025,2026-07-20T00:49:33.098872+00:00,66,Dorado,,Puerto Rico,2025
4,Ayanna Pharoah,OPP,,Howard HS,,Coppin State University,DI,MEAC,Mid-Eastern Athletic Conf.,https://coppinstatesports.com/sports/womens-volleyball/roster/2025,2026-07-20T00:49:33.098872+00:00,70,Laurel,MD,USA,2025
5,Deviana Walker,OH,,Arundel HS,,Coppin State University,DI,MEAC,Mid-Eastern Athletic Conf.,https://coppinstatesports.com/sports/womens-volleyball/roster/2025,2026-07-20T00:49:33.098872+00:00,71,Odenton,MD,USA,2025
6,Cherisse Atilano,OH,,Colegio Adianez,,Coppin State University,DI,MEAC,Mid-Eastern Athletic Conf.,https://coppinstatesports.com/sports/womens-volleyball/roster/2025,2026-07-20T00:49:33.098872+00:00,70,Guaynabo,,Puerto Rico,2025
7,Ivanna Luna,OPP,,Bayamon Military Academy,,Coppin State University,DI,MEAC,Mid-Eastern Athletic Conf.,https://coppinstatesports.com/sports/womens-volleyball/roster/2025,2026-07-20T00:49:33.098872+00:00,73,Comerio,,Puerto Rico,2025
8,TaKenya Stafford,OH,,Bishop Montgomery HS,Eastern Illinois,Coppin State University,DI,MEAC,Mid-Eastern Athletic Conf.,https://coppinstatesports.com/sports/womens-volleyball/roster/2025,2026-07-20T00:49:33.098872+00:00,71,Los Angeles,CA,USA,2025
9,Aya Rawlins,L/DS,,Paint Branch HS,,Coppin State University,DI,MEAC,Mid-Eastern Athletic Conf.,https://coppinstatesports.com/sports/womens-volleyball/roster/2025,2026-07-20T00:49:33.098872+00:00,68,Silver Spring,MD,USA,2025
10,Beatriz Cornachini,OH,,E.E. Dr. Clybas Pinto Ferraz,Dodge City CC,Coppin State University,DI,MEAC,Mid-Eastern Athletic Conf.,https://coppinstatesports.com/sports/womens-volleyball/roster/2025,2026-07-20T00:49:33.098872+00:00,72,Itapora,,Brazil,2025
11,Andrea Cintron,S,,Saint Francis School,Youngstown State,Coppin State University,DI,MEAC,Mid-Eastern Athletic Conf.,https://coppinstatesports.com/sports/womens-volleyball/roster/2025,2026-07-20T00:49:33.098872+00:00,72,Naguabo,,Puerto Rico,2025
12,Gabriela Zuquelo,OH,,Colegio Evangelico Martin Luther,Monroe College,Coppin State University,DI,MEAC,Mid-Eastern Athletic Conf.,https://coppinstatesports.com/sports/womens-volleyball/roster/2025,2026-07-20T00:49:33.098872+00:00,72,Parana,,Brazil,2025
13,Araya Garrison,MB,,Springfield HS,Iowa Central CC,Coppin State University,DI,MEAC,Mid-Eastern Athletic Conf.,https://coppinstatesports.com/sports/womens-volleyball/roster/2025,2026-07-20T00:49:33.098872+00:00,72,Springfield,IL,USA,2025
15,McKenzie Parks,MB,,Strong Rock Christian School,,Coppin State University,DI,MEAC,Mid-Eastern Athletic Conf.,https://coppinstatesports.com/sports/womens-volleyball/roster/2025,2026-07-20T00:49:33.098872+00:00,72,McDonough,GA,USA,2025
16,Maddie Smith,OH,,Courtland HS,,Coppin State University,DI,MEAC,Mid-Eastern Athletic Conf.,https://coppinstatesports.com/sports/womens-volleyball/roster/2025,2026-07-20T00:49:33.098872+00:00,72,Spotsylvania,VA,USA,2025
17,Kayden Cupid,MB,,West Brunswick HS,N.C. Central,Coppin State University,DI,MEAC,Mid-Eastern Athletic Conf.,https://coppinstatesports.com/sports/womens-volleyball/roster/2025,2026-07-20T00:49:33.098872+00:00,72,Supply,NC,USA,2025
19,Azul Pilahg,S,,Santa Catalina de Siena,Trinity Valley CC,Coppin State University,DI,MEAC,Mid-Eastern Athletic Conf.,https://coppinstatesports.com/sports/womens-volleyball/roster/2025,2026-07-20T00:49:33.098872+00:00,67,Resistencia,,Argentina,2025
22,Payton Swinton,OPP,,Arundel HS,,Coppin State University,DI,MEAC,Mid-Eastern Athletic Conf.,https://coppinstatesports.com/sports/womens-volleyball/roster/2025,2026-07-20T00:49:33.098872+00:00,70,Odenton,MD,USA,2025
1,Grace Brooker,OPP,SR,,,DePaul University,DI,Big East,Big East Conference,https://depaulbluedemons.com/sports/womens-volleyball/roster/2025,2026-07-20T00:49:47.735977+00:00,,Georgetown,KY,USA,2025
2,Abby Cahill,L/DS,SO,,,DePaul University,DI,Big East,Big East Conference,https://depaulbluedemons.com/sports/womens-volleyball/roster/2025,2026-07-20T00:49:47.735977+00:00,,Fremont,OH,USA,2025
3,Arden Billingsley,S,FR,,,DePaul University,DI,Big East,Big East Conference,https://depaulbluedemons.com/sports/womens-volleyball/roster/2025,2026-07-20T00:49:47.735977+00:00,,Fairfield,CA,USA,2025
4,Logan Winn,S,GR,,,DePaul University,DI,Big East,Big East Conference,https://depaulbluedemons.com/sports/womens-volleyball/roster/2025,2026-07-20T00:49:47.735977+00:00,,Mountain View,CA,USA,2025
5,Eva Hurrle,L/DS,FR,,,DePaul University,DI,Big East,Big East Conference,https://depaulbluedemons.com/sports/womens-volleyball/roster/2025,2026-07-20T00:49:47.735977+00:00,,Greenwood,IN,USA,2025
7,Isabela Tavares Salomon,OPP,FR,,,DePaul University,DI,Big East,Big East Conference,https://depaulbluedemons.com/sports/womens-volleyball/roster/2025,2026-07-20T00:49:47.735977+00:00,,Belo Horizonte,,Brazil,2025
8,Ryan Gorski,OH,FR,,,DePaul University,DI,Big East,Big East Conference,https://depaulbluedemons.com/sports/womens-volleyball/roster/2025,2026-07-20T00:49:47.735977+00:00,,Scotch Plains,NJ,USA,2025
9,Luisa Juncu,OH,SO,,,DePaul University,DI,Big East,Big East Conference,https://depaulbluedemons.com/sports/womens-volleyball/roster/2025,2026-07-20T00:49:47.735977+00:00,,Brescia,,Italy,2025
10,Meghan Scholz,MB,JR,,,DePaul University,DI,Big East,Big East Conference,https://depaulbluedemons.com/sports/womens-volleyball/roster/2025,2026-07-20T00:49:47.735977+00:00,,Tomahawk,WI,USA,2025
11,Amanda Saeger,S,SO,,,DePaul University,DI,Big East,Big East Conference,https://depaulbluedemons.com/sports/womens-volleyball/roster/2025,2026-07-20T00:49:47.735977+00:00,,San Diego,CA,USA,2025
12,Nora Mannion,L/DS,JR,,,DePaul University,DI,Big East,Big East Conference,https://depaulbluedemons.com/sports/womens-volleyball/roster/2025,2026-07-20T00:49:47.735977+00:00,,San Francisco,CA,USA,2025
13,Martina Diana,OH,FR,,,DePaul University,DI,Big East,Big East Conference,https://depaulbluedemons.com/sports/womens-volleyball/roster/2025,2026-07-20T00:49:47.735977+00:00,,Crema,,Italy,2025
15,Jade Dudley-Epps,MB,SO,,,DePaul University,DI,Big East,Big East Conference,https://depaulbluedemons.com/sports/womens-volleyball/roster/2025,2026-07-20T00:49:47.735977+00:00,,Norwalk,CA,USA,2025
16,Katelynn Oxley,MB,SR,,,DePaul University,DI,Big East,Big East Conference,https://depaulbluedemons.com/sports/womens-volleyball/roster/2025,2026-07-20T00:49:47.735977+00:00,,Lincoln,NE,USA,2025
17,Yagmur Yavuz,OH,JR,,,DePaul University,DI,Big East,Big East Conference,https://depaulbluedemons.com/sports/womens-volleyball/roster/2025,2026-07-20T00:49:47.735977+00:00,,Ankara,,Turkey,2025
18,Morgan Stewart,OH,FR,,,DePaul University,DI,Big East,Big East Conference,https://depaulbluedemons.com/sports/womens-volleyball/roster/2025,2026-07-20T00:49:47.735977+00:00,,Two Rivers,WI,USA,2025
20,Kendall Timme,OH,FR,,,DePaul University,DI,Big East,Big East Conference,https://depaulbluedemons.com/sports/womens-volleyball/roster/2025,2026-07-20T00:49:47.735977+00:00,,Richardson,TX,USA,2025
1,Gracie Campbell,OH,JR,Klein Oak HS,Nicholls,East Texas A&M University,DI,Southland,Southland Conference,https://lionathletics.com/sports/womens-volleyball/roster/2025,2026-07-20T00:50:05.293571+00:00,70,Spring,TX,USA,2025
2,Haley Mullaney,S,JR,Victory Christian Academy,Texas Woman's,East Texas A&M University,DI,Southland,Southland Conference,https://lionathletics.com/sports/womens-volleyball/roster/2025,2026-07-20T00:50:05.293571+00:00,69,Decatur,TX,USA,2025
3,Jordyn Wacaster,L/DS,FR,Wylie East HS,,East Texas A&M University,DI,Southland,Southland Conference,https://lionathletics.com/sports/womens-volleyball/roster/2025,2026-07-20T00:50:05.293571+00:00,67,Wylie,TX,USA,2025
4,Semaj Cox,L/DS,SO,Elkins HS,,East Texas A&M University,DI,Southland,Southland Conference,https://lionathletics.com/sports/womens-volleyball/roster/2025,2026-07-20T00:50:05.293571+00:00,62,Missouri City,TX,USA,2025
5,MJ Klaumann,OH,GR,Croatan HS,USC Upstate,East Texas A&M University,DI,Southland,Southland Conference,https://lionathletics.com/sports/womens-volleyball/roster/2025,2026-07-20T00:50:05.293571+00:00,75,Emerald Isle,NC,USA,2025
6,Jade Washington,L/DS,FR,Midway HS,,East Texas A&M University,DI,Southland,Southland Conference,https://lionathletics.com/sports/womens-volleyball/roster/2025,2026-07-20T00:50:05.293571+00:00,61,Waco,TX,USA,2025
7,Courtney Green,OH,SR,Copper Hills HS,Oregon Tech,East Texas A&M University,DI,Southland,Southland Conference,https://lionathletics.com/sports/womens-volleyball/roster/2025,2026-07-20T00:50:05.293571+00:00,72,West Jordan,UT,USA,2025
8,Katelyn Pritchard,S,FR,McAllen HS,,East Texas A&M University,DI,Southland,Southland Conference,https://lionathletics.com/sports/womens-volleyball/roster/2025,2026-07-20T00:50:05.293571+00:00,70,McAllen,TX,USA,2025
9,Peyton Roper,OH,SR,Judson HS,Hastings College,East Texas A&M University,DI,Southland,Southland Conference,https://lionathletics.com/sports/womens-volleyball/roster/2025,2026-07-20T00:50:05.293571+00:00,70,Converse,TX,USA,2025
10,Kylie Bray,L/DS,JR,Concordia Lutheran HS,Blinn College,East Texas A&M University,DI,Southland,Southland Conference,https://lionathletics.com/sports/womens-volleyball/roster/2025,2026-07-20T00:50:05.293571+00:00,67,The Woodlands,TX,USA,2025
11,Brooke Box,MB,JR,Klein Collins HS,UTRGV,East Texas A&M University,DI,Southland,Southland Conference,https://lionathletics.com/sports/womens-volleyball/roster/2025,2026-07-20T00:50:05.293571+00:00,74,Spring,TX,USA,2025
12,Giana Brown,MB,FR,Brennan HS,,East Texas A&M University,DI,Southland,Southland Conference,https://lionathletics.com/sports/womens-volleyball/roster/2025,2026-07-20T00:50:05.293571+00:00,73,San Antonio,TX,USA,2025
13,Savannah Jennings,S,JR,Rosehill Christian HS,Lee,East Texas A&M University,DI,Southland,Southland Conference,https://lionathletics.com/sports/womens-volleyball/roster/2025,2026-07-20T00:50:05.293571+00:00,70,Tomball,TX,USA,2025
14,Rendi Fetty,OH,SO,Farmersville HS,East Central,East Texas A&M University,DI,Southland,Southland Conference,https://lionathletics.com/sports/womens-volleyball/roster/2025,2026-07-20T00:50:05.293571+00:00,69,Farmersville,TX,USA,2025
17,Nevaeh Smith,OPP,SO,O'Connor HS,,East Texas A&M University,DI,Southland,Southland Conference,https://lionathletics.com/sports/womens-volleyball/roster/2025,2026-07-20T00:50:05.293571+00:00,73,San Antonio,TX,USA,2025
24,Zoe Ruskofsky,OH,JR,Clovis HS,Coalinga College,East Texas A&M University,DI,Southland,Southland Conference,https://lionathletics.com/sports/womens-volleyball/roster/2025,2026-07-20T00:50:05.293571+00:00,70,Clovis,CA,USA,2025
2,Olivia Burns,L/DS,FR,Krum HS,,Eastern Washington University,DI,Big Sky,Big Sky Conference,https://goeags.com/sports/womens-volleyball/roster/2025,2026-07-20T00:50:15.392797+00:00,64,Krum,TX,USA,2025
3,Quincey McCoy,MB,FR,Cherokee Trail HS,,Eastern Washington University,DI,Big Sky,Big Sky Conference,https://goeags.com/sports/womens-volleyball/roster/2025,2026-07-20T00:50:15.392797+00:00,69,Aurora,CO,USA,2025
15,Anna Bolich,S,R-JR,Mission Viejo HS,,Eastern Washington University,DI,Big Sky,Big Sky Conference,https://goeags.com/sports/womens-volleyball/roster/2025,2026-07-20T00:50:15.392797+00:00,70,Mission Viejo,CA,USA,2025
3,Sophia Nagy,MB,SO,Obudai Arpad Gimnazium,,Fairfield University,DI,MAAC,Metro Atlantic Athletic Conference,https://fairfieldstags.com/sports/womens-volleyball/roster/2025,2026-07-20T00:50:20.593175+00:00,73,Budapest,,Hungary,2025
6,Emma Bortolotti,OPP,FR,Liceo Classico G. Marconi Conegliano,,Fairfield University,DI,MAAC,Metro Atlantic Athletic Conference,https://fairfieldstags.com/sports/womens-volleyball/roster/2025,2026-07-20T00:50:20.593175+00:00,74,San Pietro di Feletto,,Italy,2025
11,Zofia Sykut,S,FR,Sportgymnasium Dresden,,Fairfield University,DI,MAAC,Metro Atlantic Athletic Conference,https://fairfieldstags.com/sports/womens-volleyball/roster/2025,2026-07-20T00:50:20.593175+00:00,71,Dresden,,Germany,2025
21,Mia Jean Claude,OH,FR,Ransom Everglades,,Fairfield University,DI,MAAC,Metro Atlantic Athletic Conference,https://fairfieldstags.com/sports/womens-volleyball/roster/2025,2026-07-20T00:50:20.593175+00:00,72,Miami,FL,USA,2025
24,Ella Paniagua,OH,FR,Rosary Academy,,Fairfield University,DI,MAAC,Metro Atlantic Athletic Conference,https://fairfieldstags.com/sports/womens-volleyball/roster/2025,2026-07-20T00:50:20.593175+00:00,71,Orange County,CA,USA,2025
2,Reese Burry,L/DS,JR,Windermere HS,,Florida Gulf Coast University,DI,ASUN,Atlantic Sun Conference,https://fgcuathletics.com/sports/womens-volleyball/roster/2025,2026-07-20T00:50:31.459253+00:00,63,Windermere,FL,USA,2025
3,Julija Grubisic Cabo,OH,JR,Druga Gimnazija Maribor,FSW,Florida Gulf Coast University,DI,ASUN,Atlantic Sun Conference,https://fgcuathletics.com/sports/womens-volleyball/roster/2025,2026-07-20T00:50:31.459253+00:00,70,Maribor,,Slovenia,2025
5,Erica Muhizi,MB,FR,Celsiusskolan,,Florida Gulf Coast University,DI,ASUN,Atlantic Sun Conference,https://fgcuathletics.com/sports/womens-volleyball/roster/2025,2026-07-20T00:50:31.459253+00:00,74,Uppsala,,Sweden,2025
6,Eliska Vytiskova,S,JR,Sportovní gymnázium Dany a Emila Zátopkových,Akron,Florida Gulf Coast University,DI,ASUN,Atlantic Sun Conference,https://fgcuathletics.com/sports/womens-volleyball/roster/2025,2026-07-20T00:50:31.459253+00:00,69,Ostrava,,Czech Republic,2025
7,Barbara Koehler,OH,GR,Colegio Nacional,Wichita State,Florida Gulf Coast University,DI,ASUN,Atlantic Sun Conference,https://fgcuathletics.com/sports/womens-volleyball/roster/2025,2026-07-20T00:50:31.459253+00:00,72,Cuiaba,Mato Grosso,Brazil,2025
8,Abby Toeniskoetter,MB,JR,,FSW,Florida Gulf Coast University,DI,ASUN,Atlantic Sun Conference,https://fgcuathletics.com/sports/womens-volleyball/roster/2025,2026-07-20T00:50:31.459253+00:00,75,Boynton Beach,FL,USA,2025
9,Katie Gielas,OH,FR,Ursuline Academy,,Florida Gulf Coast University,DI,ASUN,Atlantic Sun Conference,https://fgcuathletics.com/sports/womens-volleyball/roster/2025,2026-07-20T00:50:31.459253+00:00,74,Loveland,OH,USA,2025
13,Camila Soto,OH,R-FR,Colegio Adianez,,Florida Gulf Coast University,DI,ASUN,Atlantic Sun Conference,https://fgcuathletics.com/sports/womens-volleyball/roster/2025,2026-07-20T00:50:31.459253+00:00,71,Guaynabo,,Puerto Rico,2025
14,Ava Smith,OH,R-SO,Park Tudor High School,,Florida Gulf Coast University,DI,ASUN,Atlantic Sun Conference,https://fgcuathletics.com/sports/womens-volleyball/roster/2025,2026-07-20T00:50:31.459253+00:00,73,Carmel,IN,USA,2025
15,Anna Marzella,L/DS,JR,Liceo Scientifico Sportivo Ettore Conti HS,FSW,Florida Gulf Coast University,DI,ASUN,Atlantic Sun Conference,https://fgcuathletics.com/sports/womens-volleyball/roster/2025,2026-07-20T00:50:31.459253+00:00,68,Milano,,Italy,2025
17,Catharina Scorza,OH,SO,,USF,Florida Gulf Coast University,DI,ASUN,Atlantic Sun Conference,https://fgcuathletics.com/sports/womens-volleyball/roster/2025,2026-07-20T00:50:31.459253+00:00,72,Rio de Janeiro,,Brazil,2025
18,Chandler Swanson,L/DS,SO,Canterbury School,,Florida Gulf Coast University,DI,ASUN,Atlantic Sun Conference,https://fgcuathletics.com/sports/womens-volleyball/roster/2025,2026-07-20T00:50:31.459253+00:00,65,Fort Myers,FL,USA,2025
19,Alona Clinansmith,MB,SR,,USC Upstate,Florida Gulf Coast University,DI,ASUN,Atlantic Sun Conference,https://fgcuathletics.com/sports/womens-volleyball/roster/2025,2026-07-20T00:50:31.459253+00:00,74,Waterloo,,Ontario,2025
2,Jillian Huckabey,OPP,SO,Olathe Northwest,,Florida International University,DI,CUSA,Conference USA,https://fiusports.com/sports/womens-volleyball/roster/2025,2026-07-20T00:50:34.175166+00:00,72,Olathe,KS,USA,2025
4,Kaylee Musick,S,SO,Bishop Hartley,,Florida International University,DI,CUSA,Conference USA,https://fiusports.com/sports/womens-volleyball/roster/2025,2026-07-20T00:50:34.175166+00:00,73,Canal Winchester,OH,USA,2025
6,Savannah Cook,S,SR,Eugene Ashley,,Florida International University,DI,CUSA,Conference USA,https://fiusports.com/sports/womens-volleyball/roster/2025,2026-07-20T00:50:34.175166+00:00,73,Wilmington,NC,USA,2025
7,Ashlyn Blazer,OH,FR,Mill Valley,,Florida International University,DI,CUSA,Conference USA,https://fiusports.com/sports/womens-volleyball/roster/2025,2026-07-20T00:50:34.175166+00:00,72,Shawnee,KS,USA,2025
8,Mandi Morioka,L/DS,SR,South Torrance,,Florida International University,DI,CUSA,Conference USA,https://fiusports.com/sports/womens-volleyball/roster/2025,2026-07-20T00:50:34.175166+00:00,67,Torrance,CA,USA,2025
9,Haley Herndon,OPP,FR,Concordia Lutheran,,Florida International University,DI,CUSA,Conference USA,https://fiusports.com/sports/womens-volleyball/roster/2025,2026-07-20T00:50:34.175166+00:00,73,Houston,TX,USA,2025
11,Madison Morgan,MB,SR,Bellville,,Florida International University,DI,CUSA,Conference USA,https://fiusports.com/sports/womens-volleyball/roster/2025,2026-07-20T00:50:34.175166+00:00,75,Bellville,TX,USA,2025
12,Kindyl Kilar,OH,JR,Whitewater,,Florida International University,DI,CUSA,Conference USA,https://fiusports.com/sports/womens-volleyball/roster/2025,2026-07-20T00:50:34.175166+00:00,71,Whitewater,WI,USA,2025
13,Magda Stambrowska,MB,SR,SMS PZPS Szczyrk,,Florida International University,DI,CUSA,Conference USA,https://fiusports.com/sports/womens-volleyball/roster/2025,2026-07-20T00:50:34.175166+00:00,75,Katowice,,Poland,2025
14,Kate Kuehn,S,FR,Seven Lakes,,Florida International University,DI,CUSA,Conference USA,https://fiusports.com/sports/womens-volleyball/roster/2025,2026-07-20T00:50:34.175166+00:00,71,Katy,TX,USA,2025
15,Kira Givans,OH,SR,Rio Americano,,Florida International University,DI,CUSA,Conference USA,https://fiusports.com/sports/womens-volleyball/roster/2025,2026-07-20T00:50:34.175166+00:00,75,Sacramento,CA,USA,2025
16,Courtney O'Brien,OH,JR,Cinco Ranch,,Florida International University,DI,CUSA,Conference USA,https://fiusports.com/sports/womens-volleyball/roster/2025,2026-07-20T00:50:34.175166+00:00,71,Katy,TX,USA,2025
18,Rebekah Pfefferkorn,OH,FR,Bridgeland,,Florida International University,DI,CUSA,Conference USA,https://fiusports.com/sports/womens-volleyball/roster/2025,2026-07-20T00:50:34.175166+00:00,75,Cypress,TX,USA,2025
20,Jenna McClure,L/DS,FR,Blue Valley North,,Florida International University,DI,CUSA,Conference USA,https://fiusports.com/sports/womens-volleyball/roster/2025,2026-07-20T00:50:34.175166+00:00,68,Overland Park,KS,USA,2025
21,Maliyah LaBrie,OH,JR,Williams Field,,Florida International University,DI,CUSA,Conference USA,https://fiusports.com/sports/womens-volleyball/roster/2025,2026-07-20T00:50:34.175166+00:00,70,Riverside,CA,USA,2025
23,Julia Thomas,MB,SO,University Heights,,Florida International University,DI,CUSA,Conference USA,https://fiusports.com/sports/womens-volleyball/roster/2025,2026-07-20T00:50:34.175166+00:00,75,Cadiz,KY,USA,2025
28,Natalie Powers,L/DS,FR,Mukwonago,,Florida International University,DI,CUSA,Conference USA,https://fiusports.com/sports/womens-volleyball/roster/2025,2026-07-20T00:50:34.175166+00:00,64,Mukwonago,WI,USA,2025
32,Emma Beretich,MB,JR,Pickerington Central,,Florida International University,DI,CUSA,Conference USA,https://fiusports.com/sports/womens-volleyball/roster/2025,2026-07-20T00:50:34.175166+00:00,74,Pickerington,OH,USA,2025
33,Sofie Vogel,MB,GR,Robbinsdale Armstrong,,Florida International University,DI,CUSA,Conference USA,https://fiusports.com/sports/womens-volleyball/roster/2025,2026-07-20T00:50:34.175166+00:00,73,Golden Valley,MN,USA,2025
0,Payton Whalen,OH,SO,Centennial HS,,Florida State University,DI,ACC,Atlantic Coast Conference,https://seminoles.com/sports/womens-volleyball/roster?path=wvball/2025,2026-07-20T00:50:36.998626+00:00,73,Peoria,AZ,USA,2025
1,Ava Lambert,L/DS,SO,Horizon High School,,Florida State University,DI,ACC,Atlantic Coast Conference,https://seminoles.com/sports/womens-volleyball/roster?path=wvball/2025,2026-07-20T00:50:36.998626+00:00,69,Scottsdale,AZ,USA,2025
3,Kelsey Perry,MB,R-SR,Reedy,,Florida State University,DI,ACC,Atlantic Coast Conference,https://seminoles.com/sports/womens-volleyball/roster?path=wvball/2025,2026-07-20T00:50:36.998626+00:00,76,Frisco,TX,USA,2025
6,Victoria David,OH,SO,Colégio Anglo Americano,,Florida State University,DI,ACC,Atlantic Coast Conference,https://seminoles.com/sports/womens-volleyball/roster?path=wvball/2025,2026-07-20T00:50:36.998626+00:00,73,Rio de Janeiro,,Brazil,2025
7,Ryan Murphy,S,R-FR,Ponte Vedra High School,,Florida State University,DI,ACC,Atlantic Coast Conference,https://seminoles.com/sports/womens-volleyball/roster?path=wvball/2025,2026-07-20T00:50:36.998626+00:00,73,Ponte Vedra Beach,FL,USA,2025
9,Emma Lilo,S,JR,Kamehameha HS,,Florida State University,DI,ACC,Atlantic Coast Conference,https://seminoles.com/sports/womens-volleyball/roster?path=wvball/2025,2026-07-20T00:50:36.998626+00:00,69,Kailua,HI,USA,2025
10,Callie Kieffer,S,SR,Prosper HS,,Florida State University,DI,ACC,Atlantic Coast Conference,https://seminoles.com/sports/womens-volleyball/roster?path=wvball/2025,2026-07-20T00:50:36.998626+00:00,70,Prosper,TX,USA,2025
11,Caylan Russ,L/DS,JR,Windermere,,Florida State University,DI,ACC,Atlantic Coast Conference,https://seminoles.com/sports/womens-volleyball/roster?path=wvball/2025,2026-07-20T00:50:36.998626+00:00,66,Winter Garden,FL,USA,2025
12,Kyleene Filimaua,OH,SR,North Creek,,Florida State University,DI,ACC,Atlantic Coast Conference,https://seminoles.com/sports/womens-volleyball/roster?path=wvball/2025,2026-07-20T00:50:36.998626+00:00,73,Bothell,WA,USA,2025
13,Bennett Raterman,MB,FR,St. Pius X,,Florida State University,DI,ACC,Atlantic Coast Conference,https://seminoles.com/sports/womens-volleyball/roster?path=wvball/2025,2026-07-20T00:50:36.998626+00:00,75,St. Louis,MO,USA,2025
15,Johanna Sova,MB,JR,Gustav Adolf Grammar School,,Florida State University,DI,ACC,Atlantic Coast Conference,https://seminoles.com/sports/womens-volleyball/roster?path=wvball/2025,2026-07-20T00:50:36.998626+00:00,77,Tallinn,,Estonia,2025
16,Nenu Kpea,MB,SO,Melissa High School,,Florida State University,DI,ACC,Atlantic Coast Conference,https://seminoles.com/sports/womens-volleyball/roster?path=wvball/2025,2026-07-20T00:50:36.998626+00:00,74,Melissa,TX,USA,2025
17,Sofia Moss,OH,FR,Scientifico HS,,Florida State University,DI,ACC,Atlantic Coast Conference,https://seminoles.com/sports/womens-volleyball/roster?path=wvball/2025,2026-07-20T00:50:36.998626+00:00,72,Tortoli,,Italy,2025
18,Maile Chan,L/DS,JR,Mountainside HS,,Florida State University,DI,ACC,Atlantic Coast Conference,https://seminoles.com/sports/womens-volleyball/roster?path=wvball/2025,2026-07-20T00:50:36.998626+00:00,63,Portland,OR,USA,2025
21,Bailey Higgins,OPP,JR,Berkeley Prep,,Florida State University,DI,ACC,Atlantic Coast Conference,https://seminoles.com/sports/womens-volleyball/roster?path=wvball/2025,2026-07-20T00:50:36.998626+00:00,71,Tampa,FL,USA,2025
24,Delaney Ewing,MB,JR,Fossil Ridge High School,,Florida State University,DI,ACC,Atlantic Coast Conference,https://seminoles.com/sports/womens-volleyball/roster?path=wvball/2025,2026-07-20T00:50:36.998626+00:00,74,Fort Collins,CO,USA,2025
26,Lexie Mason,OPP,SO,Burlington Edison High School,,Florida State University,DI,ACC,Atlantic Coast Conference,https://seminoles.com/sports/womens-volleyball/roster?path=wvball/2025,2026-07-20T00:50:36.998626+00:00,73,Burlington,WA,USA,2025
4,Gabby Destler,OH,SO,Marymount (LMU),,Fordham University,DI,A10,Atlantic 10 Conference,https://fordhamsports.com/sports/womens-volleyball/roster/2025,2026-07-20T00:50:39.716520+00:00,73,Los Angeles,CA,USA,2025
5,Zoe Talabong,OH,SR,Boone,,Fordham University,DI,A10,Atlantic 10 Conference,https://fordhamsports.com/sports/womens-volleyball/roster/2025,2026-07-20T00:50:39.716520+00:00,70,Orlando,FL,USA,2025
8,Mackenzie Colvin,S,SR,Frank W. Cox,,Fordham University,DI,A10,Atlantic 10 Conference,https://fordhamsports.com/sports/womens-volleyball/roster/2025,2026-07-20T00:50:39.716520+00:00,69,Virginia Beach,VA,USA,2025
9,Audrey Brown,OH,SR,Seaholm,,Fordham University,DI,A10,Atlantic 10 Conference,https://fordhamsports.com/sports/womens-volleyball/roster/2025,2026-07-20T00:50:39.716520+00:00,73,Birmingham,MI,USA,2025
11,Sophia Kuyn,MB,SO,Brandeis,,Fordham University,DI,A10,Atlantic 10 Conference,https://fordhamsports.com/sports/womens-volleyball/roster/2025,2026-07-20T00:50:39.716520+00:00,73,San Antonio,TX,USA,2025
12,Sophia Oliveira,MB,FR,Boca Raton Community,,Fordham University,DI,A10,Atlantic 10 Conference,https://fordhamsports.com/sports/womens-volleyball/roster/2025,2026-07-20T00:50:39.716520+00:00,74,Pompano Beach,FL,USA,2025
16,Ana Del Angel Aguilar,S,FR,John Cooper,,Fordham University,DI,A10,Atlantic 10 Conference,https://fordhamsports.com/sports/womens-volleyball/roster/2025,2026-07-20T00:50:39.716520+00:00,65,The Woodlands,TX,USA,2025
17,Tatum Holderied,MB,JR,Fairfield Ludlowe,,Fordham University,DI,A10,Atlantic 10 Conference,https://fordhamsports.com/sports/womens-volleyball/roster/2025,2026-07-20T00:50:39.716520+00:00,76,Fairfield,CT,USA,2025
22,Whitney Woodrow,S,JR,Assumption,,Fordham University,DI,A10,Atlantic 10 Conference,https://fordhamsports.com/sports/womens-volleyball/roster/2025,2026-07-20T00:50:39.716520+00:00,73,Louisville,KY,USA,2025
1,Mia Hazelett,MB,R-FR,Apex,,George Mason University,DI,A10,Atlantic 10 Conference,https://gomason.com/sports/womens-volleyball/roster/2025,2026-07-20T00:50:55.914667+00:00,73,Apex,NC,USA,2025
2,Haley Graetz,OH,SR,River Falls,,George Mason University,DI,A10,Atlantic 10 Conference,https://gomason.com/sports/womens-volleyball/roster/2025,2026-07-20T00:50:55.914667+00:00,72,River Falls,WI,USA,2025
3,Nina Mitchell,MB,SO,Wichita Northwest,,George Mason University,DI,A10,Atlantic 10 Conference,https://gomason.com/sports/womens-volleyball/roster/2025,2026-07-20T00:50:55.914667+00:00,74,Wichita,KS,USA,2025
4,Caroline Rodriguez,OH,JR,Charlotte Catholic,,George Mason University,DI,A10,Atlantic 10 Conference,https://gomason.com/sports/womens-volleyball/roster/2025,2026-07-20T00:50:55.914667+00:00,73,Charlotte,NC,USA,2025
5,Kiera Hamilton,OH,FR,Tuscon High Magnet,,George Mason University,DI,A10,Atlantic 10 Conference,https://gomason.com/sports/womens-volleyball/roster/2025,2026-07-20T00:50:55.914667+00:00,74,Tuscon,AZ,USA,2025
6,Rachel Larsen,L/DS,SR,Flint Hill,,George Mason University,DI,A10,Atlantic 10 Conference,https://gomason.com/sports/womens-volleyball/roster/2025,2026-07-20T00:50:55.914667+00:00,65,Ashburn,VA,USA,2025
8,Chelsea Colter,MB,JR,Robinson Secondary School,,George Mason University,DI,A10,Atlantic 10 Conference,https://gomason.com/sports/womens-volleyball/roster/2025,2026-07-20T00:50:55.914667+00:00,73,Fairfax,VA,USA,2025
9,Avery Booker,OH,SO,Middle Creek,,George Mason University,DI,A10,Atlantic 10 Conference,https://gomason.com/sports/womens-volleyball/roster/2025,2026-07-20T00:50:55.914667+00:00,73,Holly Springs,NC,USA,2025
10,Jaylin Lott,L/DS,SO,Clark,,George Mason University,DI,A10,Atlantic 10 Conference,https://gomason.com/sports/womens-volleyball/roster/2025,2026-07-20T00:50:55.914667+00:00,64,San Antonio,TX,USA,2025
11,Nia Thompson,OH,FR,Westview,,George Mason University,DI,A10,Atlantic 10 Conference,https://gomason.com/sports/womens-volleyball/roster/2025,2026-07-20T00:50:55.914667+00:00,71,San Diego,CA,USA,2025
12,Ava Cheney,S,FR,Tanque Verde,,George Mason University,DI,A10,Atlantic 10 Conference,https://gomason.com/sports/womens-volleyball/roster/2025,2026-07-20T00:50:55.914667+00:00,70,Tuscon,AZ,USA,2025
13,Camryn Weldon,S,JR,McKinney Boyd,,George Mason University,DI,A10,Atlantic 10 Conference,https://gomason.com/sports/womens-volleyball/roster/2025,2026-07-20T00:50:55.914667+00:00,70,McKinney,TX,USA,2025
14,Morgan Inemer,OH,FR,Liberty Christian Argyle,,George Mason University,DI,A10,Atlantic 10 Conference,https://gomason.com/sports/womens-volleyball/roster/2025,2026-07-20T00:50:55.914667+00:00,73,Trophy Club,TX,USA,2025
15,Gabriella Gelfound,S,R-JR,Quartz Hill,,George Mason University,DI,A10,Atlantic 10 Conference,https://gomason.com/sports/womens-volleyball/roster/2025,2026-07-20T00:50:55.914667+00:00,74,Lancaster,CA,USA,2025
16,Damiana Bova-Ford,S,R-SR,Liberty,,George Mason University,DI,A10,Atlantic 10 Conference,https://gomason.com/sports/womens-volleyball/roster/2025,2026-07-20T00:50:55.914667+00:00,69,Plano,TX,USA,2025
17,Jordan Lucas,L/DS,SO,Giles,,George Mason University,DI,A10,Atlantic 10 Conference,https://gomason.com/sports/womens-volleyball/roster/2025,2026-07-20T00:50:55.914667+00:00,65,Pembroke,VA,USA,2025
18,Autumn Martinez-Robinson,L/DS,JR,Tampa Prep,,George Mason University,DI,A10,Atlantic 10 Conference,https://gomason.com/sports/womens-volleyball/roster/2025,2026-07-20T00:50:55.914667+00:00,68,Lutz,FL,USA,2025
19,Alexa Stutzman,L/DS,FR,Williamsville East,,George Mason University,DI,A10,Atlantic 10 Conference,https://gomason.com/sports/womens-volleyball/roster/2025,2026-07-20T00:50:55.914667+00:00,66,Bloomsburg,PA,USA,2025
20,Meredith Brown,MB,R-SO,Mercy Academy,,George Mason University,DI,A10,Atlantic 10 Conference,https://gomason.com/sports/womens-volleyball/roster/2025,2026-07-20T00:50:55.914667+00:00,76,Crestwood,KY,USA,2025
3,Taylor Mercado,L/DS,SO,Long Beach Polytechnic,,Georgetown University,DI,Big East,Big East Conference,https://guhoyas.com/sports/womens-volleyball/roster/2025,2026-07-20T00:51:01.694031+00:00,63,Long Beach,CA,USA,2025
4,Jade Smith,L/DS,GR,Mayde Creek HS,,Georgetown University,DI,Big East,Big East Conference,https://guhoyas.com/sports/womens-volleyball/roster/2025,2026-07-20T00:51:01.694031+00:00,64,Houston,TX,USA,2025
5,Jessica Lee,L/DS,FR,Skyline High School,,Georgetown University,DI,Big East,Big East Conference,https://guhoyas.com/sports/womens-volleyball/roster/2025,2026-07-20T00:51:01.694031+00:00,67,Ypsilanti,MI,USA,2025
7,Natalie Nguyen,S,SO,Flint Hill,,Georgetown University,DI,Big East,Big East Conference,https://guhoyas.com/sports/womens-volleyball/roster/2025,2026-07-20T00:51:01.694031+00:00,65,Vienna,VA,USA,2025
8,Vaughan Anoa'i,MB,SR,Archer School for Girls,,Georgetown University,DI,Big East,Big East Conference,https://guhoyas.com/sports/womens-volleyball/roster/2025,2026-07-20T00:51:01.694031+00:00,74,Los Angeles,CA,USA,2025
9,Kamryn Lee-Caracci,MB,JR,Lyons Township,,Georgetown University,DI,Big East,Big East Conference,https://guhoyas.com/sports/womens-volleyball/roster/2025,2026-07-20T00:51:01.694031+00:00,73,La Grange,IL,USA,2025
11,Katherine McGregor,OH,FR,New Trier Township High School,,Georgetown University,DI,Big East,Big East Conference,https://guhoyas.com/sports/womens-volleyball/roster/2025,2026-07-20T00:51:01.694031+00:00,71,Evanston,IL,USA,2025
13,Berkeley Ploder,MB,SO,Barrington,,Georgetown University,DI,Big East,Big East Conference,https://guhoyas.com/sports/womens-volleyball/roster/2025,2026-07-20T00:51:01.694031+00:00,74,Barrington,IL,USA,2025
15,Grace Albaugh,OH,JR,Bolles School,,Georgetown University,DI,Big East,Big East Conference,https://guhoyas.com/sports/womens-volleyball/roster/2025,2026-07-20T00:51:01.694031+00:00,72,Jacksonville,FL,USA,2025
17,Sydney Mercado,L/DS,FR,Long Beach Polytechnic High School,,Georgetown University,DI,Big East,Big East Conference,https://guhoyas.com/sports/womens-volleyball/roster/2025,2026-07-20T00:51:01.694031+00:00,63,Long Beach,CA,USA,2025
20,Juleigh Urbina,S,SO,McKeel Academy,,Georgetown University,DI,Big East,Big East Conference,https://guhoyas.com/sports/womens-volleyball/roster/2025,2026-07-20T00:51:01.694031+00:00,70,Lakeland,FL,USA,2025
21,Fiona Turnbull,MB,FR,Geneva Community High School,,Georgetown University,DI,Big East,Big East Conference,https://guhoyas.com/sports/womens-volleyball/roster/2025,2026-07-20T00:51:01.694031+00:00,74,Geneva,IL,USA,2025
22,Dionna Mitchell,OH,SO,Timber Creek,,Georgetown University,DI,Big East,Big East Conference,https://guhoyas.com/sports/womens-volleyball/roster/2025,2026-07-20T00:51:01.694031+00:00,71,Orlando,FL,USA,2025
23,Samantha Soderlund,OH,FR,Seacrest Country Day School,,Georgetown University,DI,Big East,Big East Conference,https://guhoyas.com/sports/womens-volleyball/roster/2025,2026-07-20T00:51:01.694031+00:00,74,Naples,FL,USA,2025
1,Myllena Torquetti,MB,GR,,Auburn University at Montgomery,Georgia State University,DI,SBC,Sun Belt Conference,https://georgiastatesports.com/sports/womens-volleyball/roster/2025,2026-07-20T00:51:19.339255+00:00,72,Belo Horizonte,,Brazil / Escola Estadual Pedro II,2025
3,Alessia Cappai,OH,SR,,Auburn University at Montgomery,Georgia State University,DI,SBC,Sun Belt Conference,https://georgiastatesports.com/sports/womens-volleyball/roster/2025,2026-07-20T00:51:19.339255+00:00,73,Genoa,,Italy / Liceo Sandro Pertini,2025
4,Emily Harden,S,FR,,,Georgia State University,DI,SBC,Sun Belt Conference,https://georgiastatesports.com/sports/womens-volleyball/roster/2025,2026-07-20T00:51:19.339255+00:00,65,Jonesboro,,Ga. / Elite Scholars Academy,2025
6,Courtney Smith,OH,SR,,,Georgia State University,DI,SBC,Sun Belt Conference,https://georgiastatesports.com/sports/womens-volleyball/roster/2025,2026-07-20T00:51:19.339255+00:00,72,Granbury,,Texas / Granbury,2025
7,Marta Lazzarin,L/DS,FR,,,Georgia State University,DI,SBC,Sun Belt Conference,https://georgiastatesports.com/sports/womens-volleyball/roster/2025,2026-07-20T00:51:19.339255+00:00,64,Venice,,Italy /,2025
9,Ava Casey,S,FR,,,Georgia State University,DI,SBC,Sun Belt Conference,https://georgiastatesports.com/sports/womens-volleyball/roster/2025,2026-07-20T00:51:19.339255+00:00,72,Suwanee,,Ga. / Peachtree Ridge,2025
10,Diana Snopok,MB,FR,,,Georgia State University,DI,SBC,Sun Belt Conference,https://georgiastatesports.com/sports/womens-volleyball/roster/2025,2026-07-20T00:51:19.339255+00:00,72,Kherson,,Ukraine / Ecole Internationale de Differdange et Esch,2025
11,Rayne Williams,MB,FR,,,Georgia State University,DI,SBC,Sun Belt Conference,https://georgiastatesports.com/sports/womens-volleyball/roster/2025,2026-07-20T00:51:19.339255+00:00,69,Snellville,,Georgia / Brookwood,2025
12,Marla Valentin,OH,FR,,Miami,Georgia State University,DI,SBC,Sun Belt Conference,https://georgiastatesports.com/sports/womens-volleyball/roster/2025,2026-07-20T00:51:19.339255+00:00,71,Guaynabo,,Puerto Rico / Baldwin School of Puerto Rico,2025
13,Nazli Guvener,OH,SR,,Northern Illinois,Georgia State University,DI,SBC,Sun Belt Conference,https://georgiastatesports.com/sports/womens-volleyball/roster/2025,2026-07-20T00:51:19.339255+00:00,70,Ankara,,Turkey / Elvankent Sinar,2025
14,Akira Burt,OPP,JR,,,Georgia State University,DI,SBC,Sun Belt Conference,https://georgiastatesports.com/sports/womens-volleyball/roster/2025,2026-07-20T00:51:19.339255+00:00,70,Columbus,,Ga. / Richmond Hill,2025
15,Jayden Eaker,OPP,R-SO,,Scottsdale C.C.,Georgia State University,DI,SBC,Sun Belt Conference,https://georgiastatesports.com/sports/womens-volleyball/roster/2025,2026-07-20T00:51:19.339255+00:00,73,Queen Creek,,Ariz. / Basha,2025
17,Kamryn Itzen,MB,SO,,,Georgia State University,DI,SBC,Sun Belt Conference,https://georgiastatesports.com/sports/womens-volleyball/roster/2025,2026-07-20T00:51:19.339255+00:00,73,Chandler,,Az / Chandler,2025
18,Shanelle Martinez,S,SR,,Western Nebraska CC,Georgia State University,DI,SBC,Sun Belt Conference,https://georgiastatesports.com/sports/womens-volleyball/roster/2025,2026-07-20T00:51:19.339255+00:00,69,San Antonio,,Tx / Luther Burbank,2025
21,Maria Cecilia de Pinho,OPP,GR,,Lynn University,Georgia State University,DI,SBC,Sun Belt Conference,https://georgiastatesports.com/sports/womens-volleyball/roster/2025,2026-07-20T00:51:19.339255+00:00,71,Rio de Janeiro,,Brazil / Pedro Ernesto,2025
22,Hady Pickard,L/DS,R-FR,,,Georgia State University,DI,SBC,Sun Belt Conference,https://georgiastatesports.com/sports/womens-volleyball/roster/2025,2026-07-20T00:51:19.339255+00:00,68,Roswell,,Ga / Blessed Trinity Catholic,2025
23,Manuela Altieri Liev,OPP,FR,,,Georgia State University,DI,SBC,Sun Belt Conference,https://georgiastatesports.com/sports/womens-volleyball/roster/2025,2026-07-20T00:51:19.339255+00:00,71,Marbella,,Spain / ÍES Antonio Machado,2025
1,Kelly McAuley,,FR,,,Gonzaga University,DI,WCC,West Coast Conference,https://gozags.com/sports/womens-volleyball/roster/2025,2026-07-20T00:51:21.992696+00:00,,Naples,FL,USA,2025
2,Kate Herrick,,SO,,,Gonzaga University,DI,WCC,West Coast Conference,https://gozags.com/sports/womens-volleyball/roster/2025,2026-07-20T00:51:21.992696+00:00,,Olympia,WA,USA,2025
3,Nia Damuni,,JR,,,Gonzaga University,DI,WCC,West Coast Conference,https://gozags.com/sports/womens-volleyball/roster/2025,2026-07-20T00:51:21.992696+00:00,,Providence,UT,USA,2025
4,Krista Kostoff,,SO,,,Gonzaga University,DI,WCC,West Coast Conference,https://gozags.com/sports/womens-volleyball/roster/2025,2026-07-20T00:51:21.992696+00:00,,Redmond,WA,USA,2025
5,Brianna Martin,,JR,,,Gonzaga University,DI,WCC,West Coast Conference,https://gozags.com/sports/womens-volleyball/roster/2025,2026-07-20T00:51:21.992696+00:00,,Prosper,TX,USA,2025
6,Gabby Vandal,,SO,,,Gonzaga University,DI,WCC,West Coast Conference,https://gozags.com/sports/womens-volleyball/roster/2025,2026-07-20T00:51:21.992696+00:00,,Okotoks,,Alta.,2025
8,Sjakkie Donkers,,SO,,,Gonzaga University,DI,WCC,West Coast Conference,https://gozags.com/sports/womens-volleyball/roster/2025,2026-07-20T00:51:21.992696+00:00,,Brabant,,Netherlands,2025
10,Hazel Murphy,,FR,,,Gonzaga University,DI,WCC,West Coast Conference,https://gozags.com/sports/womens-volleyball/roster/2025,2026-07-20T00:51:21.992696+00:00,,Ellensburg,WA,USA,2025
11,Carina Zaldivar,,FR,,,Gonzaga University,DI,WCC,West Coast Conference,https://gozags.com/sports/womens-volleyball/roster/2025,2026-07-20T00:51:21.992696+00:00,,Upland,CA,USA,2025
12,Autumn Larson,,SR,,,Gonzaga University,DI,WCC,West Coast Conference,https://gozags.com/sports/womens-volleyball/roster/2025,2026-07-20T00:51:21.992696+00:00,,Richland,WA,USA,2025
13,Mia Clyburn,,FR,,,Gonzaga University,DI,WCC,West Coast Conference,https://gozags.com/sports/womens-volleyball/roster/2025,2026-07-20T00:51:21.992696+00:00,,Fort Mill,SC,USA,2025
15,Maggie Rickert,,JR,,,Gonzaga University,DI,WCC,West Coast Conference,https://gozags.com/sports/womens-volleyball/roster/2025,2026-07-20T00:51:21.992696+00:00,,Nashville,TN,USA,2025
16,Dani Johnson,,R-SO,,,Gonzaga University,DI,WCC,West Coast Conference,https://gozags.com/sports/womens-volleyball/roster/2025,2026-07-20T00:51:21.992696+00:00,,Spokane,WA,USA,2025
18,Raechelle Dykstra,,SO,,,Gonzaga University,DI,WCC,West Coast Conference,https://gozags.com/sports/womens-volleyball/roster/2025,2026-07-20T00:51:21.992696+00:00,,Avondale,AZ,USA,2025
20,Taylor Walsh,,SO,,,Gonzaga University,DI,WCC,West Coast Conference,https://gozags.com/sports/womens-volleyball/roster/2025,2026-07-20T00:51:21.992696+00:00,,Villa Park,CA,USA,2025
21,Fallon Thompson,,SR,,,Gonzaga University,DI,WCC,West Coast Conference,https://gozags.com/sports/womens-volleyball/roster/2025,2026-07-20T00:51:21.992696+00:00,,Spring,TX,USA,2025
1,Ra'Niya Brown,MB,SR,"Dallas, TX",,Grambling State University,DI,SWAC,Southwestern Athletic Conf.,https://gsutigers.com/sports/womens-volleyball/roster/2025,2026-07-20T00:51:24.620714+00:00,71,Dallas,TX,USA,2025
11,Rihianna Brown,MB,FR,"Dallas, TX",,Grambling State University,DI,SWAC,Southwestern Athletic Conf.,https://gsutigers.com/sports/womens-volleyball/roster/2025,2026-07-20T00:51:24.620714+00:00,71,Dallas,TX,USA,2025
8,Aubreigh Haxton,OPP,SR,"Argonia, Kan.",,Grambling State University,DI,SWAC,Southwestern Athletic Conf.,https://gsutigers.com/sports/womens-volleyball/roster/2025,2026-07-20T00:51:24.620714+00:00,75,Argonia,KS,USA,2025
18,Alayna Howard,S,FR,"Royse City, TX",,Grambling State University,DI,SWAC,Southwestern Athletic Conf.,https://gsutigers.com/sports/womens-volleyball/roster/2025,2026-07-20T00:51:24.620714+00:00,68,Royse City,TX,USA,2025
10,Leisey Keli'i,L/DS,JR,"Hilo, Hawai’i",,Grambling State University,DI,SWAC,Southwestern Athletic Conf.,https://gsutigers.com/sports/womens-volleyball/roster/2025,2026-07-20T00:51:24.620714+00:00,63,Hilo,,Hawai’i,2025
14,Amaris Marks,OH,FR,"Humble, TX",,Grambling State University,DI,SWAC,Southwestern Athletic Conf.,https://gsutigers.com/sports/womens-volleyball/roster/2025,2026-07-20T00:51:24.620714+00:00,68,Humble,TX,USA,2025
15,Delaney Sheridan,L/DS,SO,"Hoover, AL",,Grambling State University,DI,SWAC,Southwestern Athletic Conf.,https://gsutigers.com/sports/womens-volleyball/roster/2025,2026-07-20T00:51:24.620714+00:00,65,Hoover,AL,USA,2025
20,Avri Solik-Fifarek,OH,SO,"Milwaukee, WI",,Grambling State University,DI,SWAC,Southwestern Athletic Conf.,https://gsutigers.com/sports/womens-volleyball/roster/2025,2026-07-20T00:51:24.620714+00:00,72,Milwaukee,WI,USA,2025
2,Denver Watkins,OH,SO,"Atlanta, GA",,Grambling State University,DI,SWAC,Southwestern Athletic Conf.,https://gsutigers.com/sports/womens-volleyball/roster/2025,2026-07-20T00:51:24.620714+00:00,70,Atlanta,GA,USA,2025
1,Briley Decker,S,R-JR,Mountain View High School,Denver,Grand Canyon University,DI,Mountain West,Mountain West Conference,https://gculopes.com/sports/womens-volleyball/roster/2025,2026-07-20T00:51:29.061229+00:00,73,Mesa,AZ,USA,2025
2,Sophia Parlanti,OH,GR,Desert Oasis,Indianapolis,Grand Canyon University,DI,Mountain West,Mountain West Conference,https://gculopes.com/sports/womens-volleyball/roster/2025,2026-07-20T00:51:29.061229+00:00,72,Las Vegas,NV,USA,2025
3,Hayden Goodman,MB,GR,,San Francisco,Grand Canyon University,DI,Mountain West,Mountain West Conference,https://gculopes.com/sports/womens-volleyball/roster/2025,2026-07-20T00:51:29.061229+00:00,74,Park City,UT,USA,2025
4,Taylor Kubacak,S,SO,Tivy,,Grand Canyon University,DI,Mountain West,Mountain West Conference,https://gculopes.com/sports/womens-volleyball/roster/2025,2026-07-20T00:51:29.061229+00:00,71,Kerrville,TX,USA,2025
5,Ali Wiest,OH,R-SO,Sandra Day O' Connor,Weber State,Grand Canyon University,DI,Mountain West,Mountain West Conference,https://gculopes.com/sports/womens-volleyball/roster/2025,2026-07-20T00:51:29.061229+00:00,72,Peoria,AZ,USA,2025
7,Natalie Guerrero,L/DS,SO,Trivium Preparatory Academy,Stephen F. Austin,Grand Canyon University,DI,Mountain West,Mountain West Conference,https://gculopes.com/sports/womens-volleyball/roster/2025,2026-07-20T00:51:29.061229+00:00,65,Tolleson,AZ,USA,2025
8,Bella Anderson,L/DS,JR,Scottsdale Christian,,Grand Canyon University,DI,Mountain West,Mountain West Conference,https://gculopes.com/sports/womens-volleyball/roster/2025,2026-07-20T00:51:29.061229+00:00,69,Scottsdale,AZ,USA,2025
9,Macey Hughes,OPP,FR,Cornerstone Christian,,Grand Canyon University,DI,Mountain West,Mountain West Conference,https://gculopes.com/sports/womens-volleyball/roster/2025,2026-07-20T00:51:29.061229+00:00,73,San Antonio,TX,USA,2025
10,Aubrey Bellus,MB,FR,Mountain View,,Grand Canyon University,DI,Mountain West,Mountain West Conference,https://gculopes.com/sports/womens-volleyball/roster/2025,2026-07-20T00:51:29.061229+00:00,74,Mesa,AZ,USA,2025
11,Anna Ruter,MB,R-JR,Faith Christian,Northeastern Junior College,Grand Canyon University,DI,Mountain West,Mountain West Conference,https://gculopes.com/sports/womens-volleyball/roster/2025,2026-07-20T00:51:29.061229+00:00,74,Arvada,CO,USA,2025
12,Sofia Österdahl,OH,JR,Ållebergsgymnasiet / RIG Falköping,American,Grand Canyon University,DI,Mountain West,Mountain West Conference,https://gculopes.com/sports/womens-volleyball/roster/2025,2026-07-20T00:51:29.061229+00:00,71,Sollentuna,,Sweden,2025
14,Shay Heaney,OH,FR,Elkhorn,,Grand Canyon University,DI,Mountain West,Mountain West Conference,https://gculopes.com/sports/womens-volleyball/roster/2025,2026-07-20T00:51:29.061229+00:00,73,Elkhorn,NE,USA,2025
15,Aspyn Reed,OH,FR,Freeman,,Grand Canyon University,DI,Mountain West,Mountain West Conference,https://gculopes.com/sports/womens-volleyball/roster/2025,2026-07-20T00:51:29.061229+00:00,69,Rockford,WA,USA,2025
16,Hunter West,L/DS,SO,Wausa,,Grand Canyon University,DI,Mountain West,Mountain West Conference,https://gculopes.com/sports/womens-volleyball/roster/2025,2026-07-20T00:51:29.061229+00:00,68,Wausa,NE,USA,2025
17,Anaelena Ramirez,OH,SR,Eastlake,,Grand Canyon University,DI,Mountain West,Mountain West Conference,https://gculopes.com/sports/womens-volleyball/roster/2025,2026-07-20T00:51:29.061229+00:00,74,El Paso,TX,USA,2025
19,Aubrey Goodere,MB,SO,Estrella Foothills,,Grand Canyon University,DI,Mountain West,Mountain West Conference,https://gculopes.com/sports/womens-volleyball/roster/2025,2026-07-20T00:51:29.061229+00:00,75,Buckeye,AZ,USA,2025
20,Ana Jaramazovic,OPP,FR,Gimnazija u Obrenovcu,,Grand Canyon University,DI,Mountain West,Mountain West Conference,https://gculopes.com/sports/womens-volleyball/roster/2025,2026-07-20T00:51:29.061229+00:00,76,Subotica,,Serbia,2025
21,Bella Nunez,S,FR,Americas,,Grand Canyon University,DI,Mountain West,Mountain West Conference,https://gculopes.com/sports/womens-volleyball/roster/2025,2026-07-20T00:51:29.061229+00:00,71,El Paso,TX,USA,2025
22,Logan Strong,L/DS,FR,Davenport (TX),,Grand Canyon University,DI,Mountain West,Mountain West Conference,https://gculopes.com/sports/womens-volleyball/roster/2025,2026-07-20T00:51:29.061229+00:00,70,Ontario,,Canada,2025
,Avalynn Roundy,MB,FR,Marist Catholic,,Grand Canyon University,DI,Mountain West,Mountain West Conference,https://gculopes.com/sports/womens-volleyball/roster/2025,2026-07-20T00:51:29.061229+00:00,75,Eugene,OR,USA,2025
6,Arrington Earle,OH,FR,Hammond School,,Hampton University,DI,CAA,Coastal Athletic Association,https://hamptonpirates.com/sports/womens-volleyball/roster/2025,2026-07-20T00:51:31.710926+00:00,69,Columbia,SC,USA,2025
9,Jaya Rimm,OH,FR,Cypress Woods HS,,Hampton University,DI,CAA,Coastal Athletic Association,https://hamptonpirates.com/sports/womens-volleyball/roster/2025,2026-07-20T00:51:31.710926+00:00,70,Cypress,TX,USA,2025
10,Maria Clara Andrade,OH,SO,Colegio Objetivo,,Hampton University,DI,CAA,Coastal Athletic Association,https://hamptonpirates.com/sports/womens-volleyball/roster/2025,2026-07-20T00:51:31.710926+00:00,69,Parana,,Brazil,2025
11,Kylah McNeal,MB,FR,Lincoln HS,,Hampton University,DI,CAA,Coastal Athletic Association,https://hamptonpirates.com/sports/womens-volleyball/roster/2025,2026-07-20T00:51:31.710926+00:00,72,Blacklick,OH,USA,2025
12,Morgan Warren,S,SO,Hendrickson High,,Hampton University,DI,CAA,Coastal Athletic Association,https://hamptonpirates.com/sports/womens-volleyball/roster/2025,2026-07-20T00:51:31.710926+00:00,67,Austin,TX,USA,2025
13,Ida Wiszomirska,S,SO,Loomis Chaffee High,,Hampton University,DI,CAA,Coastal Athletic Association,https://hamptonpirates.com/sports/womens-volleyball/roster/2025,2026-07-20T00:51:31.710926+00:00,72,Warsaw,,Poland,2025
15,Gabriella Prather,MB,FR,Reservoir HS,,Hampton University,DI,CAA,Coastal Athletic Association,https://hamptonpirates.com/sports/womens-volleyball/roster/2025,2026-07-20T00:51:31.710926+00:00,75,Laurel,MD,USA,2025
16,Lyrique Alteus,MB,SO,Rancocas Valley Regional High,,Hampton University,DI,CAA,Coastal Athletic Association,https://hamptonpirates.com/sports/womens-volleyball/roster/2025,2026-07-20T00:51:31.710926+00:00,73,Lumberton,NJ,USA,2025
17,Lillian Campbell,MB,FR,Landmark Christian School,,Hampton University,DI,CAA,Coastal Athletic Association,https://hamptonpirates.com/sports/womens-volleyball/roster/2025,2026-07-20T00:51:31.710926+00:00,73,Fairburn,GA,USA,2025
18,Dila Derendeli,OH,JR,TED Bursa College,,Hampton University,DI,CAA,Coastal Athletic Association,https://hamptonpirates.com/sports/womens-volleyball/roster/2025,2026-07-20T00:51:31.710926+00:00,72,Bursa,,Turkey,2025
19,Gabrielle Washington,OPP,FR,Glenelg Country School,,Hampton University,DI,CAA,Coastal Athletic Association,https://hamptonpirates.com/sports/womens-volleyball/roster/2025,2026-07-20T00:51:31.710926+00:00,74,Bowie,MD,USA,2025
22,Racquel Frazier,OH,FR,St. John College HS,,Hampton University,DI,CAA,Coastal Athletic Association,https://hamptonpirates.com/sports/womens-volleyball/roster/2025,2026-07-20T00:51:31.710926+00:00,73,Silver Spring,MD,USA,2025
1,Sophia Wei,S,FY,Plano West,,Harvard University,DI,IVY,The Ivy League,https://gocrimson.com/sports/womens-volleyball/roster/2025,2026-07-20T00:51:34.129931+00:00,68,Plano,TX,USA,2025
2,Sophia Jo,L/DS,FY,The Westminster Schools,,Harvard University,DI,IVY,The Ivy League,https://gocrimson.com/sports/womens-volleyball/roster/2025,2026-07-20T00:51:34.129931+00:00,65,Atlanta,GA,USA,2025
3,Brynne Faltinsky,OH,SR,The Bishop's School,,Harvard University,DI,IVY,The Ivy League,https://gocrimson.com/sports/womens-volleyball/roster/2025,2026-07-20T00:51:34.129931+00:00,72,Rancho Santa Fe,CA,USA,2025
5,Hannah Nguyen,L/DS,SR,Jesuit HS,,Harvard University,DI,IVY,The Ivy League,https://gocrimson.com/sports/womens-volleyball/roster/2025,2026-07-20T00:51:34.129931+00:00,65,Portland,OR,USA,2025
8,Nicole Cornell,S,SO,Lovejoy,,Harvard University,DI,IVY,The Ivy League,https://gocrimson.com/sports/womens-volleyball/roster/2025,2026-07-20T00:51:34.129931+00:00,72,Lucas,TX,USA,2025
10,Taylor Larkin,MB,SO,Summer Creek,,Harvard University,DI,IVY,The Ivy League,https://gocrimson.com/sports/womens-volleyball/roster/2025,2026-07-20T00:51:34.129931+00:00,72,Houston,TX,USA,2025
11,Alicia Guo,OH,SO,Groton School,,Harvard University,DI,IVY,The Ivy League,https://gocrimson.com/sports/womens-volleyball/roster/2025,2026-07-20T00:51:34.129931+00:00,71,Southborough,MA,USA,2025
13,Ali Farquhar,OH,JR,Cardinal Newman High School,,Harvard University,DI,IVY,The Ivy League,https://gocrimson.com/sports/womens-volleyball/roster/2025,2026-07-20T00:51:34.129931+00:00,75,Santa Rosa,CA,USA,2025
14,Bennett Trubey,MB,SO,The Hockaday School,,Harvard University,DI,IVY,The Ivy League,https://gocrimson.com/sports/womens-volleyball/roster/2025,2026-07-20T00:51:34.129931+00:00,77,Dallas,TX,USA,2025
15,Bridget Egan,OH,FY,Sacred Heart Academy,,Harvard University,DI,IVY,The Ivy League,https://gocrimson.com/sports/womens-volleyball/roster/2025,2026-07-20T00:51:34.129931+00:00,72,Louisville,KY,USA,2025
16,Yvette Easton,L/DS,JR,Westwood High School,,Harvard University,DI,IVY,The Ivy League,https://gocrimson.com/sports/womens-volleyball/roster/2025,2026-07-20T00:51:34.129931+00:00,65,Westwood,MA,USA,2025
18,Riley Resmer,MB,SO,Noblesville High School,,Harvard University,DI,IVY,The Ivy League,https://gocrimson.com/sports/womens-volleyball/roster/2025,2026-07-20T00:51:34.129931+00:00,73,Noblesville,IN,USA,2025
21,Ryleigh Patterson,MB,JR,Cathedral Catholic High School,,Harvard University,DI,IVY,The Ivy League,https://gocrimson.com/sports/womens-volleyball/roster/2025,2026-07-20T00:51:34.129931+00:00,73,Rancho Santa Fe,CA,USA,2025
22,Peyton Hollis,OH,SR,Phillips Exeter,,Harvard University,DI,IVY,The Ivy League,https://gocrimson.com/sports/womens-volleyball/roster/2025,2026-07-20T00:51:34.129931+00:00,70,Windermere,FL,USA,2025
23,Sofia Rossi,OH,FY,Maine South High School,,Harvard University,DI,IVY,The Ivy League,https://gocrimson.com/sports/womens-volleyball/roster/2025,2026-07-20T00:51:34.129931+00:00,72,Park Ridge,IL,USA,2025
3,Brooke Briscoe,L/DS,SO,Versailles,,High Point University,DI,Big South,Big South Conference,https://highpointpanthers.com/sports/womens-volleyball/roster/2025,2026-07-20T00:51:36.685447+00:00,65,Versailles,OH,USA,2025
4,Ella Grace Holloway,OH,SO,Lewisburg,,High Point University,DI,Big South,Big South Conference,https://highpointpanthers.com/sports/womens-volleyball/roster/2025,2026-07-20T00:51:36.685447+00:00,76,Olive Branch,MS,USA,2025
5,Kea Whillock,L/DS,JR,Keller,,High Point University,DI,Big South,Big South Conference,https://highpointpanthers.com/sports/womens-volleyball/roster/2025,2026-07-20T00:51:36.685447+00:00,68,Keller,TX,USA,2025
6,Addison Freeland,MB,SO,Herriman,,High Point University,DI,Big South,Big South Conference,https://highpointpanthers.com/sports/womens-volleyball/roster/2025,2026-07-20T00:51:36.685447+00:00,75,Herriman,UT,USA,2025
7,Brooke Jeffrey,OH,GR,Texas A&M,,High Point University,DI,Big South,Big South Conference,https://highpointpanthers.com/sports/womens-volleyball/roster/2025,2026-07-20T00:51:36.685447+00:00,73,Austin,TX,USA,2025
8,Ryley Boyne,OH,SR,Destrehan,,High Point University,DI,Big South,Big South Conference,https://highpointpanthers.com/sports/womens-volleyball/roster/2025,2026-07-20T00:51:36.685447+00:00,72,Destrehan,LA,USA,2025
9,Maya Bukovcan,MB,FR,All Saints Catholic,,High Point University,DI,Big South,Big South Conference,https://highpointpanthers.com/sports/womens-volleyball/roster/2025,2026-07-20T00:51:36.685447+00:00,76,Ottawa,Ontario,Canada,2025
10,Remy Catojo,S,FR,Sisler,,High Point University,DI,Big South,Big South Conference,https://highpointpanthers.com/sports/womens-volleyball/roster/2025,2026-07-20T00:51:36.685447+00:00,77,Winnipeg,Manitoba,Canada,2025
11,Allie Gray,S,GR,VJ and Angela Skutt Catholic,,High Point University,DI,Big South,Big South Conference,https://highpointpanthers.com/sports/womens-volleyball/roster/2025,2026-07-20T00:51:36.685447+00:00,71,Omaha,NE,USA,2025
12,Gabby Hill,OH,FR,Adrienne Nelson,,High Point University,DI,Big South,Big South Conference,https://highpointpanthers.com/sports/womens-volleyball/roster/2025,2026-07-20T00:51:36.685447+00:00,72,Happy Valley,OR,USA,2025
13,Sydney McKay,L/DS,FR,Bellville,,High Point University,DI,Big South,Big South Conference,https://highpointpanthers.com/sports/womens-volleyball/roster/2025,2026-07-20T00:51:36.685447+00:00,67,Bellville,TX,USA,2025
15,Talia Lardner,MB,FR,Highland Park,,High Point University,DI,Big South,Big South Conference,https://highpointpanthers.com/sports/womens-volleyball/roster/2025,2026-07-20T00:51:36.685447+00:00,74,Dallas,TX,USA,2025
17,Jasmine Oduro,MB,FR,Westfield,,High Point University,DI,Big South,Big South Conference,https://highpointpanthers.com/sports/womens-volleyball/roster/2025,2026-07-20T00:51:36.685447+00:00,73,Centreville,VA,USA,2025
23,Julia Johnson,S,R-FR,St. Thomas More,,High Point University,DI,Big South,Big South Conference,https://highpointpanthers.com/sports/womens-volleyball/roster/2025,2026-07-20T00:51:36.685447+00:00,72,Champaign,IL,USA,2025
25,Élodie Lalonde,OH,SO,École Secondaire Catholique Beatrice-Desloges,,High Point University,DI,Big South,Big South Conference,https://highpointpanthers.com/sports/womens-volleyball/roster/2025,2026-07-20T00:51:36.685447+00:00,73,Ottawa,Ontario,Canada,2025
1,Lilia Duczek,MB,FR,,,Hofstra University,DI,CAA,Coastal Athletic Association,https://gohofstra.com/sports/womens-volleyball/roster/2025,2026-07-20T00:51:39.247174+00:00,74,Magdalenka,,Poland,2025
2,Clara Bal,OPP,SR,,,Hofstra University,DI,CAA,Coastal Athletic Association,https://gohofstra.com/sports/womens-volleyball/roster/2025,2026-07-20T00:51:39.247174+00:00,70,Riom,,France,2025
3,Emilly Nunes,MB,SR,,,Hofstra University,DI,CAA,Coastal Athletic Association,https://gohofstra.com/sports/womens-volleyball/roster/2025,2026-07-20T00:51:39.247174+00:00,73,Brasilia,,Brazil,2025
5,Nil Kayaalp,L/DS,JR,,,Hofstra University,DI,CAA,Coastal Athletic Association,https://gohofstra.com/sports/womens-volleyball/roster/2025,2026-07-20T00:51:39.247174+00:00,64,Nilüfer,Bursa,Turkey,2025
6,Mairi Hadjipetrou,S,SR,,,Hofstra University,DI,CAA,Coastal Athletic Association,https://gohofstra.com/sports/womens-volleyball/roster/2025,2026-07-20T00:51:39.247174+00:00,68,Nicosia,,Cyprus,2025
9,Beatriz Braga,OH,JR,,,Hofstra University,DI,CAA,Coastal Athletic Association,https://gohofstra.com/sports/womens-volleyball/roster/2025,2026-07-20T00:51:39.247174+00:00,71,Uberlândia,,Brazil,2025
10,Izadora Stedile,OH,SR,,,Hofstra University,DI,CAA,Coastal Athletic Association,https://gohofstra.com/sports/womens-volleyball/roster/2025,2026-07-20T00:51:39.247174+00:00,67,Curitiba,Paraná,Brazil,2025
11,Ellie Pamatat,S,SO,,,Hofstra University,DI,CAA,Coastal Athletic Association,https://gohofstra.com/sports/womens-volleyball/roster/2025,2026-07-20T00:51:39.247174+00:00,69,Garden City,NY,USA,2025
13,Pinar Erol,OH,SO,,,Hofstra University,DI,CAA,Coastal Athletic Association,https://gohofstra.com/sports/womens-volleyball/roster/2025,2026-07-20T00:51:39.247174+00:00,72,Maltepe,Istanbul,Turkey,2025
15,Stella Becker,OH,FR,,,Hofstra University,DI,CAA,Coastal Athletic Association,https://gohofstra.com/sports/womens-volleyball/roster/2025,2026-07-20T00:51:39.247174+00:00,70,Bellmore,NY,USA,2025
17,Valentina Lopez Moya,MB,FR,,,Hofstra University,DI,CAA,Coastal Athletic Association,https://gohofstra.com/sports/womens-volleyball/roster/2025,2026-07-20T00:51:39.247174+00:00,73,Santa Lucía,San Juan Province,Argentina,2025
19,Julia Amorim,MB,FR,,,Hofstra University,DI,CAA,Coastal Athletic Association,https://gohofstra.com/sports/womens-volleyball/roster/2025,2026-07-20T00:51:39.247174+00:00,73,Pavuna,Rio de Janeiro,Brazil,2025
20,Ellia Zhang,L/DS,FR,,,Hofstra University,DI,CAA,Coastal Athletic Association,https://gohofstra.com/sports/womens-volleyball/roster/2025,2026-07-20T00:51:39.247174+00:00,62,New Hyde Park,NY,USA,2025
21,Constanza Perez Sain,OPP,SO,,,Hofstra University,DI,CAA,Coastal Athletic Association,https://gohofstra.com/sports/womens-volleyball/roster/2025,2026-07-20T00:51:39.247174+00:00,73,Santa Lucía,San Juan,Argentina,2025
22,Lauren Konzen,L/DS,JR,,,Hofstra University,DI,CAA,Coastal Athletic Association,https://gohofstra.com/sports/womens-volleyball/roster/2025,2026-07-20T00:51:39.247174+00:00,66,Bohemia,NY,USA,2025
23,Georgia Ahlert,MB,FR,,,Hofstra University,DI,CAA,Coastal Athletic Association,https://gohofstra.com/sports/womens-volleyball/roster/2025,2026-07-20T00:51:39.247174+00:00,72,Norman,OK,USA,2025
25,Cecilia Anderson,L/DS,FR,,,Hofstra University,DI,CAA,Coastal Athletic Association,https://gohofstra.com/sports/womens-volleyball/roster/2025,2026-07-20T00:51:39.247174+00:00,68,Eau Claire,WI,USA,2025
55,Nina Jioshvili-Ravva,S,FR,,,Hofstra University,DI,CAA,Coastal Athletic Association,https://gohofstra.com/sports/womens-volleyball/roster/2025,2026-07-20T00:51:39.247174+00:00,72,La Roquette-sur-Siagne,,France,2025
2,Chloe Richards,OH,R-FR,Magnolia,,Houston Christian University,DI,Southland,Southland Conference,https://hcuhuskies.com/sports/womens-volleyball/roster/2025,2026-07-20T00:51:41.948497+00:00,73,Magnolia,TX,USA,2025
4,Taylor Bonner-Williams,OH,FR,Iowa Colony,,Houston Christian University,DI,Southland,Southland Conference,https://hcuhuskies.com/sports/womens-volleyball/roster/2025,2026-07-20T00:51:41.948497+00:00,70,Rosharon,TX,USA,2025
5,Jade Smith,MB,SO,Ruston,,Houston Christian University,DI,Southland,Southland Conference,https://hcuhuskies.com/sports/womens-volleyball/roster/2025,2026-07-20T00:51:41.948497+00:00,71,Jonesboro,LA,USA,2025
7,Sa'Myah Medford,OH,JR,Lake Ridge,,Houston Christian University,DI,Southland,Southland Conference,https://hcuhuskies.com/sports/womens-volleyball/roster/2025,2026-07-20T00:51:41.948497+00:00,72,Mansfield,TX,USA,2025
8,Hannah Redrow,MB,JR,Hebron,,Houston Christian University,DI,Southland,Southland Conference,https://hcuhuskies.com/sports/womens-volleyball/roster/2025,2026-07-20T00:51:41.948497+00:00,74,Carrollton,TX,USA,2025
10,Cassidy Drapela,OH,SR,Lamar Consolidated,,Houston Christian University,DI,Southland,Southland Conference,https://hcuhuskies.com/sports/womens-volleyball/roster/2025,2026-07-20T00:51:41.948497+00:00,72,Richmond,TX,USA,2025
11,Allana Archie,MB,JR,Spring,,Houston Christian University,DI,Southland,Southland Conference,https://hcuhuskies.com/sports/womens-volleyball/roster/2025,2026-07-20T00:51:41.948497+00:00,73,Spring,TX,USA,2025
13,Madison Hess,S,JR,Heights,,Houston Christian University,DI,Southland,Southland Conference,https://hcuhuskies.com/sports/womens-volleyball/roster/2025,2026-07-20T00:51:41.948497+00:00,73,Houston,TX,USA,2025
16,Joya Euhus,OH,FR,Santiam Christian,,Houston Christian University,DI,Southland,Southland Conference,https://hcuhuskies.com/sports/womens-volleyball/roster/2025,2026-07-20T00:51:41.948497+00:00,73,Corvallis,OR,USA,2025
17,Ana Garza,OH,JR,Alvin,,Houston Christian University,DI,Southland,Southland Conference,https://hcuhuskies.com/sports/womens-volleyball/roster/2025,2026-07-20T00:51:41.948497+00:00,72,Alvin,TX,USA,2025
18,Peyton Fadal,S,SO,Barbers Hill,,Houston Christian University,DI,Southland,Southland Conference,https://hcuhuskies.com/sports/womens-volleyball/roster/2025,2026-07-20T00:51:41.948497+00:00,69,Baytown,TX,USA,2025
19,Tobey Allen,S,FR,Yucaipa,,Houston Christian University,DI,Southland,Southland Conference,https://hcuhuskies.com/sports/womens-volleyball/roster/2025,2026-07-20T00:51:41.948497+00:00,74,Yucaipa,CA,USA,2025
1,Halie,L/DS,,Sierra Canyon H.S.,,Howard University,DI,MEAC,Mid-Eastern Athletic Conf.,https://hubison.com/sports/womens-volleyball/roster/2025,2026-07-20T00:51:46.767803+00:00,70,Calabasas,CA,USA,2025
2,Kristen,MB,,Long Beach Polytechnic H.S.,,Howard University,DI,MEAC,Mid-Eastern Athletic Conf.,https://hubison.com/sports/womens-volleyball/roster/2025,2026-07-20T00:51:46.767803+00:00,73,Carson,CA,USA,2025
3,Madisyn,L/DS,,South Fayette HS,,Howard University,DI,MEAC,Mid-Eastern Athletic Conf.,https://hubison.com/sports/womens-volleyball/roster/2025,2026-07-20T00:51:46.767803+00:00,65,Bridgeville,PA,USA,2025
4,Claire,L/DS,,Plainfield North H.S.,,Howard University,DI,MEAC,Mid-Eastern Athletic Conf.,https://hubison.com/sports/womens-volleyball/roster/2025,2026-07-20T00:51:46.767803+00:00,66,Plainfield,IL,USA,2025
5,Alexys,S,,Fulshear H.S.,,Howard University,DI,MEAC,Mid-Eastern Athletic Conf.,https://hubison.com/sports/womens-volleyball/roster/2025,2026-07-20T00:51:46.767803+00:00,69,Houston,TX,USA,2025
6,Sydnei,S,,North Catholic HS,,Howard University,DI,MEAC,Mid-Eastern Athletic Conf.,https://hubison.com/sports/womens-volleyball/roster/2025,2026-07-20T00:51:46.767803+00:00,68,Bridgeville,PA,USA,2025
8,Aziah,OH,,Briarcrest Christian School,North Carolina,Howard University,DI,MEAC,Mid-Eastern Athletic Conf.,https://hubison.com/sports/womens-volleyball/roster/2025,2026-07-20T00:51:46.767803+00:00,72,Memphis,TN,USA,2025
9,Rya,OH,,Hoover H.S.,,Howard University,DI,MEAC,Mid-Eastern Athletic Conf.,https://hubison.com/sports/womens-volleyball/roster/2025,2026-07-20T00:51:46.767803+00:00,71,Hoover,AL,USA,2025
11,Maddie,OH,,Brebeuf Jesuit Prep,,Howard University,DI,MEAC,Mid-Eastern Athletic Conf.,https://hubison.com/sports/womens-volleyball/roster/2025,2026-07-20T00:51:46.767803+00:00,71,Fishers,IN,USA,2025
12,Camryn,L/DS,,Ardrey Kell H.S.,UCF,Howard University,DI,MEAC,Mid-Eastern Athletic Conf.,https://hubison.com/sports/womens-volleyball/roster/2025,2026-07-20T00:51:46.767803+00:00,67,Charlotte,NC,USA,2025
13,Leah,S,,Allen H.S.,,Howard University,DI,MEAC,Mid-Eastern Athletic Conf.,https://hubison.com/sports/womens-volleyball/roster/2025,2026-07-20T00:51:46.767803+00:00,69,Allen,TX,USA,2025
14,Reese,OPP,,IMG Academy,,Howard University,DI,MEAC,Mid-Eastern Athletic Conf.,https://hubison.com/sports/womens-volleyball/roster/2025,2026-07-20T00:51:46.767803+00:00,72,Atlanta,GA,USA,2025
15,Kaitlynn,MB,,Westmoore HS,,Howard University,DI,MEAC,Mid-Eastern Athletic Conf.,https://hubison.com/sports/womens-volleyball/roster/2025,2026-07-20T00:51:46.767803+00:00,75,Oklahoma City,OK,USA,2025
16,Bailey,S,,Montverde Academy,,Howard University,DI,MEAC,Mid-Eastern Athletic Conf.,https://hubison.com/sports/womens-volleyball/roster/2025,2026-07-20T00:51:46.767803+00:00,72,Windermere,FL,USA,2025
18,Zenai,MB,,Ranchview H.S.,Texas State,Howard University,DI,MEAC,Mid-Eastern Athletic Conf.,https://hubison.com/sports/womens-volleyball/roster/2025,2026-07-20T00:51:46.767803+00:00,73,Dallas,TX,USA,2025
20,Gabby,L/DS,,Reservoir HS,,Howard University,DI,MEAC,Mid-Eastern Athletic Conf.,https://hubison.com/sports/womens-volleyball/roster/2025,2026-07-20T00:51:46.767803+00:00,65,Laurel,MD,USA,2025
22,Corinne,OH,,Richard Montgomery HS,,Howard University,DI,MEAC,Mid-Eastern Athletic Conf.,https://hubison.com/sports/womens-volleyball/roster/2025,2026-07-20T00:51:46.767803+00:00,71,Derwood,MD,USA,2025
23,Bella,OH,,Lee's Summit West H.S.,,Howard University,DI,MEAC,Mid-Eastern Athletic Conf.,https://hubison.com/sports/womens-volleyball/roster/2025,2026-07-20T00:51:46.767803+00:00,71,Kansas City,MO,USA,2025
33,Kennedi,OH,,Plano East H.S.,Texas Permian Basin,Howard University,DI,MEAC,Mid-Eastern Athletic Conf.,https://hubison.com/sports/womens-volleyball/roster/2025,2026-07-20T00:51:46.767803+00:00,69,Plano,TX,USA,2025
7,Meline Shulikov,OPP,SR,Spanish Fork HS,,Idaho State University,DI,Big Sky,Big Sky Conference,https://isubengals.com/sports/womens-volleyball/roster/2025,2026-07-20T00:51:49.921069+00:00,71,Spanish Fork,UT,USA,2025
9,Nora Waddoups,S,FR,Madison HS,,Idaho State University,DI,Big Sky,Big Sky Conference,https://isubengals.com/sports/womens-volleyball/roster/2025,2026-07-20T00:51:49.921069+00:00,69,Rexburg,ID,USA,2025
11,Ashlyn Smith,MB,R-FR,Highland HS,,Idaho State University,DI,Big Sky,Big Sky Conference,https://isubengals.com/sports/womens-volleyball/roster/2025,2026-07-20T00:51:49.921069+00:00,73,Chubbuck,ID,USA,2025
14,Kadrianna Peterson,MB,FR,"Mountain Home, ID",,Idaho State University,DI,Big Sky,Big Sky Conference,https://isubengals.com/sports/womens-volleyball/roster/2025,2026-07-20T00:51:49.921069+00:00,75,Mountain Home,ID,USA,2025
15,Marci Bell,MB,SR,North Summit HS,,Idaho State University,DI,Big Sky,Big Sky Conference,https://isubengals.com/sports/womens-volleyball/roster/2025,2026-07-20T00:51:49.921069+00:00,69,Henefer,UT,USA,2025
18,Kadence Marsh,S,FR,Windsor HS,,Idaho State University,DI,Big Sky,Big Sky Conference,https://isubengals.com/sports/womens-volleyball/roster/2025,2026-07-20T00:51:49.921069+00:00,72,Windsor,CO,USA,2025
22,Daelyn Harris,MB,FR,Centennial HS,,Idaho State University,DI,Big Sky,Big Sky Conference,https://isubengals.com/sports/womens-volleyball/roster/2025,2026-07-20T00:51:49.921069+00:00,72,Boise,ID,USA,2025
24,Keilee Eskelsen,OH,FR,Central Valley HS,,Idaho State University,DI,Big Sky,Big Sky Conference,https://isubengals.com/sports/womens-volleyball/roster/2025,2026-07-20T00:51:49.921069+00:00,71,Spokane,WA,USA,2025
26,Jaydin Watts,MB,JR,Paraclete HS,,Idaho State University,DI,Big Sky,Big Sky Conference,https://isubengals.com/sports/womens-volleyball/roster/2025,2026-07-20T00:51:49.921069+00:00,71,Lancaster,CA,USA,2025
2,Khenedi Guest,MB,SO,Benton HS,,Illinois State University,DI,MVC,Missouri Valley Conference,https://goredbirds.com/sports/womens-volleyball/roster/2025,2026-07-20T00:51:52.568036+00:00,74,Benton,AR,USA,2025
4,Madison Smith,L/DS,JR,St. Joseph's Academy,,Illinois State University,DI,MVC,Missouri Valley Conference,https://goredbirds.com/sports/womens-volleyball/roster/2025,2026-07-20T00:51:52.568036+00:00,67,St. Louis,MO,USA,2025
5,Sammi Bunch,L/DS,SR,Romeoville HS / Tusculum,,Illinois State University,DI,MVC,Missouri Valley Conference,https://goredbirds.com/sports/womens-volleyball/roster/2025,2026-07-20T00:51:52.568036+00:00,68,Romeoville,IL,USA,2025
6,Logan Grevengoed,OPP,R-JR,Chicago Christian HS / Western Kentucky,,Illinois State University,DI,MVC,Missouri Valley Conference,https://goredbirds.com/sports/womens-volleyball/roster/2025,2026-07-20T00:51:52.568036+00:00,75,South Holland,IL,USA,2025
9,Ella Craggs,S,FR,Northville HS,,Illinois State University,DI,MVC,Missouri Valley Conference,https://goredbirds.com/sports/womens-volleyball/roster/2025,2026-07-20T00:51:52.568036+00:00,69,Northville,MI,USA,2025
12,Ne'Khaela Rogers,MB,FR,Centennial HS,,Illinois State University,DI,MVC,Missouri Valley Conference,https://goredbirds.com/sports/womens-volleyball/roster/2025,2026-07-20T00:51:52.568036+00:00,72,Burleson,TX,USA,2025
13,Colleen Hege,L/DS,SR,Saint Thomas More HS / UIC,,Illinois State University,DI,MVC,Missouri Valley Conference,https://goredbirds.com/sports/womens-volleyball/roster/2025,2026-07-20T00:51:52.568036+00:00,68,Champaign,IL,USA,2025
14,Devynn Schulze,L/DS,FR,Woodstock North HS,,Illinois State University,DI,MVC,Missouri Valley Conference,https://goredbirds.com/sports/womens-volleyball/roster/2025,2026-07-20T00:51:52.568036+00:00,66,Wonder Lake,IL,USA,2025
19,Hannah Reichensperger,MB,SR,Northeast Range HS,,Illinois State University,DI,MVC,Missouri Valley Conference,https://goredbirds.com/sports/womens-volleyball/roster/2025,2026-07-20T00:51:52.568036+00:00,73,Tower,MN,USA,2025
21,Audrey Clark,S,JR,Wakeland HS / Creighton,,Illinois State University,DI,MVC,Missouri Valley Conference,https://goredbirds.com/sports/womens-volleyball/roster/2025,2026-07-20T00:51:52.568036+00:00,69,Frisco,TX,USA,2025
3,Sydney King,MB,FR,Mount Juliet,,Indiana State University,DI,MVC,Missouri Valley Conference,https://gosycamores.com/sports/womens-volleyball/roster/2025,2026-07-20T00:51:55.385540+00:00,71,Lebanon,TN,USA,2025
4,Ella Scott,MB,JR,Plainfield,,Indiana State University,DI,MVC,Missouri Valley Conference,https://gosycamores.com/sports/womens-volleyball/roster/2025,2026-07-20T00:51:55.385540+00:00,73,Plainfield,IN,USA,2025
6,Lily Mueller,MB,JR,Genoa-Kingston,,Indiana State University,DI,MVC,Missouri Valley Conference,https://gosycamores.com/sports/womens-volleyball/roster/2025,2026-07-20T00:51:55.385540+00:00,73,Genoa,IL,USA,2025
7,Ava Robart,OH,FR,Potosi,,Indiana State University,DI,MVC,Missouri Valley Conference,https://gosycamores.com/sports/womens-volleyball/roster/2025,2026-07-20T00:51:55.385540+00:00,72,Potosi,MO,USA,2025
8,Hadley Hardersen,S,FR,Des Moines Christian,,Indiana State University,DI,MVC,Missouri Valley Conference,https://gosycamores.com/sports/womens-volleyball/roster/2025,2026-07-20T00:51:55.385540+00:00,72,Urbandale,IA,USA,2025
9,Anna Ptacin,MB,SO,Hononegah,,Indiana State University,DI,MVC,Missouri Valley Conference,https://gosycamores.com/sports/womens-volleyball/roster/2025,2026-07-20T00:51:55.385540+00:00,74,Roscoe,IL,USA,2025
10,Emily Weber,S,SR,Hamilton Southeastern,,Indiana State University,DI,MVC,Missouri Valley Conference,https://gosycamores.com/sports/womens-volleyball/roster/2025,2026-07-20T00:51:55.385540+00:00,72,Fishers,IN,USA,2025
12,Corinne Knapp,OH,FR,Bloom-Carroll,,Indiana State University,DI,MVC,Missouri Valley Conference,https://gosycamores.com/sports/womens-volleyball/roster/2025,2026-07-20T00:51:55.385540+00:00,70,Lithopolis,OH,USA,2025
13,Sophia Mayo,OH,R-FR,Perry Meridian,,Indiana State University,DI,MVC,Missouri Valley Conference,https://gosycamores.com/sports/womens-volleyball/roster/2025,2026-07-20T00:51:55.385540+00:00,74,Indianapolis,IN,USA,2025
14,Curry Kendall,OH,SO,Bishop Kelley,,Indiana State University,DI,MVC,Missouri Valley Conference,https://gosycamores.com/sports/womens-volleyball/roster/2025,2026-07-20T00:51:55.385540+00:00,73,Tulsa,OK,USA,2025
18,Kira Holland,OH,JR,Medina,,Indiana State University,DI,MVC,Missouri Valley Conference,https://gosycamores.com/sports/womens-volleyball/roster/2025,2026-07-20T00:51:55.385540+00:00,74,Medina,OH,USA,2025
19,Avery Hales,S,JR,Warsaw Community,,Indiana State University,DI,MVC,Missouri Valley Conference,https://gosycamores.com/sports/womens-volleyball/roster/2025,2026-07-20T00:51:55.385540+00:00,71,Cromwell,IN,USA,2025
21,Taylor Knuth,MB,JR,Glenbrook South,,Indiana State University,DI,MVC,Missouri Valley Conference,https://gosycamores.com/sports/womens-volleyball/roster/2025,2026-07-20T00:51:55.385540+00:00,71,Glenview,IL,USA,2025
22,Kimora Whetstone,MB,SR,Lawrence North,,Indiana State University,DI,MVC,Missouri Valley Conference,https://gosycamores.com/sports/womens-volleyball/roster/2025,2026-07-20T00:51:55.385540+00:00,69,Indianapolis,IN,USA,2025
1,Morgan Ostrowski,MB,,Garrett,,Indiana University Indianapolis,DI,Horizon,Horizon League,https://iuindyjags.com/sports/womens-volleyball/roster/2025,2026-07-20T00:51:58.312109+00:00,73,Auburn,IN,USA,2025
2,Grace Purichia,S,,Providence,,Indiana University Indianapolis,DI,Horizon,Horizon League,https://iuindyjags.com/sports/womens-volleyball/roster/2025,2026-07-20T00:51:58.312109+00:00,67,New Albany,IN,USA,2025
3,Jordyn Pax,L/DS,,Plainfield,Monmouth Univ.,Indiana University Indianapolis,DI,Horizon,Horizon League,https://iuindyjags.com/sports/womens-volleyball/roster/2025,2026-07-20T00:51:58.312109+00:00,64,Plainfield,IN,USA,2025
4,Jillian Tippmann,OPP,,Bishop Dwenger,,Indiana University Indianapolis,DI,Horizon,Horizon League,https://iuindyjags.com/sports/womens-volleyball/roster/2025,2026-07-20T00:51:58.312109+00:00,70,Fort Wayne,IN,USA,2025
5,Kate White,OPP,,Colerain,,Indiana University Indianapolis,DI,Horizon,Horizon League,https://iuindyjags.com/sports/womens-volleyball/roster/2025,2026-07-20T00:51:58.312109+00:00,70,Cincinnati,OH,USA,2025
6,Lila Britt,MB,,South Warren,,Indiana University Indianapolis,DI,Horizon,Horizon League,https://iuindyjags.com/sports/womens-volleyball/roster/2025,2026-07-20T00:51:58.312109+00:00,73,Bowling Green,KY,USA,2025
7,Ava Harris,OPP,,Noblesville,,Indiana University Indianapolis,DI,Horizon,Horizon League,https://iuindyjags.com/sports/womens-volleyball/roster/2025,2026-07-20T00:51:58.312109+00:00,70,Noblesville,IN,USA,2025
8,Kate Jacquay,S,,Homestead,,Indiana University Indianapolis,DI,Horizon,Horizon League,https://iuindyjags.com/sports/womens-volleyball/roster/2025,2026-07-20T00:51:58.312109+00:00,69,Fort Wayne,IN,USA,2025
9,Brynn Zastrow,L/DS,,Fishers,,Indiana University Indianapolis,DI,Horizon,Horizon League,https://iuindyjags.com/sports/womens-volleyball/roster/2025,2026-07-20T00:51:58.312109+00:00,66,Fishers,IN,USA,2025
10,Maia Long,OH,,Dixie Heights,,Indiana University Indianapolis,DI,Horizon,Horizon League,https://iuindyjags.com/sports/womens-volleyball/roster/2025,2026-07-20T00:51:58.312109+00:00,70,Erlanger,KY,USA,2025
11,Elle Patterson,OH,,Tri-West,San Jose State,Indiana University Indianapolis,DI,Horizon,Horizon League,https://iuindyjags.com/sports/womens-volleyball/roster/2025,2026-07-20T00:51:58.312109+00:00,72,Greencastle,IN,USA,2025
12,Laura Roeder,L/DS,,Trinity Lutheran,,Indiana University Indianapolis,DI,Horizon,Horizon League,https://iuindyjags.com/sports/womens-volleyball/roster/2025,2026-07-20T00:51:58.312109+00:00,63,Seymour,IN,USA,2025
13,Kennedy Seputis,L/DS,,Springboro,,Indiana University Indianapolis,DI,Horizon,Horizon League,https://iuindyjags.com/sports/womens-volleyball/roster/2025,2026-07-20T00:51:58.312109+00:00,67,Springboro,OH,USA,2025
15,Amanda Stephens,MB,,Southeastern,,Indiana University Indianapolis,DI,Horizon,Horizon League,https://iuindyjags.com/sports/womens-volleyball/roster/2025,2026-07-20T00:51:58.312109+00:00,72,Bowen,IL,USA,2025
18,Ninah Miranda,OH,,Lebanon,Lipscomb,Indiana University Indianapolis,DI,Horizon,Horizon League,https://iuindyjags.com/sports/womens-volleyball/roster/2025,2026-07-20T00:51:58.312109+00:00,72,Lebanon,OH,USA,2025
24,Chloe Macias,MB,,Noblesville,,Indiana University Indianapolis,DI,Horizon,Horizon League,https://iuindyjags.com/sports/womens-volleyball/roster/2025,2026-07-20T00:51:58.312109+00:00,72,Bakersfield,CA,USA,2025
1,Hope Briggs,OPP,JR,DeSoto HS,,Jackson State University,DI,SWAC,Southwestern Athletic Conf.,https://gojsutigers.com/sports/womens-volleyball/roster/2025,2026-07-20T00:52:08.858138+00:00,72,Cedar Hill,TX,USA,2025
2,Jayden James,OH,SR,Basha High School,,Jackson State University,DI,SWAC,Southwestern Athletic Conf.,https://gojsutigers.com/sports/womens-volleyball/roster/2025,2026-07-20T00:52:08.858138+00:00,69,Chandler,AZ,USA,2025
6,Naija Gadis,S,JR,Brebeuf Jesuit Preparatory School,,Jackson State University,DI,SWAC,Southwestern Athletic Conf.,https://gojsutigers.com/sports/womens-volleyball/roster/2025,2026-07-20T00:52:08.858138+00:00,67,Indianapolis,IN,USA,2025
7,Giannelle Asomani,L/DS,FR,Rock Hill HS,,Jackson State University,DI,SWAC,Southwestern Athletic Conf.,https://gojsutigers.com/sports/womens-volleyball/roster/2025,2026-07-20T00:52:08.858138+00:00,63,McKinney,TX,USA,2025
8,Mackenzie Moore,OH,FR,Marietta HS,,Jackson State University,DI,SWAC,Southwestern Athletic Conf.,https://gojsutigers.com/sports/womens-volleyball/roster/2025,2026-07-20T00:52:08.858138+00:00,69,Powder Springs,GA,USA,2025
9,Shelby Zanders,MB,FR,Elite Stars Academy,,Jackson State University,DI,SWAC,Southwestern Athletic Conf.,https://gojsutigers.com/sports/womens-volleyball/roster/2025,2026-07-20T00:52:08.858138+00:00,72,Jonesboro,GA,USA,2025
10,Karys Dove,S,SR,Hendrickson HS,,Jackson State University,DI,SWAC,Southwestern Athletic Conf.,https://gojsutigers.com/sports/womens-volleyball/roster/2025,2026-07-20T00:52:08.858138+00:00,68,Pflugerville,TX,USA,2025
13,Makenzie Washington,OPP,SR,Lake Ridge HS,,Jackson State University,DI,SWAC,Southwestern Athletic Conf.,https://gojsutigers.com/sports/womens-volleyball/roster/2025,2026-07-20T00:52:08.858138+00:00,69,Grand Prairie,TX,USA,2025
14,Ryleigh Davis,S,FR,Lake Ridge HS,,Jackson State University,DI,SWAC,Southwestern Athletic Conf.,https://gojsutigers.com/sports/womens-volleyball/roster/2025,2026-07-20T00:52:08.858138+00:00,72,Mansfield,TX,USA,2025
15,Kyra Dove,MB,JR,Hendrickson HS,,Jackson State University,DI,SWAC,Southwestern Athletic Conf.,https://gojsutigers.com/sports/womens-volleyball/roster/2025,2026-07-20T00:52:08.858138+00:00,70,Pflugerville,TX,USA,2025
16,Maya Reeves,L/DS,JR,St. John's College HS,,Jackson State University,DI,SWAC,Southwestern Athletic Conf.,https://gojsutigers.com/sports/womens-volleyball/roster/2025,2026-07-20T00:52:08.858138+00:00,68,Upper Marlboro,MD,USA,2025
17,Kymorah Carter,L/DS,SR,Cedar Park HS,,Jackson State University,DI,SWAC,Southwestern Athletic Conf.,https://gojsutigers.com/sports/womens-volleyball/roster/2025,2026-07-20T00:52:08.858138+00:00,66,Cedar Park,TX,USA,2025
18,Kayla Troutman,S,SO,Westiminster Academy,,Jackson State University,DI,SWAC,Southwestern Athletic Conf.,https://gojsutigers.com/sports/womens-volleyball/roster/2025,2026-07-20T00:52:08.858138+00:00,67,Pembroke Pines,FL,USA,2025
19,Malaya Hall,MB,SO,Hesperia HS,,Jackson State University,DI,SWAC,Southwestern Athletic Conf.,https://gojsutigers.com/sports/womens-volleyball/roster/2025,2026-07-20T00:52:08.858138+00:00,70,Hesperia,CA,USA,2025
2,Sydney Fischer,S,FR,Lexington,,Jacksonville University,DI,ASUN,Atlantic Sun Conference,https://judolphins.com/sports/womens-volleyball/roster/2025,2026-07-20T00:52:14.646532+00:00,69,Lexington,SC,USA,2025
3,Bella Dearinger,S,GR,Delta,,Jacksonville University,DI,ASUN,Atlantic Sun Conference,https://judolphins.com/sports/womens-volleyball/roster/2025,2026-07-20T00:52:14.646532+00:00,69,Muncie,IN,USA,2025
5,Rebekah Williams,OH,SR,Smithson Valley,,Jacksonville University,DI,ASUN,Atlantic Sun Conference,https://judolphins.com/sports/womens-volleyball/roster/2025,2026-07-20T00:52:14.646532+00:00,69,Spring Branch,TX,USA,2025
7,Alija Heins,MB,JR,Schul- und Leistungssportzentrum Berlin,,Jacksonville University,DI,ASUN,Atlantic Sun Conference,https://judolphins.com/sports/womens-volleyball/roster/2025,2026-07-20T00:52:14.646532+00:00,73,Gifhorn,,Germany,2025
8,Claire Mrukowski,OH,JR,Oletangy Liberty,,Jacksonville University,DI,ASUN,Atlantic Sun Conference,https://judolphins.com/sports/womens-volleyball/roster/2025,2026-07-20T00:52:14.646532+00:00,72,Powell,OH,USA,2025
9,Lydia Mesusan,MB,SR,Klein,,Jacksonville University,DI,ASUN,Atlantic Sun Conference,https://judolphins.com/sports/womens-volleyball/roster/2025,2026-07-20T00:52:14.646532+00:00,73,Spring,TX,USA,2025
10,Jade Cuya Cobos,S,JR,Universidad San Martín,,Jacksonville University,DI,ASUN,Atlantic Sun Conference,https://judolphins.com/sports/womens-volleyball/roster/2025,2026-07-20T00:52:14.646532+00:00,70,Lima,,Peru,2025
11,Haley Yount,MB,SO,Northwest,,Jacksonville University,DI,ASUN,Atlantic Sun Conference,https://judolphins.com/sports/womens-volleyball/roster/2025,2026-07-20T00:52:14.646532+00:00,74,St. Louis,MO,USA,2025
20,Kristina Nika,L/DS,SR,Bishop Kenny,,Jacksonville University,DI,ASUN,Atlantic Sun Conference,https://judolphins.com/sports/womens-volleyball/roster/2025,2026-07-20T00:52:14.646532+00:00,65,Jacksonville,FL,USA,2025
21,Zoey Vandel,OH,FR,Arnold,,Jacksonville University,DI,ASUN,Atlantic Sun Conference,https://judolphins.com/sports/womens-volleyball/roster/2025,2026-07-20T00:52:14.646532+00:00,70,Panama City Beach,FL,USA,2025
22,Madi Novak,OH,GR,Quartz Hill,,Jacksonville University,DI,ASUN,Atlantic Sun Conference,https://judolphins.com/sports/womens-volleyball/roster/2025,2026-07-20T00:52:14.646532+00:00,72,Lancaster,CA,USA,2025
1,Kennedy Louisell,OH,JR,Forest Hills Northern,,James Madison University,DI,SBC,Sun Belt Conference,https://jmusports.com/sports/womens-volleyball/roster/2025,2026-07-20T00:52:17.387069+00:00,72,Grand Rapids,MI,USA,2025
2,Grace Wenrich,S,SR,Oconee County,,James Madison University,DI,SBC,Sun Belt Conference,https://jmusports.com/sports/womens-volleyball/roster/2025,2026-07-20T00:52:17.387069+00:00,69,Watkinsville,GA,USA,2025
5,Julia McNeley,L/DS,SR,Sacred Heart,,James Madison University,DI,SBC,Sun Belt Conference,https://jmusports.com/sports/womens-volleyball/roster/2025,2026-07-20T00:52:17.387069+00:00,69,Louisville,KY,USA,2025
6,Addie Norman,OH,FR,John T. Hoggard High School,,James Madison University,DI,SBC,Sun Belt Conference,https://jmusports.com/sports/womens-volleyball/roster/2025,2026-07-20T00:52:17.387069+00:00,76,Wilmington,NC,USA,2025
7,Peri Linterman,MB,FR,Riverbend,,James Madison University,DI,SBC,Sun Belt Conference,https://jmusports.com/sports/womens-volleyball/roster/2025,2026-07-20T00:52:17.387069+00:00,75,Fredericksburg,VA,USA,2025
8,Anna Wilson,MB,JR,Nelson,,James Madison University,DI,SBC,Sun Belt Conference,https://jmusports.com/sports/womens-volleyball/roster/2025,2026-07-20T00:52:17.387069+00:00,75,Burlington,,Ontario,2025
9,Ayen Nhial,MB,SO,Seneca High School,,James Madison University,DI,SBC,Sun Belt Conference,https://jmusports.com/sports/womens-volleyball/roster/2025,2026-07-20T00:52:17.387069+00:00,74,Louisville,KY,USA,2025
11,Sarah Schnell,OPP,SO,Pembroke Pines Charter High School,,James Madison University,DI,SBC,Sun Belt Conference,https://jmusports.com/sports/womens-volleyball/roster/2025,2026-07-20T00:52:17.387069+00:00,75,Pembroke Pines,FL,USA,2025
12,Rebecca Watkins,S,JR,Lassiter,,James Madison University,DI,SBC,Sun Belt Conference,https://jmusports.com/sports/womens-volleyball/roster/2025,2026-07-20T00:52:17.387069+00:00,72,Roswell,GA,USA,2025
13,Ana Toumazatos,OH,FR,Langley,,James Madison University,DI,SBC,Sun Belt Conference,https://jmusports.com/sports/womens-volleyball/roster/2025,2026-07-20T00:52:17.387069+00:00,72,Great Falls,VA,USA,2025
14,Jordan Smart,S,SO,Ronald Wilson High School,,James Madison University,DI,SBC,Sun Belt Conference,https://jmusports.com/sports/womens-volleyball/roster/2025,2026-07-20T00:52:17.387069+00:00,68,Winston-Salem,NC,USA,2025
15,B'Lise Bradley,MB,FR,Shaker Heights High School,,James Madison University,DI,SBC,Sun Belt Conference,https://jmusports.com/sports/womens-volleyball/roster/2025,2026-07-20T00:52:17.387069+00:00,76,Shaker Heights,OH,USA,2025
16,Shelby Davis,L/DS,FR,Oldham County High School,,James Madison University,DI,SBC,Sun Belt Conference,https://jmusports.com/sports/womens-volleyball/roster/2025,2026-07-20T00:52:17.387069+00:00,69,Smithfield,KY,USA,2025
17,Sydney Lewis,L/DS,JR,Bartram Trail,,James Madison University,DI,SBC,Sun Belt Conference,https://jmusports.com/sports/womens-volleyball/roster/2025,2026-07-20T00:52:17.387069+00:00,68,Saint Johns,FL,USA,2025
20,Melisa Ilter,OPP,R-JR,,,James Madison University,DI,SBC,Sun Belt Conference,https://jmusports.com/sports/womens-volleyball/roster/2025,2026-07-20T00:52:17.387069+00:00,76,Bursa,,Turkey,2025
1,Greta Bolognini,L/DS,SR,,McCook C.C.,Kent State University,DI,Mid American,Mid-American Conference,https://kentstatesports.com/sports/womens-volleyball/roster/2025,2026-07-20T00:52:25.769067+00:00,68,Bergamo,,Italy,2025
2,Avrey Rigney,OH,SO,,Madison Central,Kent State University,DI,Mid American,Mid-American Conference,https://kentstatesports.com/sports/womens-volleyball/roster/2025,2026-07-20T00:52:25.769067+00:00,74,Richmond,KY,USA,2025
3,Kaelynn Burge,S,SO,,Urbana,Kent State University,DI,Mid American,Mid-American Conference,https://kentstatesports.com/sports/womens-volleyball/roster/2025,2026-07-20T00:52:25.769067+00:00,68,Frederick,MD,USA,2025
4,Hailey Brenner,L/DS,SO,,Gulliver Prep,Kent State University,DI,Mid American,Mid-American Conference,https://kentstatesports.com/sports/womens-volleyball/roster/2025,2026-07-20T00:52:25.769067+00:00,68,Miami,FL,USA,2025
5,Lesley Furuta,L/DS,SO,,Bishop Watterson,Kent State University,DI,Mid American,Mid-American Conference,https://kentstatesports.com/sports/womens-volleyball/roster/2025,2026-07-20T00:52:25.769067+00:00,66,Columbus,OH,USA,2025
6,Liliana Mechura,MB,R-JR,,Odessa College,Kent State University,DI,Mid American,Mid-American Conference,https://kentstatesports.com/sports/womens-volleyball/roster/2025,2026-07-20T00:52:25.769067+00:00,73,Lakeway,TX,USA,2025
7,Mercedez Brown,OH,JR,,Kansas City Kansas C.C.,Kent State University,DI,Mid American,Mid-American Conference,https://kentstatesports.com/sports/womens-volleyball/roster/2025,2026-07-20T00:52:25.769067+00:00,69,Clinton,MO,USA,2025
8,Nadia Miller,MB,SO,,Eastwood,Kent State University,DI,Mid American,Mid-American Conference,https://kentstatesports.com/sports/womens-volleyball/roster/2025,2026-07-20T00:52:25.769067+00:00,72,Bowling Green,OH,USA,2025
9,Paige McGee,OPP,SR,,Southwestern Christian,Kent State University,DI,Mid American,Mid-American Conference,https://kentstatesports.com/sports/womens-volleyball/roster/2025,2026-07-20T00:52:25.769067+00:00,70,Oak Cliff,TX,USA,2025
10,Macie Moreland,OH,FR,,Bishop Watterson,Kent State University,DI,Mid American,Mid-American Conference,https://kentstatesports.com/sports/womens-volleyball/roster/2025,2026-07-20T00:52:25.769067+00:00,72,Dublin,OH,USA,2025
11,Mackenzie McGuire,OH,SR,,Broken Arrow,Kent State University,DI,Mid American,Mid-American Conference,https://kentstatesports.com/sports/womens-volleyball/roster/2025,2026-07-20T00:52:25.769067+00:00,74,Broken Arrow,OK,USA,2025
12,Catie Patterson,L/DS,FR,,Woodridge,Kent State University,DI,Mid American,Mid-American Conference,https://kentstatesports.com/sports/womens-volleyball/roster/2025,2026-07-20T00:52:25.769067+00:00,65,Cuyahoga Falls,OH,USA,2025
14,Christina Vigil,S,JR,,Enterprise State C.C.,Kent State University,DI,Mid American,Mid-American Conference,https://kentstatesports.com/sports/womens-volleyball/roster/2025,2026-07-20T00:52:25.769067+00:00,70,Houston,TX,USA,2025
15,Sydney Walker,S,JR,,Tyler J.C.,Kent State University,DI,Mid American,Mid-American Conference,https://kentstatesports.com/sports/womens-volleyball/roster/2025,2026-07-20T00:52:25.769067+00:00,67,Greenville,TX,USA,2025
16,Adalynn Ginley,MB,R-SO,,Marshall,Kent State University,DI,Mid American,Mid-American Conference,https://kentstatesports.com/sports/womens-volleyball/roster/2025,2026-07-20T00:52:25.769067+00:00,75,North Ridgeville,OH,USA,2025
18,Abbey Debevec,OH,FR,,Jackson,Kent State University,DI,Mid American,Mid-American Conference,https://kentstatesports.com/sports/womens-volleyball/roster/2025,2026-07-20T00:52:25.769067+00:00,69,Massillon,OH,USA,2025
1,Drew Brown,OH,SR,Gaston Day School,,Lehigh University,DI,PL,Patriot League,https://lehighsports.com/sports/womens-volleyball/roster/2025,2026-07-20T00:52:33.354615+00:00,69,Charlotte,NC,USA,2025
2,Dakota Arnette,OH,SO,Westminster Academy,,Lehigh University,DI,PL,Patriot League,https://lehighsports.com/sports/womens-volleyball/roster/2025,2026-07-20T00:52:33.354615+00:00,71,Boynton Beach,FL,USA,2025
3,Chloe Fisher,S,FY.,Smithsburg,,Lehigh University,DI,PL,Patriot League,https://lehighsports.com/sports/womens-volleyball/roster/2025,2026-07-20T00:52:33.354615+00:00,68,Hagerstown,MD,USA,2025
4,Arden Below,S,SR,Springfield Central,,Lehigh University,DI,PL,Patriot League,https://lehighsports.com/sports/womens-volleyball/roster/2025,2026-07-20T00:52:33.354615+00:00,72,Springfield,MO,USA,2025
6,Jaidyn Garcia,OPP,JR,North Cobb,,Lehigh University,DI,PL,Patriot League,https://lehighsports.com/sports/womens-volleyball/roster/2025,2026-07-20T00:52:33.354615+00:00,72,Kennesaw,GA,USA,2025
7,Sophia Bond,L/DS,SO,St. Thomas Aquinas,,Lehigh University,DI,PL,Patriot League,https://lehighsports.com/sports/womens-volleyball/roster/2025,2026-07-20T00:52:33.354615+00:00,66,Olathe,KS,USA,2025
8,Olivia Lasee,MB,JR,Appleton North,,Lehigh University,DI,PL,Patriot League,https://lehighsports.com/sports/womens-volleyball/roster/2025,2026-07-20T00:52:33.354615+00:00,74,Appleton,WI,USA,2025
9,Grace Slovensky,S,SO,Great Bridge (Old Dominion),,Lehigh University,DI,PL,Patriot League,https://lehighsports.com/sports/womens-volleyball/roster/2025,2026-07-20T00:52:33.354615+00:00,73,Chesapeake,VA,USA,2025
10,Madison McCartney,MB,SR,Yorktown,,Lehigh University,DI,PL,Patriot League,https://lehighsports.com/sports/womens-volleyball/roster/2025,2026-07-20T00:52:33.354615+00:00,72,Arlington,VA,USA,2025
11,Lauryn Allen,OH,FY.,McDonough School,,Lehigh University,DI,PL,Patriot League,https://lehighsports.com/sports/womens-volleyball/roster/2025,2026-07-20T00:52:33.354615+00:00,69,Hagerstown,MD,USA,2025
12,Jana Jankowski,MB,FY.,Hudson,,Lehigh University,DI,PL,Patriot League,https://lehighsports.com/sports/womens-volleyball/roster/2025,2026-07-20T00:52:33.354615+00:00,73,Hudson,WI,USA,2025
14,Ufuoma Omene,OPP,JR,Marist,,Lehigh University,DI,PL,Patriot League,https://lehighsports.com/sports/womens-volleyball/roster/2025,2026-07-20T00:52:33.354615+00:00,71,South Holland,IL,USA,2025
15,Mary Massias,OH,FY.,The Rock School,,Lehigh University,DI,PL,Patriot League,https://lehighsports.com/sports/womens-volleyball/roster/2025,2026-07-20T00:52:33.354615+00:00,71,Gainesville,FL,USA,2025
18,Alysia Fingall,OH,JR,Mosley,,Lehigh University,DI,PL,Patriot League,https://lehighsports.com/sports/womens-volleyball/roster/2025,2026-07-20T00:52:33.354615+00:00,70,Panama City,FL,USA,2025
19,Molly Thompson,L/DS,JR,State College Area,,Lehigh University,DI,PL,Patriot League,https://lehighsports.com/sports/womens-volleyball/roster/2025,2026-07-20T00:52:33.354615+00:00,64,Boalsburg,PA,USA,2025
20,Abby Felkai,S,JR,Dawson County,,Lehigh University,DI,PL,Patriot League,https://lehighsports.com/sports/womens-volleyball/roster/2025,2026-07-20T00:52:33.354615+00:00,69,Dawsonville,GA,USA,2025
21,Natalie Luscomb,OPP,SR,Broadneck,,Lehigh University,DI,PL,Patriot League,https://lehighsports.com/sports/womens-volleyball/roster/2025,2026-07-20T00:52:33.354615+00:00,73,Annapolis,MD,USA,2025
0,Laney Daniell,MB,FR,,,Liberty University,DI,CUSA,Conference USA,https://libertyflames.com/sports/womens-volleyball/roster/2025,2026-07-20T00:52:36.166692+00:00,,Kennesaw,GA,USA,2025
1,Kayla O'Brien,L/DS,FR,,,Liberty University,DI,CUSA,Conference USA,https://libertyflames.com/sports/womens-volleyball/roster/2025,2026-07-20T00:52:36.166692+00:00,,Pauline,SC,USA,2025
2,Carly O'Brien,OH,SO,,,Liberty University,DI,CUSA,Conference USA,https://libertyflames.com/sports/womens-volleyball/roster/2025,2026-07-20T00:52:36.166692+00:00,,Pauline,SC,USA,2025
4,Addie Fielder,S,FR,,,Liberty University,DI,CUSA,Conference USA,https://libertyflames.com/sports/womens-volleyball/roster/2025,2026-07-20T00:52:36.166692+00:00,,Little Rock,AR,USA,2025
6,Shyia Richardson,OH,GR,,,Liberty University,DI,CUSA,Conference USA,https://libertyflames.com/sports/womens-volleyball/roster/2025,2026-07-20T00:52:36.166692+00:00,,League City,TX,USA,2025
7,Addison Hart,OH,FR,,,Liberty University,DI,CUSA,Conference USA,https://libertyflames.com/sports/womens-volleyball/roster/2025,2026-07-20T00:52:36.166692+00:00,,Paducah,KY,USA,2025
8,Jenna Otts,OH,JR,,,Liberty University,DI,CUSA,Conference USA,https://libertyflames.com/sports/womens-volleyball/roster/2025,2026-07-20T00:52:36.166692+00:00,,Saint Johns,FL,USA,2025
9,Aubrey Acheson,L/DS,SO,,,Liberty University,DI,CUSA,Conference USA,https://libertyflames.com/sports/womens-volleyball/roster/2025,2026-07-20T00:52:36.166692+00:00,,Georgetown,TX,USA,2025
10,Audrey Heiring,OH,FR,,,Liberty University,DI,CUSA,Conference USA,https://libertyflames.com/sports/womens-volleyball/roster/2025,2026-07-20T00:52:36.166692+00:00,,Kenosha,WI,USA,2025
11,Alison Bierwagen,S,FR,,,Liberty University,DI,CUSA,Conference USA,https://libertyflames.com/sports/womens-volleyball/roster/2025,2026-07-20T00:52:36.166692+00:00,,DeLand,FL,USA,2025
12,Amelia Tomlinson,L/DS,SO,,,Liberty University,DI,CUSA,Conference USA,https://libertyflames.com/sports/womens-volleyball/roster/2025,2026-07-20T00:52:36.166692+00:00,,Waynesboro,VA,USA,2025
15,Charli Morris,S,JR,,,Liberty University,DI,CUSA,Conference USA,https://libertyflames.com/sports/womens-volleyball/roster/2025,2026-07-20T00:52:36.166692+00:00,,Lugoff,SC,USA,2025
16,Charli Crowson,S,SO,,,Liberty University,DI,CUSA,Conference USA,https://libertyflames.com/sports/womens-volleyball/roster/2025,2026-07-20T00:52:36.166692+00:00,,College Station,TX,USA,2025
21,Zoe Hall,MB,GR,,,Liberty University,DI,CUSA,Conference USA,https://libertyflames.com/sports/womens-volleyball/roster/2025,2026-07-20T00:52:36.166692+00:00,,Bridgeport,TX,USA,2025
22,Molly Littlefield,L/DS,JR,,,Liberty University,DI,CUSA,Conference USA,https://libertyflames.com/sports/womens-volleyball/roster/2025,2026-07-20T00:52:36.166692+00:00,,Rockton,IL,USA,2025
23,Kate Fourman,OPP,FR,,,Liberty University,DI,CUSA,Conference USA,https://libertyflames.com/sports/womens-volleyball/roster/2025,2026-07-20T00:52:36.166692+00:00,,Worthington,OH,USA,2025
24,Layla Collins,MB,SO,,,Liberty University,DI,CUSA,Conference USA,https://libertyflames.com/sports/womens-volleyball/roster/2025,2026-07-20T00:52:36.166692+00:00,,Plainfield,IL,USA,2025
25,Paige Overcash,OH,SO,,,Liberty University,DI,CUSA,Conference USA,https://libertyflames.com/sports/womens-volleyball/roster/2025,2026-07-20T00:52:36.166692+00:00,,Ashe County,NC,USA,2025
3,Amelia Thro,S,R-JR,Orchard Farm,,Lindenwood University,DI,Ohio Valley,Ohio Valley Conference,https://lindenwoodlions.com/sports/womens-volleyball/roster/2025,2026-07-20T00:52:38.633604+00:00,70,St. Charles,MO,USA,2025
5,Anna Kraemer,OPP,JR,Lafayette,,Lindenwood University,DI,Ohio Valley,Ohio Valley Conference,https://lindenwoodlions.com/sports/womens-volleyball/roster/2025,2026-07-20T00:52:38.633604+00:00,72,Wildwood,MO,USA,2025
6,Jade Roth,MB,R-SO,Farmington,,Lindenwood University,DI,Ohio Valley,Ohio Valley Conference,https://lindenwoodlions.com/sports/womens-volleyball/roster/2025,2026-07-20T00:52:38.633604+00:00,72,Farmington,MO,USA,2025
8,Shannon Monahan,OH,FR,St. Thomas More,,Lindenwood University,DI,Ohio Valley,Ohio Valley Conference,https://lindenwoodlions.com/sports/womens-volleyball/roster/2025,2026-07-20T00:52:38.633604+00:00,71,Champaign,IL,USA,2025
10,Greta Shadewald,S,FR,Sauk Prairie,,Lindenwood University,DI,Ohio Valley,Ohio Valley Conference,https://lindenwoodlions.com/sports/womens-volleyball/roster/2025,2026-07-20T00:52:38.633604+00:00,70,Prairie du Sac,WI,USA,2025
11,Faith Atkins,MB,SR,McCluer North,,Lindenwood University,DI,Ohio Valley,Ohio Valley Conference,https://lindenwoodlions.com/sports/womens-volleyball/roster/2025,2026-07-20T00:52:38.633604+00:00,70,Alton,IL,USA,2025
15,Autumn Bax,OPP,SO,Blair Oaks,,Lindenwood University,DI,Ohio Valley,Ohio Valley Conference,https://lindenwoodlions.com/sports/womens-volleyball/roster/2025,2026-07-20T00:52:38.633604+00:00,74,Jefferson City,MO,USA,2025
17,Ashley Geluck,MB,JR,Belleville West,,Lindenwood University,DI,Ohio Valley,Ohio Valley Conference,https://lindenwoodlions.com/sports/womens-volleyball/roster/2025,2026-07-20T00:52:38.633604+00:00,72,Millstadt,IL,USA,2025
22,Emma Johnson,OH,SO,Mater Dei,,Lindenwood University,DI,Ohio Valley,Ohio Valley Conference,https://lindenwoodlions.com/sports/womens-volleyball/roster/2025,2026-07-20T00:52:38.633604+00:00,74,Breese,IL,USA,2025
27,Izzy Herrbold,L/DS,SO,Helias Catholic,,Lindenwood University,DI,Ohio Valley,Ohio Valley Conference,https://lindenwoodlions.com/sports/womens-volleyball/roster/2025,2026-07-20T00:52:38.633604+00:00,66,Jefferson City,MO,USA,2025
5,Miabella Musignac,L/DS,SO,Colegio Adianez,,Long Island University,DI,NEC,Northeast Conference,https://www.liuathletics.com/sports/womens-volleyball/roster/2025,2026-07-20T00:52:48.099599+00:00,67,San Juan,,P.R.,2025
7,Ella Pallagi,S,SO,Arizona College Prep,,Long Island University,DI,NEC,Northeast Conference,https://www.liuathletics.com/sports/womens-volleyball/roster/2025,2026-07-20T00:52:48.099599+00:00,73,Gilbert,AZ,USA,2025
12,Sofia Varela,S,FR,European School Munich,,Long Island University,DI,NEC,Northeast Conference,https://www.liuathletics.com/sports/womens-volleyball/roster/2025,2026-07-20T00:52:48.099599+00:00,70,Ottobrunn,,Germany,2025
13,Bella Correia,OH,SO,Colégio Marista Glória,,Long Island University,DI,NEC,Northeast Conference,https://www.liuathletics.com/sports/womens-volleyball/roster/2025,2026-07-20T00:52:48.099599+00:00,73,Sao Paulo,,Brazil,2025
15,Yasmeen Muhammad,MB,JR,Lakeside,,Long Island University,DI,NEC,Northeast Conference,https://www.liuathletics.com/sports/womens-volleyball/roster/2025,2026-07-20T00:52:48.099599+00:00,74,Shoreline,WA,USA,2025
17,Riley Greene,MB,FR,Cardinal Mooney Catholic,,Long Island University,DI,NEC,Northeast Conference,https://www.liuathletics.com/sports/womens-volleyball/roster/2025,2026-07-20T00:52:48.099599+00:00,73,Sarasota,FL,USA,2025
18,Sara van Gisteren,OH,JR,"Young Talent Academy, ROC Nijmegan",,Long Island University,DI,NEC,Northeast Conference,https://www.liuathletics.com/sports/womens-volleyball/roster/2025,2026-07-20T00:52:48.099599+00:00,75,Leuth,,Netherlands,2025
1,Isabella Ocampo,OH,FR,Highland Park High School,,Loyola Marymount University,DI,WCC,West Coast Conference,https://lmulions.com/sports/womens-volleyball/roster/2025,2026-07-20T00:53:03.659680+00:00,71,Dallas,TX,USA,2025
3,Mariana Simao,MB,FR,Colégio Anglo Americano,,Loyola Marymount University,DI,WCC,West Coast Conference,https://lmulions.com/sports/womens-volleyball/roster/2025,2026-07-20T00:53:03.659680+00:00,74,Belo Horizonte,,Brazil,2025
5,Sophia Keene,OH,GR,Concordia Lutheran High School,,Loyola Marymount University,DI,WCC,West Coast Conference,https://lmulions.com/sports/womens-volleyball/roster/2025,2026-07-20T00:53:03.659680+00:00,74,The Woodlands,TX,USA,2025
6,Delfina Schuh,S,SO,Instituto Santa Maria de Los Angeles,,Loyola Marymount University,DI,WCC,West Coast Conference,https://lmulions.com/sports/womens-volleyball/roster/2025,2026-07-20T00:53:03.659680+00:00,72,Buenos Aires,,Argentina,2025
7,Taly Acherboim,L/DS,FR,Colégio Ábaco - Sumaré,,Loyola Marymount University,DI,WCC,West Coast Conference,https://lmulions.com/sports/womens-volleyball/roster/2025,2026-07-20T00:53:03.659680+00:00,64,São Paulo,,Brazil,2025
8,Kaitlyn Evans,MB,JR,David Butler High School,,Loyola Marymount University,DI,WCC,West Coast Conference,https://lmulions.com/sports/womens-volleyball/roster/2025,2026-07-20T00:53:03.659680+00:00,71,Dallas,TX,USA,2025
10,Camille Pomeroy,MB,SO,Madison High School,,Loyola Marymount University,DI,WCC,West Coast Conference,https://lmulions.com/sports/womens-volleyball/roster/2025,2026-07-20T00:53:03.659680+00:00,74,Vienna,VA,USA,2025
11,Zaria Thornton,MB,SO,Lakewood HS,,Loyola Marymount University,DI,WCC,West Coast Conference,https://lmulions.com/sports/womens-volleyball/roster/2025,2026-07-20T00:53:03.659680+00:00,71,Carson,CA,USA,2025
13,Gabriella Cascione,L/DS,FR,Saugus HS,,Loyola Marymount University,DI,WCC,West Coast Conference,https://lmulions.com/sports/womens-volleyball/roster/2025,2026-07-20T00:53:03.659680+00:00,68,Santa Clarita,CA,USA,2025
17,Sophie Stephenson,OH,SR,The Bush School,,Loyola Marymount University,DI,WCC,West Coast Conference,https://lmulions.com/sports/womens-volleyball/roster/2025,2026-07-20T00:53:03.659680+00:00,74,Seattle,WA,USA,2025
22,Kayla Lopez,L/DS,JR,Rouse High School,,Loyola Marymount University,DI,WCC,West Coast Conference,https://lmulions.com/sports/womens-volleyball/roster/2025,2026-07-20T00:53:03.659680+00:00,65,Austin,TX,USA,2025
23,Nicole Schuetz,OH,FR,Bishop Diego High School/Santa Barbara High school,,Loyola Marymount University,DI,WCC,West Coast Conference,https://lmulions.com/sports/womens-volleyball/roster/2025,2026-07-20T00:53:03.659680+00:00,75,Santa Barbara,CA,USA,2025
24,Kyla Firestone,S,SO,Bishop Alemany High School,,Loyola Marymount University,DI,WCC,West Coast Conference,https://lmulions.com/sports/womens-volleyball/roster/2025,2026-07-20T00:53:03.659680+00:00,64,Encino,CA,USA,2025
25,Leah Burrell,OPP,R-JR,J Clarke Richardson,,Loyola Marymount University,DI,WCC,West Coast Conference,https://lmulions.com/sports/womens-volleyball/roster/2025,2026-07-20T00:53:03.659680+00:00,72,Ajax,Ontario,Canada,2025
28,Maddie Boerstra,OH,GR,Vista Del Lago,,Loyola Marymount University,DI,WCC,West Coast Conference,https://lmulions.com/sports/womens-volleyball/roster/2025,2026-07-20T00:53:03.659680+00:00,72,Lotus,CA,USA,2025
35,Cecily Bramschreiber,OH,GR,Lovejoy High School,,Loyola Marymount University,DI,WCC,West Coast Conference,https://lmulions.com/sports/womens-volleyball/roster/2025,2026-07-20T00:53:03.659680+00:00,69,Lucas,TX,USA,2025
5,Emma Henry,S,JR,Norman,,Loyola University Chicago,DI,A10,Atlantic 10 Conference,https://loyolaramblers.com/sports/womens-volleyball/roster/2025,2026-07-20T00:53:06.366137+00:00,68,Norman,OK,USA,2025
6,Ava Hunter,S,FR,Hamilton Southeastern,,Loyola University Chicago,DI,A10,Atlantic 10 Conference,https://loyolaramblers.com/sports/womens-volleyball/roster/2025,2026-07-20T00:53:06.366137+00:00,71,Fishers,IN,USA,2025
8,Ann Marie Remmes,MB,SR,Benet Academy,,Loyola University Chicago,DI,A10,Atlantic 10 Conference,https://loyolaramblers.com/sports/womens-volleyball/roster/2025,2026-07-20T00:53:06.366137+00:00,73,Lisle,IL,USA,2025
9,Kaitlyn Burke,OH,SO,Mill Valley,,Loyola University Chicago,DI,A10,Atlantic 10 Conference,https://loyolaramblers.com/sports/womens-volleyball/roster/2025,2026-07-20T00:53:06.366137+00:00,71,Shawnee,KS,USA,2025
11,Chloe Morgan,MB,SO,Barbers Hill,,Loyola University Chicago,DI,A10,Atlantic 10 Conference,https://loyolaramblers.com/sports/womens-volleyball/roster/2025,2026-07-20T00:53:06.366137+00:00,72,Mont Belvieu,TX,USA,2025
12,Josie Halbleib,S,GR,Howards Grove,,Loyola University Chicago,DI,A10,Atlantic 10 Conference,https://loyolaramblers.com/sports/womens-volleyball/roster/2025,2026-07-20T00:53:06.366137+00:00,73,Sun Prairie,WI,USA,2025
14,Ella Ramsay,MB,SR,Moline,,Loyola University Chicago,DI,A10,Atlantic 10 Conference,https://loyolaramblers.com/sports/womens-volleyball/roster/2025,2026-07-20T00:53:06.366137+00:00,73,Moline,IL,USA,2025
15,Avary DeBlieck,MB,JR,Huntley,,Loyola University Chicago,DI,A10,Atlantic 10 Conference,https://loyolaramblers.com/sports/womens-volleyball/roster/2025,2026-07-20T00:53:06.366137+00:00,74,Algonquin,IL,USA,2025
16,Jordan Bruckner,L/DS,JR,East,,Loyola University Chicago,DI,A10,Atlantic 10 Conference,https://loyolaramblers.com/sports/womens-volleyball/roster/2025,2026-07-20T00:53:06.366137+00:00,66,Bel Aire,KS,USA,2025
18,Claire Van Den Herik,OH,SO,John Hersey,,Loyola University Chicago,DI,A10,Atlantic 10 Conference,https://loyolaramblers.com/sports/womens-volleyball/roster/2025,2026-07-20T00:53:06.366137+00:00,73,Prospect Heights,IL,USA,2025
2,Riley Hamilton,OH,SR,Hartford Union,,Loyola University Maryland,DI,PL,Patriot League,https://loyolagreyhounds.com/sports/womens-volleyball/roster/2025,2026-07-20T00:53:08.890335+00:00,70,Colgate,WI,USA,2025
3,Leah Hunter,L/DS,SR,Leesville Road,,Loyola University Maryland,DI,PL,Patriot League,https://loyolagreyhounds.com/sports/womens-volleyball/roster/2025,2026-07-20T00:53:08.890335+00:00,65,Raleigh,NC,USA,2025
5,Ally Bauer,L/DS,SR,Jupiter,,Loyola University Maryland,DI,PL,Patriot League,https://loyolagreyhounds.com/sports/womens-volleyball/roster/2025,2026-07-20T00:53:08.890335+00:00,64,Jupiter,FL,USA,2025
6,Addie Huber,L/DS,FR,Middletown Area,,Loyola University Maryland,DI,PL,Patriot League,https://loyolagreyhounds.com/sports/womens-volleyball/roster/2025,2026-07-20T00:53:08.890335+00:00,65,Hershey,PA,USA,2025
8,Ellie Joffe,MB,FR,Seacrest Country Day,,Loyola University Maryland,DI,PL,Patriot League,https://loyolagreyhounds.com/sports/womens-volleyball/roster/2025,2026-07-20T00:53:08.890335+00:00,73,Naples,FL,USA,2025
9,Gabi Verdicchio,S,JR,Cardinal Gibbons,,Loyola University Maryland,DI,PL,Patriot League,https://loyolagreyhounds.com/sports/womens-volleyball/roster/2025,2026-07-20T00:53:08.890335+00:00,70,Raleigh,NC,USA,2025
10,Ava Nepkin,OH,JR,Lincoln Way East,,Loyola University Maryland,DI,PL,Patriot League,https://loyolagreyhounds.com/sports/womens-volleyball/roster/2025,2026-07-20T00:53:08.890335+00:00,73,Frankfort,IL,USA,2025
12,Elsie Afful,MB,FR,Mountain View,,Loyola University Maryland,DI,PL,Patriot League,https://loyolagreyhounds.com/sports/womens-volleyball/roster/2025,2026-07-20T00:53:08.890335+00:00,72,Stafford,VA,USA,2025
13,Mariah Sanabia,MB,JR,Archbishop Spalding,,Loyola University Maryland,DI,PL,Patriot League,https://loyolagreyhounds.com/sports/womens-volleyball/roster/2025,2026-07-20T00:53:08.890335+00:00,72,Odenton,MD,USA,2025
14,Ansley Keel,OH,FR,Community School of Davidson,,Loyola University Maryland,DI,PL,Patriot League,https://loyolagreyhounds.com/sports/womens-volleyball/roster/2025,2026-07-20T00:53:08.890335+00:00,71,Charlotte,NC,USA,2025
15,Sarah Tate,OH,FR,State College Area,,Loyola University Maryland,DI,PL,Patriot League,https://loyolagreyhounds.com/sports/womens-volleyball/roster/2025,2026-07-20T00:53:08.890335+00:00,70,State College,PA,USA,2025
18,Kennedy Stevens,MB,SR,Cawthra Park Secondary School,,Loyola University Maryland,DI,PL,Patriot League,https://loyolagreyhounds.com/sports/womens-volleyball/roster/2025,2026-07-20T00:53:08.890335+00:00,74,Mississauga,,Ontario,2025
22,Maggie Smith,S,SO,Parkland,,Loyola University Maryland,DI,PL,Patriot League,https://loyolagreyhounds.com/sports/womens-volleyball/roster/2025,2026-07-20T00:53:08.890335+00:00,69,Schnecksville,PA,USA,2025
23,Morgan Crawford,OH,JR,Atlee,,Loyola University Maryland,DI,PL,Patriot League,https://loyolagreyhounds.com/sports/womens-volleyball/roster/2025,2026-07-20T00:53:08.890335+00:00,71,Richmond,VA,USA,2025
3,Hunter Kwan,S,SO,Aragon,,Manhattan University,DI,MAAC,Metro Atlantic Athletic Conference,https://gojaspers.com/sports/womens-volleyball/roster/2025,2026-07-20T00:53:11.344022+00:00,67,Foster City,CA,USA,2025
4,Emilia Kuzniar,S,JR,SMS Stal Mielec,,Manhattan University,DI,MAAC,Metro Atlantic Athletic Conference,https://gojaspers.com/sports/womens-volleyball/roster/2025,2026-07-20T00:53:11.344022+00:00,70,Przemysl,,Poland,2025
10,Fiona VanDyke,OH,SO,Lawrence Free State,,Manhattan University,DI,MAAC,Metro Atlantic Athletic Conference,https://gojaspers.com/sports/womens-volleyball/roster/2025,2026-07-20T00:53:11.344022+00:00,73,Lawrence,KS,USA,2025
11,Abby Morreale,MB,JR,Sachem North,,Manhattan University,DI,MAAC,Metro Atlantic Athletic Conference,https://gojaspers.com/sports/womens-volleyball/roster/2025,2026-07-20T00:53:11.344022+00:00,72,Lake Grove,NY,USA,2025
12,Helenn Montilla,MB,FR,Immaculata La Salle,,Manhattan University,DI,MAAC,Metro Atlantic Athletic Conference,https://gojaspers.com/sports/womens-volleyball/roster/2025,2026-07-20T00:53:11.344022+00:00,74,Miami,FL,USA,2025
15,Anna Duncan,L/DS,JR,St. Joseph's Academy,,Manhattan University,DI,MAAC,Metro Atlantic Athletic Conference,https://gojaspers.com/sports/womens-volleyball/roster/2025,2026-07-20T00:53:11.344022+00:00,70,Wildwood,MO,USA,2025
16,Mikalah Curran,OH,JR,Commack,,Manhattan University,DI,MAAC,Metro Atlantic Athletic Conference,https://gojaspers.com/sports/womens-volleyball/roster/2025,2026-07-20T00:53:11.344022+00:00,71,Commack,NY,USA,2025
22,Brooke Johnson,OH,R-FR,Lower Marion,,Manhattan University,DI,MAAC,Metro Atlantic Athletic Conference,https://gojaspers.com/sports/womens-volleyball/roster/2025,2026-07-20T00:53:11.344022+00:00,70,Wynnewood,PA,USA,2025
28,Hanna Kaczynska,OPP,FR,NLO SMS PZPS Szczyrk,,Manhattan University,DI,MAAC,Metro Atlantic Athletic Conference,https://gojaspers.com/sports/womens-volleyball/roster/2025,2026-07-20T00:53:11.344022+00:00,73,Warsaw,,Poland,2025
88,Laura Hernandez,MB,FR,Callisburg,,Manhattan University,DI,MAAC,Metro Atlantic Athletic Conference,https://gojaspers.com/sports/womens-volleyball/roster/2025,2026-07-20T00:53:11.344022+00:00,73,Callisburg,TX,USA,2025
2,Ava,OPP,FR,Springside Chestnut Hill Academy,,Marist University,DI,MAAC,Metro Atlantic Athletic Conference,https://goredfoxes.com/sports/womens-volleyball/roster/2025,2026-07-20T00:53:13.577871+00:00,70,Doylestown,PA,USA,2025
3,Claire,S,GR,MacIntosh High School,,Marist University,DI,MAAC,Metro Atlantic Athletic Conference,https://goredfoxes.com/sports/womens-volleyball/roster/2025,2026-07-20T00:53:13.577871+00:00,68,Peachtree City,GA,USA,2025
4,Claudia,L/DS,JR,Mount Saint Joseph Academy,,Marist University,DI,MAAC,Metro Atlantic Athletic Conference,https://goredfoxes.com/sports/womens-volleyball/roster/2025,2026-07-20T00:53:13.577871+00:00,67,North Wales,PA,USA,2025
6,"Cecilia ""CC""",L/DS,JR,Xavier Prep School,,Marist University,DI,MAAC,Metro Atlantic Athletic Conference,https://goredfoxes.com/sports/womens-volleyball/roster/2025,2026-07-20T00:53:13.577871+00:00,67,Palm Desert,CA,USA,2025
7,Taylor,OH,SO,Northern Valley Demarest,,Marist University,DI,MAAC,Metro Atlantic Athletic Conference,https://goredfoxes.com/sports/womens-volleyball/roster/2025,2026-07-20T00:53:13.577871+00:00,73,Haworth,NJ,USA,2025
8,Eden,OH,SO,St Peter Catholic High School,,Marist University,DI,MAAC,Metro Atlantic Athletic Conference,https://goredfoxes.com/sports/womens-volleyball/roster/2025,2026-07-20T00:53:13.577871+00:00,69,Ottawa,,ON,2025
9,Sara,OH,JR,,,Marist University,DI,MAAC,Metro Atlantic Athletic Conference,https://goredfoxes.com/sports/womens-volleyball/roster/2025,2026-07-20T00:53:13.577871+00:00,72,Lazarevac,,Serbia,2025
10,Sarah,MB,SO,Laurel Heights Secondary School,,Marist University,DI,MAAC,Metro Atlantic Athletic Conference,https://goredfoxes.com/sports/womens-volleyball/roster/2025,2026-07-20T00:53:13.577871+00:00,75,Waterloo,,Ontario,2025
11,Mikayla,MB,R-JR,Huron High School,,Marist University,DI,MAAC,Metro Atlantic Athletic Conference,https://goredfoxes.com/sports/womens-volleyball/roster/2025,2026-07-20T00:53:13.577871+00:00,73,Ypsilanti,MI,USA,2025
12,Eleana,OPP,FR,1st General Highschool of Almyros,,Marist University,DI,MAAC,Metro Atlantic Athletic Conference,https://goredfoxes.com/sports/womens-volleyball/roster/2025,2026-07-20T00:53:13.577871+00:00,76,Almyros,,Greece,2025
13,Gabby,OH,SO,Stone Bridge High School,,Marist University,DI,MAAC,Metro Atlantic Athletic Conference,https://goredfoxes.com/sports/womens-volleyball/roster/2025,2026-07-20T00:53:13.577871+00:00,74,Ashburn,VA,USA,2025
14,Mallory,OH,FR,Northville,,Marist University,DI,MAAC,Metro Atlantic Athletic Conference,https://goredfoxes.com/sports/womens-volleyball/roster/2025,2026-07-20T00:53:13.577871+00:00,71,Northville,MI,USA,2025
15,Trinity,MB,JR,Westwood High School,,Marist University,DI,MAAC,Metro Atlantic Athletic Conference,https://goredfoxes.com/sports/womens-volleyball/roster/2025,2026-07-20T00:53:13.577871+00:00,70,Austin,TX,USA,2025
18,Savannah,MB,SO,Cornestone Christian Schools,,Marist University,DI,MAAC,Metro Atlantic Athletic Conference,https://goredfoxes.com/sports/womens-volleyball/roster/2025,2026-07-20T00:53:13.577871+00:00,72,San Antonio,TX,USA,2025
21,Vallane,OH,JR,Pennisula High School,,Marist University,DI,MAAC,Metro Atlantic Athletic Conference,https://goredfoxes.com/sports/womens-volleyball/roster/2025,2026-07-20T00:53:13.577871+00:00,72,Gig Harbor,WA,USA,2025
22,Caelyn,S,FR,Obra D. Tompkins,,Marist University,DI,MAAC,Metro Atlantic Athletic Conference,https://goredfoxes.com/sports/womens-volleyball/roster/2025,2026-07-20T00:53:13.577871+00:00,70,Katy,TX,USA,2025
2,Kinga Ziolkowska,S,FR,XVIII Liceum Ogólnoksztalcace,,McNeese State University,DI,Southland,Southland Conference,https://mcneesesports.com/sports/womens-volleyball/roster/2025,2026-07-20T00:53:22.225419+00:00,68,Poznan,,Poland,2025
3,Corynne Hausler,S,SO,Desert Mountain High,,McNeese State University,DI,Southland,Southland Conference,https://mcneesesports.com/sports/womens-volleyball/roster/2025,2026-07-20T00:53:22.225419+00:00,67,Phoenix,AZ,USA,2025
4,Carli Banks,OH,JR,Stephen F. Austin High,,McNeese State University,DI,Southland,Southland Conference,https://mcneesesports.com/sports/womens-volleyball/roster/2025,2026-07-20T00:53:22.225419+00:00,69,Houston,TX,USA,2025
5,Maleah Mutterback,MB,FR,Vero Beach High,,McNeese State University,DI,Southland,Southland Conference,https://mcneesesports.com/sports/womens-volleyball/roster/2025,2026-07-20T00:53:22.225419+00:00,75,Vero Beach,FL,USA,2025
6,Sophie Twigg,L/DS,JR,Bowling Green Senior High,,McNeese State University,DI,Southland,Southland Conference,https://mcneesesports.com/sports/womens-volleyball/roster/2025,2026-07-20T00:53:22.225419+00:00,68,Sylvania,OH,USA,2025
7,Bailey Foolkes,L/DS,FR,Sam Houston High,,McNeese State University,DI,Southland,Southland Conference,https://mcneesesports.com/sports/womens-volleyball/roster/2025,2026-07-20T00:53:22.225419+00:00,64,Lake Charles,LA,USA,2025
8,Summer Anderson,L/DS,FR,Blue Valley Northwest High,,McNeese State University,DI,Southland,Southland Conference,https://mcneesesports.com/sports/womens-volleyball/roster/2025,2026-07-20T00:53:22.225419+00:00,67,Overland Park,KS,USA,2025
9,Olivia Moffett,S,FR,Pine Creek High,,McNeese State University,DI,Southland,Southland Conference,https://mcneesesports.com/sports/womens-volleyball/roster/2025,2026-07-20T00:53:22.225419+00:00,74,Colorado Springs,CO,USA,2025
10,D'Nari Mills,OH,SR,Cypress Woods High,,McNeese State University,DI,Southland,Southland Conference,https://mcneesesports.com/sports/womens-volleyball/roster/2025,2026-07-20T00:53:22.225419+00:00,67,Tomball,TX,USA,2025
11,Mary-Alice Dohmann,OH,FR,Berwick High,,McNeese State University,DI,Southland,Southland Conference,https://mcneesesports.com/sports/womens-volleyball/roster/2025,2026-07-20T00:53:22.225419+00:00,71,Berwick,LA,USA,2025
12,Neal Grace Berry,OPP,FR,Vanderbilt Catholic,,McNeese State University,DI,Southland,Southland Conference,https://mcneesesports.com/sports/womens-volleyball/roster/2025,2026-07-20T00:53:22.225419+00:00,72,Houma,LA,USA,2025
14,Nylah Gray,OH,SO,Bridgeland High,,McNeese State University,DI,Southland,Southland Conference,https://mcneesesports.com/sports/womens-volleyball/roster/2025,2026-07-20T00:53:22.225419+00:00,70,Cypress,TX,USA,2025
15,Jordan Gamble,MB,SR,Katy High,,McNeese State University,DI,Southland,Southland Conference,https://mcneesesports.com/sports/womens-volleyball/roster/2025,2026-07-20T00:53:22.225419+00:00,75,Katy,TX,USA,2025
17,Lauren Fuller,L/DS,SR,Flour Bluffs High,,McNeese State University,DI,Southland,Southland Conference,https://mcneesesports.com/sports/womens-volleyball/roster/2025,2026-07-20T00:53:22.225419+00:00,68,Corpus Christi,TX,USA,2025
21,Kayla Wilson,OH,SR,Ridgepoint High,,McNeese State University,DI,Southland,Southland Conference,https://mcneesesports.com/sports/womens-volleyball/roster/2025,2026-07-20T00:53:22.225419+00:00,70,Missouri City,TX,USA,2025
2,Vaia Tsioutsioulas,OH,SO,Sir John A. Macdonald Collegiate Institute / California Lutheran University,,Merrimack College,DI,MAAC,Metro Atlantic Athletic Conference,https://merrimackathletics.com/sports/womens-volleyball/roster/2025,2026-07-20T00:53:28.281067+00:00,69,Toronto,,ON,2025
5,Sophia DeBonis,S,JR,Bay Shore High School / Quinnipiac University,,Merrimack College,DI,MAAC,Metro Atlantic Athletic Conference,https://merrimackathletics.com/sports/womens-volleyball/roster/2025,2026-07-20T00:53:28.281067+00:00,68,Bay Shore,NY,USA,2025
7,Molly O'Donnell,OH,SR,Alvirne High School,,Merrimack College,DI,MAAC,Metro Atlantic Athletic Conference,https://merrimackathletics.com/sports/womens-volleyball/roster/2025,2026-07-20T00:53:28.281067+00:00,70,Hudson,NH,USA,2025
8,Jocelyn Hammerstrand,OPP,FR,Academy of Our Lady of Peace,,Merrimack College,DI,MAAC,Metro Atlantic Athletic Conference,https://merrimackathletics.com/sports/womens-volleyball/roster/2025,2026-07-20T00:53:28.281067+00:00,73,San Diego,CA,USA,2025
9,Avry Bryant,OPP,SO,Denver South High School,,Merrimack College,DI,MAAC,Metro Atlantic Athletic Conference,https://merrimackathletics.com/sports/womens-volleyball/roster/2025,2026-07-20T00:53:28.281067+00:00,75,Denver,CO,USA,2025
10,Mckenna Shotwell,OH,SO,Providence Christian Academy,,Merrimack College,DI,MAAC,Metro Atlantic Athletic Conference,https://merrimackathletics.com/sports/womens-volleyball/roster/2025,2026-07-20T00:53:28.281067+00:00,71,Murfreesboro,TN,USA,2025
12,Ella Maldonado,L/DS,JR,Calhoun High School / Binghamton University,,Merrimack College,DI,MAAC,Metro Atlantic Athletic Conference,https://merrimackathletics.com/sports/womens-volleyball/roster/2025,2026-07-20T00:53:28.281067+00:00,66,Merrick,NY,USA,2025
13,Lilly Konrad,S,SR,Gray's Creek High School / Saint Peter's University,,Merrimack College,DI,MAAC,Metro Atlantic Athletic Conference,https://merrimackathletics.com/sports/womens-volleyball/roster/2025,2026-07-20T00:53:28.281067+00:00,69,Hope Mills,NC,USA,2025
17,Mia Izzo,MB,FR,Park Ridge High School,,Merrimack College,DI,MAAC,Metro Atlantic Athletic Conference,https://merrimackathletics.com/sports/womens-volleyball/roster/2025,2026-07-20T00:53:28.281067+00:00,74,Park Ridge,NJ,USA,2025
18,Morgan Thurlow,MB,SR,Xaverian High School / Saint Peter's University,,Merrimack College,DI,MAAC,Metro Atlantic Athletic Conference,https://merrimackathletics.com/sports/womens-volleyball/roster/2025,2026-07-20T00:53:28.281067+00:00,72,Brooklyn,NY,USA,2025
19,Elizabeth Kenney,S,SO,Mineola High School / Sacred Heart,,Merrimack College,DI,MAAC,Metro Atlantic Athletic Conference,https://merrimackathletics.com/sports/womens-volleyball/roster/2025,2026-07-20T00:53:28.281067+00:00,70,Williston Park,NY,USA,2025
0,Ellie Watts,OH,FR,,,Middle Tennessee State University,DI,CUSA,Conference USA,https://goblueraiders.com/sports/womens-volleyball/roster/2025,2026-07-20T00:53:38.620338+00:00,,Birmingham,AL,USA,2025
1,Logan Carr,MB,JR,,,Middle Tennessee State University,DI,CUSA,Conference USA,https://goblueraiders.com/sports/womens-volleyball/roster/2025,2026-07-20T00:53:38.620338+00:00,,Desoto,TX,USA,2025
2,Raegan Durbin,OH,FR,,,Middle Tennessee State University,DI,CUSA,Conference USA,https://goblueraiders.com/sports/womens-volleyball/roster/2025,2026-07-20T00:53:38.620338+00:00,,Thorntown,IN,USA,2025
3,Gabrielle Clinkscale,OH,FR,,,Middle Tennessee State University,DI,CUSA,Conference USA,https://goblueraiders.com/sports/womens-volleyball/roster/2025,2026-07-20T00:53:38.620338+00:00,,St. Louis,MO,USA,2025
4,Marie Lowell,L/DS,SR,,,Middle Tennessee State University,DI,CUSA,Conference USA,https://goblueraiders.com/sports/womens-volleyball/roster/2025,2026-07-20T00:53:38.620338+00:00,,West Chicago,IL,USA,2025
6,Nora Marginean,S,SO,,,Middle Tennessee State University,DI,CUSA,Conference USA,https://goblueraiders.com/sports/womens-volleyball/roster/2025,2026-07-20T00:53:38.620338+00:00,,Cluj-Napoca,,Romania,2025
7,Isil Yilmaz,L/DS,GR,,,Middle Tennessee State University,DI,CUSA,Conference USA,https://goblueraiders.com/sports/womens-volleyball/roster/2025,2026-07-20T00:53:38.620338+00:00,,Ankara,,Turkey,2025
10,Ana Stojicic,OH,FR,,,Middle Tennessee State University,DI,CUSA,Conference USA,https://goblueraiders.com/sports/womens-volleyball/roster/2025,2026-07-20T00:53:38.620338+00:00,,Novi Sad,,Serbia,2025
11,Khalia-Leigh James,MB,FR,,,Middle Tennessee State University,DI,CUSA,Conference USA,https://goblueraiders.com/sports/womens-volleyball/roster/2025,2026-07-20T00:53:38.620338+00:00,,Brampton,Ontario,Canada,2025
13,Michaela Dlouhá,MB,JR,,,Middle Tennessee State University,DI,CUSA,Conference USA,https://goblueraiders.com/sports/womens-volleyball/roster/2025,2026-07-20T00:53:38.620338+00:00,,Pardubice,,Czechia,2025
14,Payton Deidesheimer,OPP,SR,,,Middle Tennessee State University,DI,CUSA,Conference USA,https://goblueraiders.com/sports/womens-volleyball/roster/2025,2026-07-20T00:53:38.620338+00:00,,West Chester,OH,USA,2025
16,Caroline Macander,S,SR,,,Middle Tennessee State University,DI,CUSA,Conference USA,https://goblueraiders.com/sports/womens-volleyball/roster/2025,2026-07-20T00:53:38.620338+00:00,,Chicago,IL,USA,2025
17,Ryan Oden,L/DS,FR,,,Middle Tennessee State University,DI,CUSA,Conference USA,https://goblueraiders.com/sports/womens-volleyball/roster/2025,2026-07-20T00:53:38.620338+00:00,,Nashville,TN,USA,2025
19,Danit Cohen,S,JR,,,Middle Tennessee State University,DI,CUSA,Conference USA,https://goblueraiders.com/sports/womens-volleyball/roster/2025,2026-07-20T00:53:38.620338+00:00,,Los Angeles,CA,USA,2025
22,Aowyn Schrader,OH,SO,,,Middle Tennessee State University,DI,CUSA,Conference USA,https://goblueraiders.com/sports/womens-volleyball/roster/2025,2026-07-20T00:53:38.620338+00:00,,Ankeny,IA,USA,2025
26,Trinniti Stevens,MB,FR,,,Middle Tennessee State University,DI,CUSA,Conference USA,https://goblueraiders.com/sports/womens-volleyball/roster/2025,2026-07-20T00:53:38.620338+00:00,,Overland Park,KS,USA,2025
33,Mackenna Poole,L/DS,R-FR,,,Middle Tennessee State University,DI,CUSA,Conference USA,https://goblueraiders.com/sports/womens-volleyball/roster/2025,2026-07-20T00:53:38.620338+00:00,,College Grove,TN,USA,2025
1,Ashlynn,OH,JR,Alief Taylor HS,,Mississippi Valley State University,DI,SWAC,Southwestern Athletic Conf.,https://mvsusports.com/sports/womens-volleyball/roster/2025,2026-07-20T00:53:44.065878+00:00,65,Houston,TX,USA,2025
2,Mikayla,S,SR,East St. Louis Senior HS,,Mississippi Valley State University,DI,SWAC,Southwestern Athletic Conf.,https://mvsusports.com/sports/womens-volleyball/roster/2025,2026-07-20T00:53:44.065878+00:00,67,East St. Louis,IL,USA,2025
3,Brooklyn,MB,SO,White Station HS,,Mississippi Valley State University,DI,SWAC,Southwestern Athletic Conf.,https://mvsusports.com/sports/womens-volleyball/roster/2025,2026-07-20T00:53:44.065878+00:00,71,Memphis,TN,USA,2025
4,Jadyn,MB,SO,DeSoto HS,,Mississippi Valley State University,DI,SWAC,Southwestern Athletic Conf.,https://mvsusports.com/sports/womens-volleyball/roster/2025,2026-07-20T00:53:44.065878+00:00,72,Dallas,TX,USA,2025
5,Lyric,MB,SO,DeSoto HS,,Mississippi Valley State University,DI,SWAC,Southwestern Athletic Conf.,https://mvsusports.com/sports/womens-volleyball/roster/2025,2026-07-20T00:53:44.065878+00:00,73,DeSoto,TX,USA,2025
6,Aniyah,MB,SO,Braswell HS,,Mississippi Valley State University,DI,SWAC,Southwestern Athletic Conf.,https://mvsusports.com/sports/womens-volleyball/roster/2025,2026-07-20T00:53:44.065878+00:00,72,Dallas,TX,USA,2025
7,Toni,MB,R-JR,Belleville West HS,,Mississippi Valley State University,DI,SWAC,Southwestern Athletic Conf.,https://mvsusports.com/sports/womens-volleyball/roster/2025,2026-07-20T00:53:44.065878+00:00,72,St. Louis,MO,USA,2025
8,Leticia,OH,SR,Escola Secundaria Dr. Manuel Gomes de Almeida HS,Labette CC,Mississippi Valley State University,DI,SWAC,Southwestern Athletic Conf.,https://mvsusports.com/sports/womens-volleyball/roster/2025,2026-07-20T00:53:44.065878+00:00,66,Recife,,Brazil,2025
9,Torre,OH,SR,Channelview HS,,Mississippi Valley State University,DI,SWAC,Southwestern Athletic Conf.,https://mvsusports.com/sports/womens-volleyball/roster/2025,2026-07-20T00:53:44.065878+00:00,63,Channelview,TX,USA,2025
10,Madison,OH,SO,Center Hill HS,,Mississippi Valley State University,DI,SWAC,Southwestern Athletic Conf.,https://mvsusports.com/sports/womens-volleyball/roster/2025,2026-07-20T00:53:44.065878+00:00,69,Olive Branch,MS,USA,2025
11,Alaya,OH,SO,White Station HS,,Mississippi Valley State University,DI,SWAC,Southwestern Athletic Conf.,https://mvsusports.com/sports/womens-volleyball/roster/2025,2026-07-20T00:53:44.065878+00:00,69,Memphis,TN,USA,2025
12,Mariana,L/DS,SR,Escola Secundaria Dr. Manuel Gomes de Almeida HS,Labette CC,Mississippi Valley State University,DI,SWAC,Southwestern Athletic Conf.,https://mvsusports.com/sports/womens-volleyball/roster/2025,2026-07-20T00:53:44.065878+00:00,65,Recife,,Brazil,2025
13,Carmella,,SO,Bryan HS,,Mississippi Valley State University,DI,SWAC,Southwestern Athletic Conf.,https://mvsusports.com/sports/womens-volleyball/roster/2025,2026-07-20T00:53:44.065878+00:00,71,Bryan,TX,USA,2025
14,Dashaun,MB,SO,Hightower HS,,Mississippi Valley State University,DI,SWAC,Southwestern Athletic Conf.,https://mvsusports.com/sports/womens-volleyball/roster/2025,2026-07-20T00:53:44.065878+00:00,69,Missouri City,TX,USA,2025
15,Jaazaniah,MB,SO,Great Crossing HS,,Mississippi Valley State University,DI,SWAC,Southwestern Athletic Conf.,https://mvsusports.com/sports/womens-volleyball/roster/2025,2026-07-20T00:53:44.065878+00:00,70,Louisville,KY,USA,2025
17,Carrington,S,SO,Hightower HS,,Mississippi Valley State University,DI,SWAC,Southwestern Athletic Conf.,https://mvsusports.com/sports/womens-volleyball/roster/2025,2026-07-20T00:53:44.065878+00:00,67,Missouri City,TX,USA,2025
19,Taylor,,SO,Bartlett HS,,Mississippi Valley State University,DI,SWAC,Southwestern Athletic Conf.,https://mvsusports.com/sports/womens-volleyball/roster/2025,2026-07-20T00:53:44.065878+00:00,72,Memphis,TN,USA,2025
1,Makenzie Jackson,OPP,RF.,Helena High,,Montana State University-Bozeman,DI,Big Sky,Big Sky Conference,https://msubobcats.com/sports/womens-volleyball/roster/2025,2026-07-20T00:54:02.711784+00:00,74,Helena,MT,USA,2025
2,Lauren Lindseth,L/DS,SR,CMR,,Montana State University-Bozeman,DI,Big Sky,Big Sky Conference,https://msubobcats.com/sports/womens-volleyball/roster/2025,2026-07-20T00:54:02.711784+00:00,69,Great Falls,MT,USA,2025
3,Gretta Lawson,OH,SR,Ferris HS,,Montana State University-Bozeman,DI,Big Sky,Big Sky Conference,https://msubobcats.com/sports/womens-volleyball/roster/2025,2026-07-20T00:54:02.711784+00:00,70,Spokane,WA,USA,2025
4,Haven Rich,L/DS,SO,Exeter Union HS,,Montana State University-Bozeman,DI,Big Sky,Big Sky Conference,https://msubobcats.com/sports/womens-volleyball/roster/2025,2026-07-20T00:54:02.711784+00:00,68,Visalia,CA,USA,2025
6,Teagan Jaynes,S,FR,Northfield HS,,Montana State University-Bozeman,DI,Big Sky,Big Sky Conference,https://msubobcats.com/sports/womens-volleyball/roster/2025,2026-07-20T00:54:02.711784+00:00,72,Northfield,MN,USA,2025
7,Lauren Schloe,MB,FR,Sauk Rapids HS,,Montana State University-Bozeman,DI,Big Sky,Big Sky Conference,https://msubobcats.com/sports/womens-volleyball/roster/2025,2026-07-20T00:54:02.711784+00:00,74,Sauk Rapids,MN,USA,2025
9,Maggie Rhew,S,FR,Oaks Christian HS,,Montana State University-Bozeman,DI,Big Sky,Big Sky Conference,https://msubobcats.com/sports/womens-volleyball/roster/2025,2026-07-20T00:54:02.711784+00:00,67,Agoura Hills,CA,USA,2025
11,Madilyn Siebler,OH,SR,Westside,,Montana State University-Bozeman,DI,Big Sky,Big Sky Conference,https://msubobcats.com/sports/womens-volleyball/roster/2025,2026-07-20T00:54:02.711784+00:00,70,Omaha,NE,USA,2025
12,Afton Thomsen,L/DS,SO,Chaparral HS,,Montana State University-Bozeman,DI,Big Sky,Big Sky Conference,https://msubobcats.com/sports/womens-volleyball/roster/2025,2026-07-20T00:54:02.711784+00:00,67,Parker,CO,USA,2025
15,Teya Yeomans,OH,SO,Mancos HS,,Montana State University-Bozeman,DI,Big Sky,Big Sky Conference,https://msubobcats.com/sports/womens-volleyball/roster/2025,2026-07-20T00:54:02.711784+00:00,72,Mancos,CO,USA,2025
16,Camryn Greenwald,MB,SR,East Ridge,,Montana State University-Bozeman,DI,Big Sky,Big Sky Conference,https://msubobcats.com/sports/womens-volleyball/roster/2025,2026-07-20T00:54:02.711784+00:00,74,Woodbury,MN,USA,2025
17,Alice Steman,MB,FR,Cambridge-Isanti HS,,Montana State University-Bozeman,DI,Big Sky,Big Sky Conference,https://msubobcats.com/sports/womens-volleyball/roster/2025,2026-07-20T00:54:02.711784+00:00,72,Cambridge,MN,USA,2025
18,Karli Heidemann,OH,SO,Diller-Odell HS,,Montana State University-Bozeman,DI,Big Sky,Big Sky Conference,https://msubobcats.com/sports/womens-volleyball/roster/2025,2026-07-20T00:54:02.711784+00:00,73,Diller,NE,USA,2025
22,Joelie Spelts,MB,JR,Thunder Basin HS,,Montana State University-Bozeman,DI,Big Sky,Big Sky Conference,https://msubobcats.com/sports/womens-volleyball/roster/2025,2026-07-20T00:54:02.711784+00:00,75,Gillette,WY,USA,2025
23,Elli Tufto,OH,FR,Prior Lake HS,,Montana State University-Bozeman,DI,Big Sky,Big Sky Conference,https://msubobcats.com/sports/womens-volleyball/roster/2025,2026-07-20T00:54:02.711784+00:00,72,Prior Lake,MN,USA,2025
45,Nicolette Noble,L/DS,FR,Vista Murrieta HS,,Montana State University-Bozeman,DI,Big Sky,Big Sky Conference,https://msubobcats.com/sports/womens-volleyball/roster/2025,2026-07-20T00:54:02.711784+00:00,67,Murrieta,CA,USA,2025
2,Sarah Heath,OH,SR,Homeschool,,Morehead State University,DI,Ohio Valley,Ohio Valley Conference,https://msueagles.com/sports/womens-volleyball/roster/2025,2026-07-20T00:54:05.286643+00:00,72,Colonial Heights,VA,USA,2025
3,Tinsley Brown,L/DS,SO,Hardin Valley Academy,,Morehead State University,DI,Ohio Valley,Ohio Valley Conference,https://msueagles.com/sports/womens-volleyball/roster/2025,2026-07-20T00:54:05.286643+00:00,69,Knoxville,TN,USA,2025
5,M.E. Hargan,OH,SR,Elizabethtown HS,,Morehead State University,DI,Ohio Valley,Ohio Valley Conference,https://msueagles.com/sports/womens-volleyball/roster/2025,2026-07-20T00:54:05.286643+00:00,73,Elizabethtown,KY,USA,2025
6,Courtney Fitzgerald,L/DS,JR,Seton HS,,Morehead State University,DI,Ohio Valley,Ohio Valley Conference,https://msueagles.com/sports/womens-volleyball/roster/2025,2026-07-20T00:54:05.286643+00:00,68,Cleves,OH,USA,2025
7,Kylie Sharp,MB,FR,Johnstown HS,,Morehead State University,DI,Ohio Valley,Ohio Valley Conference,https://msueagles.com/sports/womens-volleyball/roster/2025,2026-07-20T00:54:05.286643+00:00,73,Johnstown,OH,USA,2025
9,Amelia Nott,MB,JR,Centerville HS,,Morehead State University,DI,Ohio Valley,Ohio Valley Conference,https://msueagles.com/sports/womens-volleyball/roster/2025,2026-07-20T00:54:05.286643+00:00,73,Centerville,OH,USA,2025
11,Bailey Brashear,MB,GR,Rowan County Senior HS,,Morehead State University,DI,Ohio Valley,Ohio Valley Conference,https://msueagles.com/sports/womens-volleyball/roster/2025,2026-07-20T00:54:05.286643+00:00,72,Morehead,KY,USA,2025
12,Avery Ray,OH,R-SO,Chattanooga Christian School,,Morehead State University,DI,Ohio Valley,Ohio Valley Conference,https://msueagles.com/sports/womens-volleyball/roster/2025,2026-07-20T00:54:05.286643+00:00,70,Chattanooga,TN,USA,2025
14,Hollan Everett,MB,JR,Norris City-Omaha-Enfield High School,,Morehead State University,DI,Ohio Valley,Ohio Valley Conference,https://msueagles.com/sports/womens-volleyball/roster/2025,2026-07-20T00:54:05.286643+00:00,75,Norris City,IL,USA,2025
17,Sydney Sennett,S,JR,Community West HS,,Morehead State University,DI,Ohio Valley,Ohio Valley Conference,https://msueagles.com/sports/womens-volleyball/roster/2025,2026-07-20T00:54:05.286643+00:00,72,Normal,IL,USA,2025
22,Shea Hefner,L/DS,R-SR,Bridgeport HS,,Morehead State University,DI,Ohio Valley,Ohio Valley Conference,https://msueagles.com/sports/womens-volleyball/roster/2025,2026-07-20T00:54:05.286643+00:00,66,Bridgeport,,W.Va.,2025
2,Mya Karrick,S,JR,Minnetonka High School,,Morgan State University,DI,MEAC,Mid-Eastern Athletic Conf.,https://morganstatebears.com/sports/womens-volleyball/roster/2025,2026-07-20T00:54:07.739471+00:00,69,Shorewood,MN,USA,2025
3,Viktoria Zelubowski,OH,FR,Academy of Notre Dame de Namur,,Morgan State University,DI,MEAC,Mid-Eastern Athletic Conf.,https://morganstatebears.com/sports/womens-volleyball/roster/2025,2026-07-20T00:54:07.739471+00:00,72,Malvern,PA,USA,2025
4,Isabelle Brown,S,FR,Avon High School,,Morgan State University,DI,MEAC,Mid-Eastern Athletic Conf.,https://morganstatebears.com/sports/womens-volleyball/roster/2025,2026-07-20T00:54:07.739471+00:00,69,Avon,IN,USA,2025
5,Hannah Chappelle,L/DS,SR,Duncanville HS,,Morgan State University,DI,MEAC,Mid-Eastern Athletic Conf.,https://morganstatebears.com/sports/womens-volleyball/roster/2025,2026-07-20T00:54:07.739471+00:00,71,Cedar Hill,TX,USA,2025
6,Tameary Wardlaw,L/DS,FR,St. Thomas Aquinas High School,,Morgan State University,DI,MEAC,Mid-Eastern Athletic Conf.,https://morganstatebears.com/sports/womens-volleyball/roster/2025,2026-07-20T00:54:07.739471+00:00,67,Miami,FL,USA,2025
7,Jenae Mason,OH,FR,Falls Lake High School,,Morgan State University,DI,MEAC,Mid-Eastern Athletic Conf.,https://morganstatebears.com/sports/womens-volleyball/roster/2025,2026-07-20T00:54:07.739471+00:00,71,Durham,NC,USA,2025
10,Mele Taumoepeau,OH,SO,Kahuku High and Intermediate School,,Morgan State University,DI,MEAC,Mid-Eastern Athletic Conf.,https://morganstatebears.com/sports/womens-volleyball/roster/2025,2026-07-20T00:54:07.739471+00:00,72,Laie,HI,USA,2025
11,Aubrey Wilson,MB,SO,Sandy Creek High School,,Morgan State University,DI,MEAC,Mid-Eastern Athletic Conf.,https://morganstatebears.com/sports/womens-volleyball/roster/2025,2026-07-20T00:54:07.739471+00:00,74,Fayetteville,GA,USA,2025
13,Selah Brashear,OH,SO,Garrison Forest School,,Morgan State University,DI,MEAC,Mid-Eastern Athletic Conf.,https://morganstatebears.com/sports/womens-volleyball/roster/2025,2026-07-20T00:54:07.739471+00:00,67,Severn,MD,USA,2025
16,Zayda Thomas,OPP,FR,Sunlake High School,,Morgan State University,DI,MEAC,Mid-Eastern Athletic Conf.,https://morganstatebears.com/sports/womens-volleyball/roster/2025,2026-07-20T00:54:07.739471+00:00,71,Land O Lakes,FL,USA,2025
1,Halle Forester,L/DS,FR,,,Murray State University,DI,MVC,Missouri Valley Conference,https://goracers.com/sports/womens-volleyball/roster/2025,2026-07-20T00:54:10.465031+00:00,,Strafford,MO,USA,2025
2,Paige Brock,S,JR,,,Murray State University,DI,MVC,Missouri Valley Conference,https://goracers.com/sports/womens-volleyball/roster/2025,2026-07-20T00:54:10.465031+00:00,,Morgantown,WV,USA,2025
3,Samantha Nelson,L/DS,FR,,,Murray State University,DI,MVC,Missouri Valley Conference,https://goracers.com/sports/womens-volleyball/roster/2025,2026-07-20T00:54:10.465031+00:00,,Elizabethtown,KY,USA,2025
4,Morgan McClure,MB,SR,,,Murray State University,DI,MVC,Missouri Valley Conference,https://goracers.com/sports/womens-volleyball/roster/2025,2026-07-20T00:54:10.465031+00:00,,Hickory Flat,GA,USA,2025
5,Lily Burnett,OH,JR,,,Murray State University,DI,MVC,Missouri Valley Conference,https://goracers.com/sports/womens-volleyball/roster/2025,2026-07-20T00:54:10.465031+00:00,,Murray,KY,USA,2025
8,Katie Titus,S,FR,,,Murray State University,DI,MVC,Missouri Valley Conference,https://goracers.com/sports/womens-volleyball/roster/2025,2026-07-20T00:54:10.465031+00:00,,Hendersonville,TN,USA,2025
9,Elita Foti,S,FR,,,Murray State University,DI,MVC,Missouri Valley Conference,https://goracers.com/sports/womens-volleyball/roster/2025,2026-07-20T00:54:10.465031+00:00,,Limassol,,Cyprus,2025
10,Federica Nuccio,OH,SR,,,Murray State University,DI,MVC,Missouri Valley Conference,https://goracers.com/sports/womens-volleyball/roster/2025,2026-07-20T00:54:10.465031+00:00,,Frossasco,,Italy,2025
11,Ella Vogel,OH,SR,,,Murray State University,DI,MVC,Missouri Valley Conference,https://goracers.com/sports/womens-volleyball/roster/2025,2026-07-20T00:54:10.465031+00:00,,Cape Girardeau,MO,USA,2025
12,Haidi Miliou,MB,SR,,,Murray State University,DI,MVC,Missouri Valley Conference,https://goracers.com/sports/womens-volleyball/roster/2025,2026-07-20T00:54:10.465031+00:00,,Athens,,Greece,2025
13,Burcu Gulomur,MB,FR,,,Murray State University,DI,MVC,Missouri Valley Conference,https://goracers.com/sports/womens-volleyball/roster/2025,2026-07-20T00:54:10.465031+00:00,,Izmir,,Turkey,2025
14,Mija Pristovnik,OH,FR,,,Murray State University,DI,MVC,Missouri Valley Conference,https://goracers.com/sports/womens-volleyball/roster/2025,2026-07-20T00:54:10.465031+00:00,,Slovenska Bistrica,,Slovenia,2025
15,Alexa Watts,OH,JR,,,Murray State University,DI,MVC,Missouri Valley Conference,https://goracers.com/sports/womens-volleyball/roster/2025,2026-07-20T00:54:10.465031+00:00,,Rocklin,CA,USA,2025
17,Anne Makowski,OH,FR,,,Murray State University,DI,MVC,Missouri Valley Conference,https://goracers.com/sports/womens-volleyball/roster/2025,2026-07-20T00:54:10.465031+00:00,,St Louis,MO,USA,2025
22,Bailey Keusch,OH,JR,,,Murray State University,DI,MVC,Missouri Valley Conference,https://goracers.com/sports/womens-volleyball/roster/2025,2026-07-20T00:54:10.465031+00:00,,Huntingburg,IN,USA,2025
2,Natasa Ljubicic,MB,FR,Orchard Park Secondary School,,Niagara University,DI,MAAC,Metro Atlantic Athletic Conference,https://purpleeagles.com/sports/womens-volleyball/roster/2025,2026-07-20T00:54:18.136025+00:00,73,Stoney Creek,,Ontario,2025
3,Paisley Ka’ahanui,S,JR,Punahou School,,Niagara University,DI,MAAC,Metro Atlantic Athletic Conference,https://purpleeagles.com/sports/womens-volleyball/roster/2025,2026-07-20T00:54:18.136025+00:00,67,Honolulu,HI,USA,2025
4,Katie Jacobs,OH,SR,Lafayette,,Niagara University,DI,MAAC,Metro Atlantic Athletic Conference,https://purpleeagles.com/sports/womens-volleyball/roster/2025,2026-07-20T00:54:18.136025+00:00,71,Lexington,KY,USA,2025
5,Kinga Wronska,OH,SR,High School No. 5 Milanowek,,Niagara University,DI,MAAC,Metro Atlantic Athletic Conference,https://purpleeagles.com/sports/womens-volleyball/roster/2025,2026-07-20T00:54:18.136025+00:00,69,Granica,,Poland,2025
8,Lizzie Kraft,L/DS,SO,Moanalua,,Niagara University,DI,MAAC,Metro Atlantic Athletic Conference,https://purpleeagles.com/sports/womens-volleyball/roster/2025,2026-07-20T00:54:18.136025+00:00,64,Kapolei,HI,USA,2025
9,Liana Tolliver,OH,SR,Youngker,,Niagara University,DI,MAAC,Metro Atlantic Athletic Conference,https://purpleeagles.com/sports/womens-volleyball/roster/2025,2026-07-20T00:54:18.136025+00:00,69,Goodyear,AZ,USA,2025
10,Janiah Robinson,MB,JR,Westhill,,Niagara University,DI,MAAC,Metro Atlantic Athletic Conference,https://purpleeagles.com/sports/womens-volleyball/roster/2025,2026-07-20T00:54:18.136025+00:00,71,Syracuse,NY,USA,2025
11,Sydney Wilkes,OH,SR,Nevada State,,Niagara University,DI,MAAC,Metro Atlantic Athletic Conference,https://purpleeagles.com/sports/womens-volleyball/roster/2025,2026-07-20T00:54:18.136025+00:00,72,Las Vegas,NV,USA,2025
13,Kaitlyn Doyle,OH,JR,Eden,,Niagara University,DI,MAAC,Metro Atlantic Athletic Conference,https://purpleeagles.com/sports/womens-volleyball/roster/2025,2026-07-20T00:54:18.136025+00:00,68,Beamsville,,Ontario,2025
15,Leah Allen,OPP,FR,Iroquois Senior High,,Niagara University,DI,MAAC,Metro Atlantic Athletic Conference,https://purpleeagles.com/sports/womens-volleyball/roster/2025,2026-07-20T00:54:18.136025+00:00,72,Buffalo,NY,USA,2025
16,Gabrielle Belony,MB,JR,Baldwin Senior High,,Niagara University,DI,MAAC,Metro Atlantic Athletic Conference,https://purpleeagles.com/sports/womens-volleyball/roster/2025,2026-07-20T00:54:18.136025+00:00,74,Baldwin,NY,USA,2025
17,Payton Lee,OPP,JR,Anchor Bay,,Niagara University,DI,MAAC,Metro Atlantic Athletic Conference,https://purpleeagles.com/sports/womens-volleyball/roster/2025,2026-07-20T00:54:18.136025+00:00,76,New Baltimore,MI,USA,2025
18,Katelynn Rottman,OH,R-FR,Lansing Christian,,Niagara University,DI,MAAC,Metro Atlantic Athletic Conference,https://purpleeagles.com/sports/womens-volleyball/roster/2025,2026-07-20T00:54:18.136025+00:00,71,Okemos,MI,USA,2025
1,Olivia Besson,L/DS,FR,E.D. White,,Nicholls State University,DI,Southland,Southland Conference,https://geauxcolonels.com/sports/womens-volleyball/roster/2025,2026-07-20T00:54:21.631921+00:00,64,Thibodaux,LA,USA,2025
2,Ava-Claire Calais,S,SO,Central Catholic,,Nicholls State University,DI,Southland,Southland Conference,https://geauxcolonels.com/sports/womens-volleyball/roster/2025,2026-07-20T00:54:21.631921+00:00,64,Franklin,LA,USA,2025
3,Melanie Guevara,OH,FR,Rockwall,,Nicholls State University,DI,Southland,Southland Conference,https://geauxcolonels.com/sports/womens-volleyball/roster/2025,2026-07-20T00:54:21.631921+00:00,67,Rockwall,TX,USA,2025
4,Ava Pennison,L/DS,FR,Assumption,,Nicholls State University,DI,Southland,Southland Conference,https://geauxcolonels.com/sports/womens-volleyball/roster/2025,2026-07-20T00:54:21.631921+00:00,66,Napoleonville,LA,USA,2025
5,Maelie Chupin,OH,GR,Lycee David D'angers,Shaw University,Nicholls State University,DI,Southland,Southland Conference,https://geauxcolonels.com/sports/womens-volleyball/roster/2025,2026-07-20T00:54:21.631921+00:00,70,Les Landes Genusson,,France,2025
6,Karina Smith,L/DS,FR,Cy-Fair,,Nicholls State University,DI,Southland,Southland Conference,https://geauxcolonels.com/sports/womens-volleyball/roster/2025,2026-07-20T00:54:21.631921+00:00,67,Cypress,TX,USA,2025
8,Isabella Padilla,S,JR,Salazar y Herrera,Panola College,Nicholls State University,DI,Southland,Southland Conference,https://geauxcolonels.com/sports/womens-volleyball/roster/2025,2026-07-20T00:54:21.631921+00:00,71,Medellin,,Colombia,2025
10,Tierney Terrell,OH,JR,Northshore HS,,Nicholls State University,DI,Southland,Southland Conference,https://geauxcolonels.com/sports/womens-volleyball/roster/2025,2026-07-20T00:54:21.631921+00:00,66,Slidell,LA,USA,2025
11,Tamara Chavez,OH,GR,Saco Oliveros,Southern,Nicholls State University,DI,Southland,Southland Conference,https://geauxcolonels.com/sports/womens-volleyball/roster/2025,2026-07-20T00:54:21.631921+00:00,71,Lima,,Peru,2025
12,Jenna Cicherski,S,FR,Magnolia,,Nicholls State University,DI,Southland,Southland Conference,https://geauxcolonels.com/sports/womens-volleyball/roster/2025,2026-07-20T00:54:21.631921+00:00,66,Magnolia,TX,USA,2025
14,Alyssa Williams,OPP,SO,Corona Centennial,Alabama A&M,Nicholls State University,DI,Southland,Southland Conference,https://geauxcolonels.com/sports/womens-volleyball/roster/2025,2026-07-20T00:54:21.631921+00:00,77,Riverside,CA,USA,2025
15,Harper Holden,MB,FR,Greenfield Central,,Nicholls State University,DI,Southland,Southland Conference,https://geauxcolonels.com/sports/womens-volleyball/roster/2025,2026-07-20T00:54:21.631921+00:00,72,Greenfield,IN,USA,2025
16,Ana Clara Valentim do Vale,MB,JR,,Hill College,Nicholls State University,DI,Southland,Southland Conference,https://geauxcolonels.com/sports/womens-volleyball/roster/2025,2026-07-20T00:54:21.631921+00:00,72,Sao Paulo,,Brazil,2025
18,Neriah Tualaulelei-Malele,S,R-SO,Torrance,Cal Poly Humboldt,Nicholls State University,DI,Southland,Southland Conference,https://geauxcolonels.com/sports/womens-volleyball/roster/2025,2026-07-20T00:54:21.631921+00:00,72,Carson,CA,USA,2025
19,Madison Smith,OH,JR,West Orange,Rollins College,Nicholls State University,DI,Southland,Southland Conference,https://geauxcolonels.com/sports/womens-volleyball/roster/2025,2026-07-20T00:54:21.631921+00:00,70,Winter Garden,FL,USA,2025
6,Mikayla Middleton,MB,FR,Roswell HS,,Norfolk State University,DI,MEAC,Mid-Eastern Athletic Conf.,https://nsuspartans.com/sports/womens-volleyball/roster/2025,2026-07-20T00:54:25.070025+00:00,70,Roswell,GA,USA,2025
8,Jolie Faw,MB,FR,Bruton HS,,Norfolk State University,DI,MEAC,Mid-Eastern Athletic Conf.,https://nsuspartans.com/sports/womens-volleyball/roster/2025,2026-07-20T00:54:25.070025+00:00,73,Williamsburg,VA,USA,2025
9,Mina Faw,OH,FR,Bruton HS,,Norfolk State University,DI,MEAC,Mid-Eastern Athletic Conf.,https://nsuspartans.com/sports/womens-volleyball/roster/2025,2026-07-20T00:54:25.070025+00:00,72,Williamsburg,VA,USA,2025
13,Reagan Chisholm,MB,SO,Mallard Creek HS,,Norfolk State University,DI,MEAC,Mid-Eastern Athletic Conf.,https://nsuspartans.com/sports/womens-volleyball/roster/2025,2026-07-20T00:54:25.070025+00:00,71,Charlotte,NC,USA,2025
15,Erin Armstrong,MB,SO,Chandler Park Academy,,Norfolk State University,DI,MEAC,Mid-Eastern Athletic Conf.,https://nsuspartans.com/sports/womens-volleyball/roster/2025,2026-07-20T00:54:25.070025+00:00,70,Detroit,MI,USA,2025
19,Mary Nahinu,L/DS,FR,Skyridge HS,,Norfolk State University,DI,MEAC,Mid-Eastern Athletic Conf.,https://nsuspartans.com/sports/womens-volleyball/roster/2025,2026-07-20T00:54:25.070025+00:00,65,North Salt Lake,UT,USA,2025
1,Zuzia Maciejewicz,L/DS,FR,,,North Carolina State University,DI,ACC,Atlantic Coast Conference,https://gopack.com/sports/womens-volleyball/roster/2025,2026-07-20T00:54:36.529607+00:00,66,Gorzów Wielkopolski,,Poland,2025
3,Clara Vondran,OH,JR,,,North Carolina State University,DI,ACC,Atlantic Coast Conference,https://gopack.com/sports/womens-volleyball/roster/2025,2026-07-20T00:54:36.529607+00:00,71,Columbus,OH,USA,2025
4,Sophie Groom,MB,SR,,,North Carolina State University,DI,ACC,Atlantic Coast Conference,https://gopack.com/sports/womens-volleyball/roster/2025,2026-07-20T00:54:36.529607+00:00,74,Orlando,FL,USA,2025
5,Alyssa Forelli,S,R-FR,,,North Carolina State University,DI,ACC,Atlantic Coast Conference,https://gopack.com/sports/womens-volleyball/roster/2025,2026-07-20T00:54:36.529607+00:00,72,Phoenix,AZ,USA,2025
6,Hailey McFadden,MB,FR,,,North Carolina State University,DI,ACC,Atlantic Coast Conference,https://gopack.com/sports/womens-volleyball/roster/2025,2026-07-20T00:54:36.529607+00:00,74,Denver,NC,USA,2025
9,Sa'Mya Dorsey,OPP,FR,,,North Carolina State University,DI,ACC,Atlantic Coast Conference,https://gopack.com/sports/womens-volleyball/roster/2025,2026-07-20T00:54:36.529607+00:00,74,Phoenix,AZ,USA,2025
11,Laurna Kerr,L/DS,JR,,,North Carolina State University,DI,ACC,Atlantic Coast Conference,https://gopack.com/sports/womens-volleyball/roster/2025,2026-07-20T00:54:36.529607+00:00,,Raleigh,NC,USA,2025
12,Courtney Bryant,OH,SR,,,North Carolina State University,DI,ACC,Atlantic Coast Conference,https://gopack.com/sports/womens-volleyball/roster/2025,2026-07-20T00:54:36.529607+00:00,72,Hardy,VA,USA,2025
15,Lily Cropper,MB,SR,,,North Carolina State University,DI,ACC,Atlantic Coast Conference,https://gopack.com/sports/womens-volleyball/roster/2025,2026-07-20T00:54:36.529607+00:00,75,Lebanon,OH,USA,2025
16,Ashley Mullen,S,SO,,,North Carolina State University,DI,ACC,Atlantic Coast Conference,https://gopack.com/sports/womens-volleyball/roster/2025,2026-07-20T00:54:36.529607+00:00,71,Kansas City,MO,USA,2025
17,Talia Francom,MB,FR,,,North Carolina State University,DI,ACC,Atlantic Coast Conference,https://gopack.com/sports/womens-volleyball/roster/2025,2026-07-20T00:54:36.529607+00:00,77,Cary,NC,USA,2025
23,Jordan Smith,OPP,FR,,,North Carolina State University,DI,ACC,Atlantic Coast Conference,https://gopack.com/sports/womens-volleyball/roster/2025,2026-07-20T00:54:36.529607+00:00,76,Cottleville,MO,USA,2025
24,Sydney Daniels,L/DS,SR,,,North Carolina State University,DI,ACC,Atlantic Coast Conference,https://gopack.com/sports/womens-volleyball/roster/2025,2026-07-20T00:54:36.529607+00:00,66,Raleigh,NC,USA,2025
27,Rebecca Ring,OH,FR,,,North Carolina State University,DI,ACC,Atlantic Coast Conference,https://gopack.com/sports/womens-volleyball/roster/2025,2026-07-20T00:54:36.529607+00:00,74,Madison,WI,USA,2025
31,Elaisa Villar,S,R-JR,,,North Carolina State University,DI,ACC,Atlantic Coast Conference,https://gopack.com/sports/womens-volleyball/roster/2025,2026-07-20T00:54:36.529607+00:00,68,Hialeah,FL,USA,2025
1,Baily Randall,OH,SR,Lincoln HS,,North Dakota State University,DI,Summit,The Summit League,https://gobison.com/sports/womens-volleyball/roster/2025,2026-07-20T00:54:39.032925+00:00,74,Sioux Falls,SD,USA,2025
2,Natasha Kidd,OH,FR,The Rock School,,North Dakota State University,DI,Summit,The Summit League,https://gobison.com/sports/womens-volleyball/roster/2025,2026-07-20T00:54:39.032925+00:00,70,Gainesville,FL,USA,2025
3,Arianna Blohm,MB,JR,Stewartville HS,,North Dakota State University,DI,Summit,The Summit League,https://gobison.com/sports/womens-volleyball/roster/2025,2026-07-20T00:54:39.032925+00:00,73,Spring Valley,MN,USA,2025
5,Maddy Dombeck,S,SO,Farmington HS,,North Dakota State University,DI,Summit,The Summit League,https://gobison.com/sports/womens-volleyball/roster/2025,2026-07-20T00:54:39.032925+00:00,68,Farmington,MN,USA,2025
6,Cathy Porter,S,JR,Burnside HS,,North Dakota State University,DI,Summit,The Summit League,https://gobison.com/sports/womens-volleyball/roster/2025,2026-07-20T00:54:39.032925+00:00,68,Christchurch,,New Zealand,2025
7,Abi Banitt,L/DS,JR,River Falls HS,SIUE,North Dakota State University,DI,Summit,The Summit League,https://gobison.com/sports/womens-volleyball/roster/2025,2026-07-20T00:54:39.032925+00:00,67,Prescott,WI,USA,2025
8,Emma Tallman,MB,JR,Dowling Catholic HS,,North Dakota State University,DI,Summit,The Summit League,https://gobison.com/sports/womens-volleyball/roster/2025,2026-07-20T00:54:39.032925+00:00,74,Johnston,IA,USA,2025
9,Abby Carpenter,OH,FR,C.M. Russell HS,,North Dakota State University,DI,Summit,The Summit League,https://gobison.com/sports/womens-volleyball/roster/2025,2026-07-20T00:54:39.032925+00:00,74,Great Falls,MT,USA,2025
10,Rya Borer,L/DS,FR,Norris HS,,North Dakota State University,DI,Summit,The Summit League,https://gobison.com/sports/womens-volleyball/roster/2025,2026-07-20T00:54:39.032925+00:00,60,Lincoln,NE,USA,2025
11,Layla Haritatos,L/DS,SO,Franklin HS,,North Dakota State University,DI,Summit,The Summit League,https://gobison.com/sports/womens-volleyball/roster/2025,2026-07-20T00:54:39.032925+00:00,64,Franklin,TN,USA,2025
12,Sadie Johnson,L/DS,RFR.,Hendricks HS,,North Dakota State University,DI,Summit,The Summit League,https://gobison.com/sports/womens-volleyball/roster/2025,2026-07-20T00:54:39.032925+00:00,63,Hendricks,MN,USA,2025
13,Lauren Jansen,OH,JR,Plainfield North HS,,North Dakota State University,DI,Summit,The Summit League,https://gobison.com/sports/womens-volleyball/roster/2025,2026-07-20T00:54:39.032925+00:00,71,Plainfield,IL,USA,2025
15,Emily Bruss,S,SO,Luxemburg Casco HS,,North Dakota State University,DI,Summit,The Summit League,https://gobison.com/sports/womens-volleyball/roster/2025,2026-07-20T00:54:39.032925+00:00,71,Suamico,WI,USA,2025
17,Zoe John,OH,SO,Highland HS,Pacific,North Dakota State University,DI,Summit,The Summit League,https://gobison.com/sports/womens-volleyball/roster/2025,2026-07-20T00:54:39.032925+00:00,72,Queen Creek,AZ,USA,2025
18,Ally Barth,MB,SR,Madison Edgewood of the Sacred Heart HS,,North Dakota State University,DI,Summit,The Summit League,https://gobison.com/sports/womens-volleyball/roster/2025,2026-07-20T00:54:39.032925+00:00,73,Verona,WI,USA,2025
1,Aven Crosby,L/DS,,,,Northeastern University,DI,CAA,Coastal Athletic Association,https://nuhuskies.com/sports/womens-volleyball/roster/2025,2026-07-20T00:54:41.253102+00:00,69,Dallas,TX,USA,2025
2,Nadia Koanui,L/DS,,,,Northeastern University,DI,CAA,Coastal Athletic Association,https://nuhuskies.com/sports/womens-volleyball/roster/2025,2026-07-20T00:54:41.253102+00:00,67,Kapolei,HI,USA,2025
3,Sofia King,S,,,,Northeastern University,DI,CAA,Coastal Athletic Association,https://nuhuskies.com/sports/womens-volleyball/roster/2025,2026-07-20T00:54:41.253102+00:00,69,Naples,FL,USA,2025
4,Olivia Alicante,OH,,,,Northeastern University,DI,CAA,Coastal Athletic Association,https://nuhuskies.com/sports/womens-volleyball/roster/2025,2026-07-20T00:54:41.253102+00:00,70,North Plainfield,NJ,USA,2025
5,Reagan Nisbet,L/DS,,,,Northeastern University,DI,CAA,Coastal Athletic Association,https://nuhuskies.com/sports/womens-volleyball/roster/2025,2026-07-20T00:54:41.253102+00:00,69,Nashville,TN,USA,2025
6,Gabby Reeves,S,,,,Northeastern University,DI,CAA,Coastal Athletic Association,https://nuhuskies.com/sports/womens-volleyball/roster/2025,2026-07-20T00:54:41.253102+00:00,67,San Antonio,TX,USA,2025
7,Erikah Buff,MB,,,,Northeastern University,DI,CAA,Coastal Athletic Association,https://nuhuskies.com/sports/womens-volleyball/roster/2025,2026-07-20T00:54:41.253102+00:00,74,Ponte Vedra Beach,FL,USA,2025
8,Zehra Yilmaz,MB,,,,Northeastern University,DI,CAA,Coastal Athletic Association,https://nuhuskies.com/sports/womens-volleyball/roster/2025,2026-07-20T00:54:41.253102+00:00,73,Istanbul,,Turkey,2025
9,Beatrice Gennari,MB,,,,Northeastern University,DI,CAA,Coastal Athletic Association,https://nuhuskies.com/sports/womens-volleyball/roster/2025,2026-07-20T00:54:41.253102+00:00,72,Monza,,Italy,2025
10,Jane Nelson,OH,,,,Northeastern University,DI,CAA,Coastal Athletic Association,https://nuhuskies.com/sports/womens-volleyball/roster/2025,2026-07-20T00:54:41.253102+00:00,73,West Chester,PA,USA,2025
11,Kaylin Daniels,MB,,,,Northeastern University,DI,CAA,Coastal Athletic Association,https://nuhuskies.com/sports/womens-volleyball/roster/2025,2026-07-20T00:54:41.253102+00:00,71,Sugar Land,TX,USA,2025
12,Valentina Meirelles,OH,,,UC San Diego,Northeastern University,DI,CAA,Coastal Athletic Association,https://nuhuskies.com/sports/womens-volleyball/roster/2025,2026-07-20T00:54:41.253102+00:00,73,São Paulo,,Brazil,2025
13,Arina Sosinovica,S,,,,Northeastern University,DI,CAA,Coastal Athletic Association,https://nuhuskies.com/sports/womens-volleyball/roster/2025,2026-07-20T00:54:41.253102+00:00,69,Valmiera,,Latvia,2025
14,Svenja Rodenbüsch,OH,,,Fairfield,Northeastern University,DI,CAA,Coastal Athletic Association,https://nuhuskies.com/sports/womens-volleyball/roster/2025,2026-07-20T00:54:41.253102+00:00,71,Waldkirch,,Germany,2025
15,Brynn Smith,OH,,,,Northeastern University,DI,CAA,Coastal Athletic Association,https://nuhuskies.com/sports/womens-volleyball/roster/2025,2026-07-20T00:54:41.253102+00:00,72,Long Grove,IL,USA,2025
16,Elle Lucas,OH,,,,Northeastern University,DI,CAA,Coastal Athletic Association,https://nuhuskies.com/sports/womens-volleyball/roster/2025,2026-07-20T00:54:41.253102+00:00,74,Franklin,TN,USA,2025
17,Emma Rowell,S,,,,Northeastern University,DI,CAA,Coastal Athletic Association,https://nuhuskies.com/sports/womens-volleyball/roster/2025,2026-07-20T00:54:41.253102+00:00,70,Torrance,CA,USA,2025
18,Sydney Mayfield,OH,,,,Northeastern University,DI,CAA,Coastal Athletic Association,https://nuhuskies.com/sports/womens-volleyball/roster/2025,2026-07-20T00:54:41.253102+00:00,70,Washington,DC,USA,2025
19,Ellie Williams,L/DS,,,,Northeastern University,DI,CAA,Coastal Athletic Association,https://nuhuskies.com/sports/womens-volleyball/roster/2025,2026-07-20T00:54:41.253102+00:00,69,Geneva,FL,USA,2025
1,Hanah Stoddard,OH,R-JR,Lake City,Gonzaga,Northern Arizona University,DI,Big Sky,Big Sky Conference,https://nauathletics.com/sports/womens-volleyball/roster/2025,2026-07-20T00:54:43.643664+00:00,73,Coeur d’Alene,ID,USA,2025
2,Melia Barlow,S,R-SO,Hamilton,,Northern Arizona University,DI,Big Sky,Big Sky Conference,https://nauathletics.com/sports/womens-volleyball/roster/2025,2026-07-20T00:54:43.643664+00:00,68,Chandler,AZ,USA,2025
3,Gigi Greenlee,MB,R-SO,Horizon,,Northern Arizona University,DI,Big Sky,Big Sky Conference,https://nauathletics.com/sports/womens-volleyball/roster/2025,2026-07-20T00:54:43.643664+00:00,75,Scottsdale,AZ,USA,2025
4,Georgi Stein,OH,FR,Sunnyslope,,Northern Arizona University,DI,Big Sky,Big Sky Conference,https://nauathletics.com/sports/womens-volleyball/roster/2025,2026-07-20T00:54:43.643664+00:00,73,Phoenix,AZ,USA,2025
5,Taryn Davis,S,JR,Sunrise Mountain,Scottsdale Community,Northern Arizona University,DI,Big Sky,Big Sky Conference,https://nauathletics.com/sports/womens-volleyball/roster/2025,2026-07-20T00:54:43.643664+00:00,67,Peoria,AZ,USA,2025
6,Lauren Edlund,OPP,FR,Vauxhall,,Northern Arizona University,DI,Big Sky,Big Sky Conference,https://nauathletics.com/sports/womens-volleyball/roster/2025,2026-07-20T00:54:43.643664+00:00,73,Barnwell,,Alberta,2025
7,Ella Hosfeld,S,JR,Lake City,Westmont College,Northern Arizona University,DI,Big Sky,Big Sky Conference,https://nauathletics.com/sports/womens-volleyball/roster/2025,2026-07-20T00:54:43.643664+00:00,68,Coeur D'Alene,ID,USA,2025
8,Peyton Devlin,,R-FR,ALA Queen Creek,,Northern Arizona University,DI,Big Sky,Big Sky Conference,https://nauathletics.com/sports/womens-volleyball/roster/2025,2026-07-20T00:54:43.643664+00:00,73,Queen Creek,AZ,USA,2025
9,Masina Perez,,R-FR,Lone Peak HS,,Northern Arizona University,DI,Big Sky,Big Sky Conference,https://nauathletics.com/sports/womens-volleyball/roster/2025,2026-07-20T00:54:43.643664+00:00,73,Lindon,UT,USA,2025
10,Lilly Holmes,L/DS,R-FR,Legend HS,,Northern Arizona University,DI,Big Sky,Big Sky Conference,https://nauathletics.com/sports/womens-volleyball/roster/2025,2026-07-20T00:54:43.643664+00:00,67,Parker,CO,USA,2025
12,Laney Wilson,OPP,FR,Sunnyslope,,Northern Arizona University,DI,Big Sky,Big Sky Conference,https://nauathletics.com/sports/womens-volleyball/roster/2025,2026-07-20T00:54:43.643664+00:00,72,Phoenix,AZ,USA,2025
13,Keira Hall,S,SR,Horizon,,Northern Arizona University,DI,Big Sky,Big Sky Conference,https://nauathletics.com/sports/womens-volleyball/roster/2025,2026-07-20T00:54:43.643664+00:00,70,Scottsdale,AZ,USA,2025
14,Avery Gottschalk,MB,JR,Rocklin,,Northern Arizona University,DI,Big Sky,Big Sky Conference,https://nauathletics.com/sports/womens-volleyball/roster/2025,2026-07-20T00:54:43.643664+00:00,75,Rocklin,CA,USA,2025
19,Sophia Wadsworth,OPP,R-SR,Scottsdale Christian Academy,,Northern Arizona University,DI,Big Sky,Big Sky Conference,https://nauathletics.com/sports/womens-volleyball/roster/2025,2026-07-20T00:54:43.643664+00:00,71,Scottsdale,AZ,USA,2025
20,Kylie Moran,OH,SR,Desert Vista,,Northern Arizona University,DI,Big Sky,Big Sky Conference,https://nauathletics.com/sports/womens-volleyball/roster/2025,2026-07-20T00:54:43.643664+00:00,71,Phoenix,AZ,USA,2025
31,Kate Camp,MB,FR,Palo Verde,,Northern Arizona University,DI,Big Sky,Big Sky Conference,https://nauathletics.com/sports/womens-volleyball/roster/2025,2026-07-20T00:54:43.643664+00:00,73,Las Vegas,NV,USA,2025
2,Ella Strausberger,S,SO,Plainfield North,,Northern Illinois University,DI,Mid American,Mid-American Conference,https://niuhuskies.com/sports/womens-volleyball/roster/2025,2026-07-20T00:54:46.100013+00:00,70,Plainfield,IL,USA,2025
3,Ava Grevengoed,OH,SO,Joliet West,,Northern Illinois University,DI,Mid American,Mid-American Conference,https://niuhuskies.com/sports/womens-volleyball/roster/2025,2026-07-20T00:54:46.100013+00:00,71,Shorewood,IL,USA,2025
4,Kiana Shields,MB,FR,Wheaton Academy,,Northern Illinois University,DI,Mid American,Mid-American Conference,https://niuhuskies.com/sports/womens-volleyball/roster/2025,2026-07-20T00:54:46.100013+00:00,71,West Chicago,IL,USA,2025
5,Kylie Schulze,S,R-JR,Woodstock North,,Northern Illinois University,DI,Mid American,Mid-American Conference,https://niuhuskies.com/sports/womens-volleyball/roster/2025,2026-07-20T00:54:46.100013+00:00,68,Wonder Lake,IL,USA,2025
6,Emma McCartney,OH,SO,Chardon,,Northern Illinois University,DI,Mid American,Mid-American Conference,https://niuhuskies.com/sports/womens-volleyball/roster/2025,2026-07-20T00:54:46.100013+00:00,71,Cleveland,OH,USA,2025
7,Sydney Robinson,OH,JR,Brebeuf Jesuit,,Northern Illinois University,DI,Mid American,Mid-American Conference,https://niuhuskies.com/sports/womens-volleyball/roster/2025,2026-07-20T00:54:46.100013+00:00,68,Indianapolis,IN,USA,2025
8,Rylea Alvin,MB,SO,Randolph,,Northern Illinois University,DI,Mid American,Mid-American Conference,https://niuhuskies.com/sports/womens-volleyball/roster/2025,2026-07-20T00:54:46.100013+00:00,74,Randolph,WI,USA,2025
9,Delaney Steers,OH,FR,Brownsburg,,Northern Illinois University,DI,Mid American,Mid-American Conference,https://niuhuskies.com/sports/womens-volleyball/roster/2025,2026-07-20T00:54:46.100013+00:00,68,Brownsburg,IN,USA,2025
10,Eva Finnessy,OPP,FR,Sussex Hamilton,,Northern Illinois University,DI,Mid American,Mid-American Conference,https://niuhuskies.com/sports/womens-volleyball/roster/2025,2026-07-20T00:54:46.100013+00:00,70,Pewaukee,WI,USA,2025
11,Savannah Gogel,MB,FR,Heritage Hills,,Northern Illinois University,DI,Mid American,Mid-American Conference,https://niuhuskies.com/sports/womens-volleyball/roster/2025,2026-07-20T00:54:46.100013+00:00,72,Santa Claus,IN,USA,2025
12,Alexa Hayes,OPP,SR,Magnolia West,,Northern Illinois University,DI,Mid American,Mid-American Conference,https://niuhuskies.com/sports/womens-volleyball/roster/2025,2026-07-20T00:54:46.100013+00:00,70,Magnolia,TX,USA,2025
14,Naomi Dowd,OH,FR,Waubonsie Valley,,Northern Illinois University,DI,Mid American,Mid-American Conference,https://niuhuskies.com/sports/womens-volleyball/roster/2025,2026-07-20T00:54:46.100013+00:00,69,Aurora,IL,USA,2025
15,Autumn Flynn,MB,JR,Luxemburg-Casco,,Northern Illinois University,DI,Mid American,Mid-American Conference,https://niuhuskies.com/sports/womens-volleyball/roster/2025,2026-07-20T00:54:46.100013+00:00,72,Luxemburg,WI,USA,2025
20,Jordyn Tynsky,L/DS,SO,Denton Guyer,,Northern Illinois University,DI,Mid American,Mid-American Conference,https://niuhuskies.com/sports/womens-volleyball/roster/2025,2026-07-20T00:54:46.100013+00:00,67,Denton,TX,USA,2025
21,Ellie Smith,S,FR,Vero Beach,,Northern Illinois University,DI,Mid American,Mid-American Conference,https://niuhuskies.com/sports/womens-volleyball/roster/2025,2026-07-20T00:54:46.100013+00:00,65,Vero Beach,FL,USA,2025
3,Ava Hoying,OH,JR,Bishop Watterson HS,,Northern Kentucky University,DI,Horizon,Horizon League,https://nkunorse.com/sports/womens-volleyball/roster/2025,2026-07-20T00:54:48.653781+00:00,72,Dublin,OH,USA,2025
4,Katie Noschang,OH,SO,Mount Notre Dame HS,,Northern Kentucky University,DI,Horizon,Horizon League,https://nkunorse.com/sports/womens-volleyball/roster/2025,2026-07-20T00:54:48.653781+00:00,71,Cincinnati,OH,USA,2025
7,Kendall Hopewell,OH,R-FR,Forest Hills Northern HS,,Northern Kentucky University,DI,Horizon,Horizon League,https://nkunorse.com/sports/womens-volleyball/roster/2025,2026-07-20T00:54:48.653781+00:00,73,Grand Rapids,MI,USA,2025
8,Allison Risley,OH,SO,Lafayette HS,,Northern Kentucky University,DI,Horizon,Horizon League,https://nkunorse.com/sports/womens-volleyball/roster/2025,2026-07-20T00:54:48.653781+00:00,71,St. Louis,MO,USA,2025
9,Jaya Parker,OH,SR,Stivers School for the Arts,,Northern Kentucky University,DI,Horizon,Horizon League,https://nkunorse.com/sports/womens-volleyball/roster/2025,2026-07-20T00:54:48.653781+00:00,70,Dayton,OH,USA,2025
11,Sydney Bray,OH,JR,Etowah HS,,Northern Kentucky University,DI,Horizon,Horizon League,https://nkunorse.com/sports/womens-volleyball/roster/2025,2026-07-20T00:54:48.653781+00:00,70,Woodstock,GA,USA,2025
12,Ivey Stocks,MB,JR,Saint Ursula Academy,,Northern Kentucky University,DI,Horizon,Horizon League,https://nkunorse.com/sports/womens-volleyball/roster/2025,2026-07-20T00:54:48.653781+00:00,71,Cincinnati,OH,USA,2025
15,Abby Pickard,S,FR,Lakewood HS,,Northern Kentucky University,DI,Horizon,Horizon League,https://nkunorse.com/sports/womens-volleyball/roster/2025,2026-07-20T00:54:48.653781+00:00,70,Hastings,MI,USA,2025
16,Ashley Sess,MB,FR,Mercy McAuley HS,,Northern Kentucky University,DI,Horizon,Horizon League,https://nkunorse.com/sports/womens-volleyball/roster/2025,2026-07-20T00:54:48.653781+00:00,75,Cincinnati,OH,USA,2025
20,Luci Heid,OH,FR,Stephen T. Badin HS,,Northern Kentucky University,DI,Horizon,Horizon League,https://nkunorse.com/sports/womens-volleyball/roster/2025,2026-07-20T00:54:48.653781+00:00,72,Cincinnati,OH,USA,2025
5,Mya Kattula,S,FR,Notre Dame Prep,,Oakland University,DI,Horizon,Horizon League,https://goldengrizzlies.com/sports/womens-volleyball/roster/2025,2026-07-20T00:54:56.912219+00:00,68,Rochester,MI,USA,2025
8,Ellen Zapp,MB,FR,Center Grove High School,,Oakland University,DI,Horizon,Horizon League,https://goldengrizzlies.com/sports/womens-volleyball/roster/2025,2026-07-20T00:54:56.912219+00:00,72,Greenwood,IN,USA,2025
10,Lillian Frias,MB,SO,Genoa Area High School,,Oakland University,DI,Horizon,Horizon League,https://goldengrizzlies.com/sports/womens-volleyball/roster/2025,2026-07-20T00:54:56.912219+00:00,71,Curtice,OH,USA,2025
11,Molly Reck,OH,FR,Northville High School,,Oakland University,DI,Horizon,Horizon League,https://goldengrizzlies.com/sports/womens-volleyball/roster/2025,2026-07-20T00:54:56.912219+00:00,71,Northville,MI,USA,2025
12,Libby Smith,OH,R-SR,Blissfield,,Oakland University,DI,Horizon,Horizon League,https://goldengrizzlies.com/sports/womens-volleyball/roster/2025,2026-07-20T00:54:56.912219+00:00,72,Blissfield,MI,USA,2025
13,Ella Martin,OH,R-SR,Bishop Miege,,Oakland University,DI,Horizon,Horizon League,https://goldengrizzlies.com/sports/womens-volleyball/roster/2025,2026-07-20T00:54:56.912219+00:00,70,Leawood,KS,USA,2025
15,Delaney Stern,S,SO,Johnsburg High School,,Oakland University,DI,Horizon,Horizon League,https://goldengrizzlies.com/sports/womens-volleyball/roster/2025,2026-07-20T00:54:56.912219+00:00,69,Johnsburg,IL,USA,2025
16,Anika Prisby,MB,R-JR,Armada High School,,Oakland University,DI,Horizon,Horizon League,https://goldengrizzlies.com/sports/womens-volleyball/roster/2025,2026-07-20T00:54:56.912219+00:00,76,Richmond,MI,USA,2025
23,Grace Cooney,MB,FR,Hartland County High School,,Oakland University,DI,Horizon,Horizon League,https://goldengrizzlies.com/sports/womens-volleyball/roster/2025,2026-07-20T00:54:56.912219+00:00,73,Hartland,MI,USA,2025
1,Mackenzie Murphy,L/DS,,Rocklin HS,,Oral Roberts University,DI,Summit,The Summit League,https://oruathletics.com/sports/womens-volleyball/roster/2025,2026-07-20T00:55:12.022486+00:00,66,Rocklin,,Calif. / Rocklin HS,2025
2,Farah Helmy,S,,The English School,Frank Phillips College,Oral Roberts University,DI,Summit,The Summit League,https://oruathletics.com/sports/womens-volleyball/roster/2025,2026-07-20T00:55:12.022486+00:00,70,Cairo,,Egypt / The English School,2025
4,Suze Zijlstra,OH,,Magister Alvinus School,,Oral Roberts University,DI,Summit,The Summit League,https://oruathletics.com/sports/womens-volleyball/roster/2025,2026-07-20T00:55:12.022486+00:00,70,Sneek,,Netherlands / Magister Alvinus School,2025
6,Hayden Hart,OH,,Millard West HS,,Oral Roberts University,DI,Summit,The Summit League,https://oruathletics.com/sports/womens-volleyball/roster/2025,2026-07-20T00:55:12.022486+00:00,70,Omaha,,Neb. / Millard West HS,2025
7,Mallorie Swartz,OH,,McKeel Academy of Technology,,Oral Roberts University,DI,Summit,The Summit League,https://oruathletics.com/sports/womens-volleyball/roster/2025,2026-07-20T00:55:12.022486+00:00,72,Lakeland,,Fla. / McKeel Academy of Technology,2025
8,Natassia Baptiste,MB,,Obra D. Tompkins HS,,Oral Roberts University,DI,Summit,The Summit League,https://oruathletics.com/sports/womens-volleyball/roster/2025,2026-07-20T00:55:12.022486+00:00,73,Fulshear,,Texas / Obra D. Tompkins HS,2025
9,Grace Larrivee,MB,,Grace Academy,Saint Francis University,Oral Roberts University,DI,Summit,The Summit League,https://oruathletics.com/sports/womens-volleyball/roster/2025,2026-07-20T00:55:12.022486+00:00,74,Emmitsburg,,MD / Grace Academy,2025
10,Rachel Resta,S,,Mansfield HS,,Oral Roberts University,DI,Summit,The Summit League,https://oruathletics.com/sports/womens-volleyball/roster/2025,2026-07-20T00:55:12.022486+00:00,70,Mansfield,,Tex. / Mansfield HS,2025
11,Julia Carr,L/DS,,Central Catholic HS,Carroll College,Oral Roberts University,DI,Summit,The Summit League,https://oruathletics.com/sports/womens-volleyball/roster/2025,2026-07-20T00:55:12.022486+00:00,67,Portland,,Ore. / Central Catholic HS,2025
12,Elyse Dube,OH,,Christian Heritage School,,Oral Roberts University,DI,Summit,The Summit League,https://oruathletics.com/sports/womens-volleyball/roster/2025,2026-07-20T00:55:12.022486+00:00,72,Trumbull,,CT / Christian Heritage School,2025
13,Jenna Salyer,MB,,Chaparral HS,Austin Peay,Oral Roberts University,DI,Summit,The Summit League,https://oruathletics.com/sports/womens-volleyball/roster/2025,2026-07-20T00:55:12.022486+00:00,71,Temecula,,Calif. / Chaparral HS,2025
14,Cortnee Smith,OH,,Monsignor Edward Pace HS,,Oral Roberts University,DI,Summit,The Summit League,https://oruathletics.com/sports/womens-volleyball/roster/2025,2026-07-20T00:55:12.022486+00:00,70,Miami,,Fla. / Monsignor Edward Pace HS,2025
15,Hope Hickman,OH,,Home School,,Oral Roberts University,DI,Summit,The Summit League,https://oruathletics.com/sports/womens-volleyball/roster/2025,2026-07-20T00:55:12.022486+00:00,74,Tecumseh,,Kan. / Home School,2025
16,Sophie Johnson,L/DS,,Hendricks HS,South Dakota State,Oral Roberts University,DI,Summit,The Summit League,https://oruathletics.com/sports/womens-volleyball/roster/2025,2026-07-20T00:55:12.022486+00:00,68,Hendricks,,Minn. / Hendricks HS,2025
17,Addisen Barber,S,,Sioux Falls Christian School,,Oral Roberts University,DI,Summit,The Summit League,https://oruathletics.com/sports/womens-volleyball/roster/2025,2026-07-20T00:55:12.022486+00:00,69,Sioux Falls,,S.D. / Sioux Falls Christian School,2025
2,Paige Stepaniuk,L/DS,JR,Ridgefield HS,,Portland State University,DI,Big Sky,Big Sky Conference,https://goviks.com/sports/womens-volleyball/roster/2025,2026-07-20T00:55:31.455362+00:00,66,Ridgefield,WA,USA,2025
3,Brenna Coffman,MB,FR,Legend HS,,Portland State University,DI,Big Sky,Big Sky Conference,https://goviks.com/sports/womens-volleyball/roster/2025,2026-07-20T00:55:31.455362+00:00,70,Parker,CO,USA,2025
6,Allison Panter,S,SO,Denver School of Science and Technology: Montview,,Portland State University,DI,Big Sky,Big Sky Conference,https://goviks.com/sports/womens-volleyball/roster/2025,2026-07-20T00:55:31.455362+00:00,70,Denver,CO,USA,2025
8,Naomi White,MB,JR,Palo Verde HS,,Portland State University,DI,Big Sky,Big Sky Conference,https://goviks.com/sports/womens-volleyball/roster/2025,2026-07-20T00:55:31.455362+00:00,72,Las Vegas,NV,USA,2025
10,Sydney Stenson,OPP,R-JR,Bear Creek HS,UNLV,Portland State University,DI,Big Sky,Big Sky Conference,https://goviks.com/sports/womens-volleyball/roster/2025,2026-07-20T00:55:31.455362+00:00,72,Lakewood,CO,USA,2025
11,Cali-Jo Shigemasa,L/DS,SO,Punahou School,,Portland State University,DI,Big Sky,Big Sky Conference,https://goviks.com/sports/womens-volleyball/roster/2025,2026-07-20T00:55:31.455362+00:00,63,Pearl City,,Hawai'i,2025
12,Elisabeth Levick,S,SO,Glencoe HS,Old Dominion,Portland State University,DI,Big Sky,Big Sky Conference,https://goviks.com/sports/womens-volleyball/roster/2025,2026-07-20T00:55:31.455362+00:00,73,Hillsboro,OR,USA,2025
13,Jessica Truong,L/DS,FR,Bingham HS,,Portland State University,DI,Big Sky,Big Sky Conference,https://goviks.com/sports/womens-volleyball/roster/2025,2026-07-20T00:55:31.455362+00:00,63,South Jordan,UT,USA,2025
16,Katie Brewer,MB,FR,Centennial HS,,Portland State University,DI,Big Sky,Big Sky Conference,https://goviks.com/sports/womens-volleyball/roster/2025,2026-07-20T00:55:31.455362+00:00,73,Gresham,OR,USA,2025
17,Amber Walker,OPP,R-FR,Tigard HS,Sonoma State,Portland State University,DI,Big Sky,Big Sky Conference,https://goviks.com/sports/womens-volleyball/roster/2025,2026-07-20T00:55:31.455362+00:00,72,Tigard,OR,USA,2025
18,Alivia Eikenberg,OH,FR,Rock Canyon HS,,Portland State University,DI,Big Sky,Big Sky Conference,https://goviks.com/sports/womens-volleyball/roster/2025,2026-07-20T00:55:31.455362+00:00,68,Lone Tree,CO,USA,2025
19,Ashley Repetti,OH,FR,Los Alamitos HS,,Portland State University,DI,Big Sky,Big Sky Conference,https://goviks.com/sports/womens-volleyball/roster/2025,2026-07-20T00:55:31.455362+00:00,71,Los Alamitos,CA,USA,2025
20,Willow Watson,MB,FR,Arbor View HS,,Portland State University,DI,Big Sky,Big Sky Conference,https://goviks.com/sports/womens-volleyball/roster/2025,2026-07-20T00:55:31.455362+00:00,74,Las Vegas,NV,USA,2025
21,Reese Biesemeyer,MB,SO,Perry HS,,Portland State University,DI,Big Sky,Big Sky Conference,https://goviks.com/sports/womens-volleyball/roster/2025,2026-07-20T00:55:31.455362+00:00,73,Chandler,AZ,USA,2025
23,Ava Blascziek,S,JR,Lakeville North HS,Temple University,Portland State University,DI,Big Sky,Big Sky Conference,https://goviks.com/sports/womens-volleyball/roster/2025,2026-07-20T00:55:31.455362+00:00,70,Lakeville,MN,USA,2025
24,Tyra Schaub,OH,SR,Skyview HS,Gonzaga,Portland State University,DI,Big Sky,Big Sky Conference,https://goviks.com/sports/womens-volleyball/roster/2025,2026-07-20T00:55:31.455362+00:00,72,Vancouver,WA,USA,2025
1,Lili Smith,S,FR,Flushing,,Purdue University Fort Wayne,DI,Horizon,Horizon League,https://gomastodons.com/sports/womens-volleyball/roster/2025,2026-07-20T00:55:54.503448+00:00,71,Flushing,MI,USA,2025
2,Meg Berkland,L/DS,SO,Clear Creek Amana,,Purdue University Fort Wayne,DI,Horizon,Horizon League,https://gomastodons.com/sports/womens-volleyball/roster/2025,2026-07-20T00:55:54.503448+00:00,65,Williamsburg,IA,USA,2025
3,Becky Barrett,L/DS,JR,Athens,,Purdue University Fort Wayne,DI,Horizon,Horizon League,https://gomastodons.com/sports/womens-volleyball/roster/2025,2026-07-20T00:55:54.503448+00:00,64,Athens,IL,USA,2025
5,Mya Plemons,MB,SO,Huntington North,,Purdue University Fort Wayne,DI,Horizon,Horizon League,https://gomastodons.com/sports/womens-volleyball/roster/2025,2026-07-20T00:55:54.503448+00:00,71,Huntington,IN,USA,2025
6,Riley Rosneck,OH,SO,Kenston,,Purdue University Fort Wayne,DI,Horizon,Horizon League,https://gomastodons.com/sports/womens-volleyball/roster/2025,2026-07-20T00:55:54.503448+00:00,72,Cleveland,OH,USA,2025
8,Miona Dimitric,OH,SO,Mitrovacka Gimnazija,,Purdue University Fort Wayne,DI,Horizon,Horizon League,https://gomastodons.com/sports/womens-volleyball/roster/2025,2026-07-20T00:55:54.503448+00:00,72,Backa Palanka,,Serbia,2025
9,Trinity Rye,OH,FR,Western Christian Academy,,Purdue University Fort Wayne,DI,Horizon,Horizon League,https://gomastodons.com/sports/womens-volleyball/roster/2025,2026-07-20T00:55:54.503448+00:00,71,San Diego,CA,USA,2025
10,Haiden Means,S,FR,Scottsburg,,Purdue University Fort Wayne,DI,Horizon,Horizon League,https://gomastodons.com/sports/womens-volleyball/roster/2025,2026-07-20T00:55:54.503448+00:00,69,Madison,IN,USA,2025
11,Stephani Winzeler,L/DS,FR,Whitmer,,Purdue University Fort Wayne,DI,Horizon,Horizon League,https://gomastodons.com/sports/womens-volleyball/roster/2025,2026-07-20T00:55:54.503448+00:00,68,Toledo,OH,USA,2025
14,Kennedy McCants,MB,JR,North Augusta,,Purdue University Fort Wayne,DI,Horizon,Horizon League,https://gomastodons.com/sports/womens-volleyball/roster/2025,2026-07-20T00:55:54.503448+00:00,71,North Augusta,SC,USA,2025
15,Bella DiBuono,MB,FR,Leon,,Purdue University Fort Wayne,DI,Horizon,Horizon League,https://gomastodons.com/sports/womens-volleyball/roster/2025,2026-07-20T00:55:54.503448+00:00,74,Tallahassee,FL,USA,2025
16,Avery Parris,OPP,SO,Reitz Memorial,Southern Illinois,Purdue University Fort Wayne,DI,Horizon,Horizon League,https://gomastodons.com/sports/womens-volleyball/roster/2025,2026-07-20T00:55:54.503448+00:00,74,Evansville,IN,USA,2025
19,Jena Medearis,MB,SR,Nixa,,Purdue University Fort Wayne,DI,Horizon,Horizon League,https://gomastodons.com/sports/womens-volleyball/roster/2025,2026-07-20T00:55:54.503448+00:00,72,Nixa,MO,USA,2025
21,Iris Riegel,OH,SR,Fairmont,,Purdue University Fort Wayne,DI,Horizon,Horizon League,https://gomastodons.com/sports/womens-volleyball/roster/2025,2026-07-20T00:55:54.503448+00:00,73,Kettering,OH,USA,2025
2,Leilani-kai Giusta,OH,,Moanalua,,Quinnipiac University,DI,MAAC,Metro Atlantic Athletic Conference,https://gobobcats.com/sports/womens-volleyball/roster/2025,2026-07-20T00:56:00.073457+00:00,72,Kane’ohe,HI,USA,2025
4,Yasmina Baum,L/DS,,College et Ecole de Commerce d'Andree-Chavanne,,Quinnipiac University,DI,MAAC,Metro Atlantic Athletic Conference,https://gobobcats.com/sports/womens-volleyball/roster/2025,2026-07-20T00:56:00.073457+00:00,65,Ferney-Voltaire,,France,2025
7,Yagmur Gunes,OH,,Sahinkaya Academy,,Quinnipiac University,DI,MAAC,Metro Atlantic Athletic Conference,https://gobobcats.com/sports/womens-volleyball/roster/2025,2026-07-20T00:56:00.073457+00:00,68,Bursa,,Turkey,2025
8,Milena Silva,MB,,Colégio Eduardo Gomes,,Quinnipiac University,DI,MAAC,Metro Atlantic Athletic Conference,https://gobobcats.com/sports/womens-volleyball/roster/2025,2026-07-20T00:56:00.073457+00:00,71,Sao Caetano,,Brazil,2025
9,Carola Negron Diaz,L/DS,,Winter Springs,,Quinnipiac University,DI,MAAC,Metro Atlantic Athletic Conference,https://gobobcats.com/sports/womens-volleyball/roster/2025,2026-07-20T00:56:00.073457+00:00,64,San Juan,,Puerto Rico,2025
10,Vittoria Tonelli,OH,,Liceo Augusto Monti,,Quinnipiac University,DI,MAAC,Metro Atlantic Athletic Conference,https://gobobcats.com/sports/womens-volleyball/roster/2025,2026-07-20T00:56:00.073457+00:00,71,Fano,,Italy,2025
11,Asia Belli,MB,,Itsos Marie Curie,,Quinnipiac University,DI,MAAC,Metro Atlantic Athletic Conference,https://gobobcats.com/sports/womens-volleyball/roster/2025,2026-07-20T00:56:00.073457+00:00,71,Cassina De Pecchi,,Italy,2025
13,Tuana Turhan,MB,,Final Private Anatolian High School Of Ankara,,Quinnipiac University,DI,MAAC,Metro Atlantic Athletic Conference,https://gobobcats.com/sports/womens-volleyball/roster/2025,2026-07-20T00:56:00.073457+00:00,73,Ankara,,Turkey,2025
14,Klara Olszewska,S,,Liceum Ogólnoksztalcace Im. Marii Konopnickiej W Legionowie,,Quinnipiac University,DI,MAAC,Metro Atlantic Athletic Conference,https://gobobcats.com/sports/womens-volleyball/roster/2025,2026-07-20T00:56:00.073457+00:00,72,Poznan,Wielkopolska,Poland,2025
16,Ginevra Giovagnoni,OH,,Istituto Sacro Cuore Mondena,,Quinnipiac University,DI,MAAC,Metro Atlantic Athletic Conference,https://gobobcats.com/sports/womens-volleyball/roster/2025,2026-07-20T00:56:00.073457+00:00,68,Montale Rangone,,Italy,2025
18,Damla Gunes,S,,Sahinkaya Academy,,Quinnipiac University,DI,MAAC,Metro Atlantic Athletic Conference,https://gobobcats.com/sports/womens-volleyball/roster/2025,2026-07-20T00:56:00.073457+00:00,68,Bursa,,Turkey,2025
19,Azra Ozbiltekin,OPP,,Izmir Mavisehir Okyanus Highschool,,Quinnipiac University,DI,MAAC,Metro Atlantic Athletic Conference,https://gobobcats.com/sports/womens-volleyball/roster/2025,2026-07-20T00:56:00.073457+00:00,71,Fethiye,Mugla,Turkey,2025
20,Sahra Ozbiltekin,OH,,Izmir Mavisehir Okyanus Highschool,,Quinnipiac University,DI,MAAC,Metro Atlantic Athletic Conference,https://gobobcats.com/sports/womens-volleyball/roster/2025,2026-07-20T00:56:00.073457+00:00,71,Fethiye,Mugla,Turkey,2025
23,Cynthia Skenderi,OPP,,Mary Louis Academy,,Quinnipiac University,DI,MAAC,Metro Atlantic Athletic Conference,https://gobobcats.com/sports/womens-volleyball/roster/2025,2026-07-20T00:56:00.073457+00:00,72,Little Neck,NY,USA,2025
28,Mona Zehaf,,,,,Quinnipiac University,DI,MAAC,Metro Atlantic Athletic Conference,https://gobobcats.com/sports/womens-volleyball/roster/2025,2026-07-20T00:56:00.073457+00:00,,Wallingford,CT,USA,2025
1,Madison Daley,OPP,FR,Xavier,,Rider University,DI,MAAC,Metro Atlantic Athletic Conference,https://gobroncs.com/sports/womens-volleyball/roster/2025,2026-07-20T00:56:08.428625+00:00,71,Appleton,WI,USA,2025
3,Annabell Zachritz,MB,FR,The Rock School,,Rider University,DI,MAAC,Metro Atlantic Athletic Conference,https://gobroncs.com/sports/womens-volleyball/roster/2025,2026-07-20T00:56:08.428625+00:00,73,Gainesville,FL,USA,2025
4,Brynn Johnson,OH,SR,River Falls,,Rider University,DI,MAAC,Metro Atlantic Athletic Conference,https://gobroncs.com/sports/womens-volleyball/roster/2025,2026-07-20T00:56:08.428625+00:00,73,River Falls,WI,USA,2025
6,Molly Rohde,MB,JR,Hortonville,,Rider University,DI,MAAC,Metro Atlantic Athletic Conference,https://gobroncs.com/sports/womens-volleyball/roster/2025,2026-07-20T00:56:08.428625+00:00,73,Hortonville,WI,USA,2025
7,Rylah Robinson,OH,JR,Robinson,,Rider University,DI,MAAC,Metro Atlantic Athletic Conference,https://gobroncs.com/sports/womens-volleyball/roster/2025,2026-07-20T00:56:08.428625+00:00,70,Fairfax,VA,USA,2025
8,Anji Vishwanathan,MB,SR,The Charter School of Wilmington,,Rider University,DI,MAAC,Metro Atlantic Athletic Conference,https://gobroncs.com/sports/womens-volleyball/roster/2025,2026-07-20T00:56:08.428625+00:00,73,Wilmington,DE,USA,2025
9,Makenna Mason,S,JR,Hilton Head,,Rider University,DI,MAAC,Metro Atlantic Athletic Conference,https://gobroncs.com/sports/womens-volleyball/roster/2025,2026-07-20T00:56:08.428625+00:00,72,Hilton Head Island,SC,USA,2025
11,Kiannisha Santiago,OPP,SR,Hudson Catholic (NJ),,Rider University,DI,MAAC,Metro Atlantic Athletic Conference,https://gobroncs.com/sports/womens-volleyball/roster/2025,2026-07-20T00:56:08.428625+00:00,72,San Juan,,PR,2025
12,Carley McAleavey,MB,GR,Smithtown West,,Rider University,DI,MAAC,Metro Atlantic Athletic Conference,https://gobroncs.com/sports/womens-volleyball/roster/2025,2026-07-20T00:56:08.428625+00:00,73,Smithtown,NY,USA,2025
14,Katie Cook,S,JR,East Lincoln,,Rider University,DI,MAAC,Metro Atlantic Athletic Conference,https://gobroncs.com/sports/womens-volleyball/roster/2025,2026-07-20T00:56:08.428625+00:00,70,Stanley,NC,USA,2025
18,Erynn Gotsch,OH,FR,DeLand,,Rider University,DI,MAAC,Metro Atlantic Athletic Conference,https://gobroncs.com/sports/womens-volleyball/roster/2025,2026-07-20T00:56:08.428625+00:00,71,DeLand,FL,USA,2025
19,Cecilia DeCaro,OH,FR,Ursuline Academy,,Rider University,DI,MAAC,Metro Atlantic Athletic Conference,https://gobroncs.com/sports/womens-volleyball/roster/2025,2026-07-20T00:56:08.428625+00:00,71,Wilmington,DE,USA,2025
22,Anja Kelly,OPP,JR,Neuqua Valley,,Rider University,DI,MAAC,Metro Atlantic Athletic Conference,https://gobroncs.com/sports/womens-volleyball/roster/2025,2026-07-20T00:56:08.428625+00:00,72,Naperville,IL,USA,2025
2,Jocelyn Jourdan,OH,JR,Austintown Fitch,,Robert Morris University,DI,Horizon,Horizon League,https://rmucolonials.com/sports/womens-volleyball/roster/2025,2026-07-20T00:56:10.873382+00:00,74,Austintown,OH,USA,2025
3,Tia Schultz,OPP,FR,Dexter,,Robert Morris University,DI,Horizon,Horizon League,https://rmucolonials.com/sports/womens-volleyball/roster/2025,2026-07-20T00:56:10.873382+00:00,,Dexter,MI,USA,2025
4,Natalie Stepanovich,OH,JR,Glen Oak,,Robert Morris University,DI,Horizon,Horizon League,https://rmucolonials.com/sports/womens-volleyball/roster/2025,2026-07-20T00:56:10.873382+00:00,71,Canton,OH,USA,2025
5,Addyson Butts,MB,FR,Miami Trace,,Robert Morris University,DI,Horizon,Horizon League,https://rmucolonials.com/sports/womens-volleyball/roster/2025,2026-07-20T00:56:10.873382+00:00,,Washington Courthouse,OH,USA,2025
6,Isabelle Jackson,S,FR,Westfield,,Robert Morris University,DI,Horizon,Horizon League,https://rmucolonials.com/sports/womens-volleyball/roster/2025,2026-07-20T00:56:10.873382+00:00,,Westfield,IN,USA,2025
8,Hillarie Adams,OPP,SR,Battlefield,,Robert Morris University,DI,Horizon,Horizon League,https://rmucolonials.com/sports/womens-volleyball/roster/2025,2026-07-20T00:56:10.873382+00:00,70,Haymarket,VA,USA,2025
9,Layla Todd,OH,FR,Lake Travis,,Robert Morris University,DI,Horizon,Horizon League,https://rmucolonials.com/sports/womens-volleyball/roster/2025,2026-07-20T00:56:10.873382+00:00,,Austin,TX,USA,2025
10,Azra Eric,MB,JR,Kadir Has Anadolu Lisesi,,Robert Morris University,DI,Horizon,Horizon League,https://rmucolonials.com/sports/womens-volleyball/roster/2025,2026-07-20T00:56:10.873382+00:00,74,Kocaeli,,Türkiye,2025
13,Madison Floyd,MB,GR,Rancocas Valley Regional,,Robert Morris University,DI,Horizon,Horizon League,https://rmucolonials.com/sports/womens-volleyball/roster/2025,2026-07-20T00:56:10.873382+00:00,,Westampton,NJ,USA,2025
14,Natalie Frost,OH,SO,Fulton,,Robert Morris University,DI,Horizon,Horizon League,https://rmucolonials.com/sports/womens-volleyball/roster/2025,2026-07-20T00:56:10.873382+00:00,72,Fulton,NY,USA,2025
15,Keira Hornung,MB,SO,Haverford Township,,Robert Morris University,DI,Horizon,Horizon League,https://rmucolonials.com/sports/womens-volleyball/roster/2025,2026-07-20T00:56:10.873382+00:00,75,Havertown,PA,USA,2025
16,Addison Fowler,L/DS,FR,Seneca Valley,,Robert Morris University,DI,Horizon,Horizon League,https://rmucolonials.com/sports/womens-volleyball/roster/2025,2026-07-20T00:56:10.873382+00:00,,Zelienople,PA,USA,2025
1,Eliana Rodgers,OH,SR,,,Sacred Heart University,DI,MAAC,Metro Atlantic Athletic Conference,https://sacredheartpioneers.com/sports/womens-volleyball/roster/2025,2026-07-20T00:56:16.696230+00:00,,York,PA,USA,2025
2,Taylor Pratt,S,FY.,,,Sacred Heart University,DI,MAAC,Metro Atlantic Athletic Conference,https://sacredheartpioneers.com/sports/womens-volleyball/roster/2025,2026-07-20T00:56:16.696230+00:00,,Kaneohe,HI,USA,2025
4,Lauren Hubert,OH,JR,,,Sacred Heart University,DI,MAAC,Metro Atlantic Athletic Conference,https://sacredheartpioneers.com/sports/womens-volleyball/roster/2025,2026-07-20T00:56:16.696230+00:00,,Buffalo,NY,USA,2025
5,Miliani Villarreal,L/DS,SO,,,Sacred Heart University,DI,MAAC,Metro Atlantic Athletic Conference,https://sacredheartpioneers.com/sports/womens-volleyball/roster/2025,2026-07-20T00:56:16.696230+00:00,,Murrieta,CA,USA,2025
7,Tiana Brasby,L/DS,JR,,,Sacred Heart University,DI,MAAC,Metro Atlantic Athletic Conference,https://sacredheartpioneers.com/sports/womens-volleyball/roster/2025,2026-07-20T00:56:16.696230+00:00,,Ashburn,VA,USA,2025
8,Brielle Laferriere,S,SO,,,Sacred Heart University,DI,MAAC,Metro Atlantic Athletic Conference,https://sacredheartpioneers.com/sports/womens-volleyball/roster/2025,2026-07-20T00:56:16.696230+00:00,,Shelton,CT,USA,2025
9,Ava Roodbol,S,JR,,,Sacred Heart University,DI,MAAC,Metro Atlantic Athletic Conference,https://sacredheartpioneers.com/sports/womens-volleyball/roster/2025,2026-07-20T00:56:16.696230+00:00,,Toronto,,Canada,2025
10,Cristina Montanez,MB,GR,,,Sacred Heart University,DI,MAAC,Metro Atlantic Athletic Conference,https://sacredheartpioneers.com/sports/womens-volleyball/roster/2025,2026-07-20T00:56:16.696230+00:00,,East Stroudsburg,PA,USA,2025
12,Georgia Murphy,OH,JR,,,Sacred Heart University,DI,MAAC,Metro Atlantic Athletic Conference,https://sacredheartpioneers.com/sports/womens-volleyball/roster/2025,2026-07-20T00:56:16.696230+00:00,,Plano,TX,USA,2025
13,Kelli Ennis,L/DS,FY.,,,Sacred Heart University,DI,MAAC,Metro Atlantic Athletic Conference,https://sacredheartpioneers.com/sports/womens-volleyball/roster/2025,2026-07-20T00:56:16.696230+00:00,,Trumbull,CT,USA,2025
14,Ryleigh Short,OH,FY.,,,Sacred Heart University,DI,MAAC,Metro Atlantic Athletic Conference,https://sacredheartpioneers.com/sports/womens-volleyball/roster/2025,2026-07-20T00:56:16.696230+00:00,,Canyon Lake,CA,USA,2025
16,Molly Newton,MB,SO,,,Sacred Heart University,DI,MAAC,Metro Atlantic Athletic Conference,https://sacredheartpioneers.com/sports/womens-volleyball/roster/2025,2026-07-20T00:56:16.696230+00:00,,Denville,NJ,USA,2025
17,Addison Murphy,L/DS,SO,,,Sacred Heart University,DI,MAAC,Metro Atlantic Athletic Conference,https://sacredheartpioneers.com/sports/womens-volleyball/roster/2025,2026-07-20T00:56:16.696230+00:00,,Hudson,MA,USA,2025
18,Emily Sawyer,MB,JR,,,Sacred Heart University,DI,MAAC,Metro Atlantic Athletic Conference,https://sacredheartpioneers.com/sports/womens-volleyball/roster/2025,2026-07-20T00:56:16.696230+00:00,,Wrentham,MA,USA,2025
21,Gracie DiNardo,OPP,SR,,,Sacred Heart University,DI,MAAC,Metro Atlantic Athletic Conference,https://sacredheartpioneers.com/sports/womens-volleyball/roster/2025,2026-07-20T00:56:16.696230+00:00,,Lexington,KY,USA,2025
22,Samantha Alberghini,MB,FY.,,,Sacred Heart University,DI,MAAC,Metro Atlantic Athletic Conference,https://sacredheartpioneers.com/sports/womens-volleyball/roster/2025,2026-07-20T00:56:16.696230+00:00,,Guilford,CT,USA,2025
27,Abbie Hagedorn,OH,FY.,,,Sacred Heart University,DI,MAAC,Metro Atlantic Athletic Conference,https://sacredheartpioneers.com/sports/womens-volleyball/roster/2025,2026-07-20T00:56:16.696230+00:00,,Omaha,NE,USA,2025
28,Katie Lam,L/DS,SO,,,Sacred Heart University,DI,MAAC,Metro Atlantic Athletic Conference,https://sacredheartpioneers.com/sports/womens-volleyball/roster/2025,2026-07-20T00:56:16.696230+00:00,,Queens,NY,USA,2025
3,Nevaeh Ingram,OH,FR,Northern Nash,,Saint Francis University,DI,NEC,Northeast Conference,https://sfuathletics.com/sports/womens-volleyball/roster/2025,2026-07-20T00:56:19.255189+00:00,68,Rocky Mount,NC,USA,2025
8,Aaliyah Toppin,OH,SO,Fossil Ridge,,Saint Francis University,DI,NEC,Northeast Conference,https://sfuathletics.com/sports/womens-volleyball/roster/2025,2026-07-20T00:56:19.255189+00:00,69,Fort Worth,TX,USA,2025
12,Korrin Burns,OH,SR,Clarion Area,,Saint Francis University,DI,NEC,Northeast Conference,https://sfuathletics.com/sports/womens-volleyball/roster/2025,2026-07-20T00:56:19.255189+00:00,70,Clarion,PA,USA,2025
14,Ava Holden,MB,R-JR,Emmaus,,Saint Francis University,DI,NEC,Northeast Conference,https://sfuathletics.com/sports/womens-volleyball/roster/2025,2026-07-20T00:56:19.255189+00:00,72,Macungie,PA,USA,2025
19,Elsa Richards,S,SO,Essex North Shore Technical and Agricultural,,Saint Francis University,DI,NEC,Northeast Conference,https://sfuathletics.com/sports/womens-volleyball/roster/2025,2026-07-20T00:56:19.255189+00:00,72,Wilmington,MA,USA,2025
22,Alexandra Sappia,S,R-JR,Suncoast Community,,Saint Francis University,DI,NEC,Northeast Conference,https://sfuathletics.com/sports/womens-volleyball/roster/2025,2026-07-20T00:56:19.255189+00:00,68,West Palm Beach,FL,USA,2025
1,A'Miyrie Anderson,MB,FR,,,Sam Houston State University,DI,CUSA,Conference USA,https://gobearkats.com/sports/womens-volleyball/roster/2025,2026-07-20T00:56:30.123902+00:00,68,Cypress,TX,USA,2025
2,Avery Fowler,S,SR,,,Sam Houston State University,DI,CUSA,Conference USA,https://gobearkats.com/sports/womens-volleyball/roster/2025,2026-07-20T00:56:30.123902+00:00,68,Spring,TX,USA,2025
3,Shaelin White,L/DS,SO,,,Sam Houston State University,DI,CUSA,Conference USA,https://gobearkats.com/sports/womens-volleyball/roster/2025,2026-07-20T00:56:30.123902+00:00,67,Houston,TX,USA,2025
4,Chloe Monson,OH,FR,,,Sam Houston State University,DI,CUSA,Conference USA,https://gobearkats.com/sports/womens-volleyball/roster/2025,2026-07-20T00:56:30.123902+00:00,70,San Antonio,TX,USA,2025
5,Audrey Terry,S,SO,,,Sam Houston State University,DI,CUSA,Conference USA,https://gobearkats.com/sports/womens-volleyball/roster/2025,2026-07-20T00:56:30.123902+00:00,66,Spring,TX,USA,2025
7,Carleigh Schluter,S,FR,,,Sam Houston State University,DI,CUSA,Conference USA,https://gobearkats.com/sports/womens-volleyball/roster/2025,2026-07-20T00:56:30.123902+00:00,68,Spring,TX,USA,2025
8,Chelsea Butler,MB,SO,,,Sam Houston State University,DI,CUSA,Conference USA,https://gobearkats.com/sports/womens-volleyball/roster/2025,2026-07-20T00:56:30.123902+00:00,74,Huntsville,TX,USA,2025
9,Ella Folse,OPP,JR,,,Sam Houston State University,DI,CUSA,Conference USA,https://gobearkats.com/sports/womens-volleyball/roster/2025,2026-07-20T00:56:30.123902+00:00,72,Fulshear,TX,USA,2025
10,Kara Wynn,OH,SO,,,Sam Houston State University,DI,CUSA,Conference USA,https://gobearkats.com/sports/womens-volleyball/roster/2025,2026-07-20T00:56:30.123902+00:00,72,Austin,TX,USA,2025
11,Ava Kostroun,MB,FR,,,Sam Houston State University,DI,CUSA,Conference USA,https://gobearkats.com/sports/womens-volleyball/roster/2025,2026-07-20T00:56:30.123902+00:00,73,Georgetown,TX,USA,2025
12,Rachelle Reed,OPP,JR,,,Sam Houston State University,DI,CUSA,Conference USA,https://gobearkats.com/sports/womens-volleyball/roster/2025,2026-07-20T00:56:30.123902+00:00,70,Pearland,TX,USA,2025
13,Avery Pruitt,L/DS,FR,,,Sam Houston State University,DI,CUSA,Conference USA,https://gobearkats.com/sports/womens-volleyball/roster/2025,2026-07-20T00:56:30.123902+00:00,67,Fulshear,TX,USA,2025
14,Lauren Malone,OH,GR,,,Sam Houston State University,DI,CUSA,Conference USA,https://gobearkats.com/sports/womens-volleyball/roster/2025,2026-07-20T00:56:30.123902+00:00,70,Round Rock,TX,USA,2025
16,Michaela Panekova,OPP,JR,,,Sam Houston State University,DI,CUSA,Conference USA,https://gobearkats.com/sports/womens-volleyball/roster/2025,2026-07-20T00:56:30.123902+00:00,73,Zilina,,Slovakia,2025
17,Lillian Hamilton,OH,SO,,,Sam Houston State University,DI,CUSA,Conference USA,https://gobearkats.com/sports/womens-volleyball/roster/2025,2026-07-20T00:56:30.123902+00:00,72,Fort Worth,TX,USA,2025
20,Bella Wood,OH,FR,,,Sam Houston State University,DI,CUSA,Conference USA,https://gobearkats.com/sports/womens-volleyball/roster/2025,2026-07-20T00:56:30.123902+00:00,71,Frisco,TX,USA,2025
1,Carly Minatel,L/DS,SO,,Heritage Christian,Samford University,DI,Southern,Southern Conference,https://samfordsports.com/sports/womens-volleyball/roster/2025,2026-07-20T00:56:32.438980+00:00,65,Indianapolis,IN,USA,2025
2,Samantha Horn,S,SR,,Joliet Catholic Academy,Samford University,DI,Southern,Southern Conference,https://samfordsports.com/sports/womens-volleyball/roster/2025,2026-07-20T00:56:32.438980+00:00,70,Plainfield,IL,USA,2025
3,Brianna Hamilton,OH,SO,,Centennial HS,Samford University,DI,Southern,Southern Conference,https://samfordsports.com/sports/womens-volleyball/roster/2025,2026-07-20T00:56:32.438980+00:00,71,Frisco,TX,USA,2025
4,Kaleigh Meritt,OH,R-JR,,FJ Reitz HS,Samford University,DI,Southern,Southern Conference,https://samfordsports.com/sports/womens-volleyball/roster/2025,2026-07-20T00:56:32.438980+00:00,74,Evansville,IN,USA,2025
5,Shea Bruntmyer,S,SO,,LSU,Samford University,DI,Southern,Southern Conference,https://samfordsports.com/sports/womens-volleyball/roster/2025,2026-07-20T00:56:32.438980+00:00,69,Abilene,TX,USA,2025
7,Brooklyn Drumwright,OH,FR,,Santa Margarita Catholic HS,Samford University,DI,Southern,Southern Conference,https://samfordsports.com/sports/womens-volleyball/roster/2025,2026-07-20T00:56:32.438980+00:00,72,San Clemente,CA,USA,2025
8,Ashley Evans,MB,R-SO,,Lake Mary HS,Samford University,DI,Southern,Southern Conference,https://samfordsports.com/sports/womens-volleyball/roster/2025,2026-07-20T00:56:32.438980+00:00,74,Lake Mary,FL,USA,2025
10,Tatelyn Brandsma,S,FR,,Lutheran HS,Samford University,DI,Southern,Southern Conference,https://samfordsports.com/sports/womens-volleyball/roster/2025,2026-07-20T00:56:32.438980+00:00,72,Parker,CO,USA,2025
11,Emma Sorensen,L/DS,FR,,Lafayette HS,Samford University,DI,Southern,Southern Conference,https://samfordsports.com/sports/womens-volleyball/roster/2025,2026-07-20T00:56:32.438980+00:00,66,Lexington,KY,USA,2025
12,Sydney Waller,OPP,R-FR,,,Samford University,DI,Southern,Southern Conference,https://samfordsports.com/sports/womens-volleyball/roster/2025,2026-07-20T00:56:32.438980+00:00,74,Hudson,OH,USA,2025
13,Ally Cordes,OH,JR,,Wyoming HS,Samford University,DI,Southern,Southern Conference,https://samfordsports.com/sports/womens-volleyball/roster/2025,2026-07-20T00:56:32.438980+00:00,73,Wyoming,OH,USA,2025
14,Greer Golden,MB,SR,,Mountain Brook HS,Samford University,DI,Southern,Southern Conference,https://samfordsports.com/sports/womens-volleyball/roster/2025,2026-07-20T00:56:32.438980+00:00,74,Mountain Brook,AL,USA,2025
16,Janie Stinchcomb,MB,R-SO,,Greater Atlanta Christian School,Samford University,DI,Southern,Southern Conference,https://samfordsports.com/sports/womens-volleyball/roster/2025,2026-07-20T00:56:32.438980+00:00,75,Duluth,GA,USA,2025
18,Sophia Plasman,OH,R-JR,,Caldwell Academy,Samford University,DI,Southern,Southern Conference,https://samfordsports.com/sports/womens-volleyball/roster/2025,2026-07-20T00:56:32.438980+00:00,72,Greensboro,NC,USA,2025
19,Amelia Johnston,L/DS,R-JR,,Collierville HS,Samford University,DI,Southern,Southern Conference,https://samfordsports.com/sports/womens-volleyball/roster/2025,2026-07-20T00:56:32.438980+00:00,65,Collierville,TN,USA,2025
1,Mason Woo,L/DS,SR,,,Seton Hall University,DI,Big East,Big East Conference,https://shupirates.com/sports/womens-volleyball/roster/2025,2026-07-20T00:57:07.858806+00:00,,Burbank,CA,USA,2025
5,Hania Labanowska,OH,SO,,,Seton Hall University,DI,Big East,Big East Conference,https://shupirates.com/sports/womens-volleyball/roster/2025,2026-07-20T00:57:07.858806+00:00,,Olszewnica Stara,,Poland`,2025
6,Rowan Carr,L/DS,FR,,,Seton Hall University,DI,Big East,Big East Conference,https://shupirates.com/sports/womens-volleyball/roster/2025,2026-07-20T00:57:07.858806+00:00,,Lakeville,MN,USA,2025
7,Asli Subasili,MB,SR,,,Seton Hall University,DI,Big East,Big East Conference,https://shupirates.com/sports/womens-volleyball/roster/2025,2026-07-20T00:57:07.858806+00:00,,Tekirdag,,Turkiye,2025
8,Alexis Opland,S,FR,,,Seton Hall University,DI,Big East,Big East Conference,https://shupirates.com/sports/womens-volleyball/roster/2025,2026-07-20T00:57:07.858806+00:00,,Woodbury,MN,USA,2025
9,Loukia Papadakos,MB,JR,,,Seton Hall University,DI,Big East,Big East Conference,https://shupirates.com/sports/womens-volleyball/roster/2025,2026-07-20T00:57:07.858806+00:00,,Stoufville,,Ontario,2025
11,Rylee Nelson,L/DS,JR,,,Seton Hall University,DI,Big East,Big East Conference,https://shupirates.com/sports/womens-volleyball/roster/2025,2026-07-20T00:57:07.858806+00:00,,Mazeppa,MN,USA,2025
12,Kennedy Horn,MB,FR,,,Seton Hall University,DI,Big East,Big East Conference,https://shupirates.com/sports/womens-volleyball/roster/2025,2026-07-20T00:57:07.858806+00:00,,Columbus,IN,USA,2025
13,Maddy Loiselle,OPP,JR,,,Seton Hall University,DI,Big East,Big East Conference,https://shupirates.com/sports/womens-volleyball/roster/2025,2026-07-20T00:57:07.858806+00:00,,Tampa,FL,USA,2025
14,Emilee Fuller,S,FR,,,Seton Hall University,DI,Big East,Big East Conference,https://shupirates.com/sports/womens-volleyball/roster/2025,2026-07-20T00:57:07.858806+00:00,,Louisville,KY,USA,2025
15,Gwen Adler,S,SO,,,Seton Hall University,DI,Big East,Big East Conference,https://shupirates.com/sports/womens-volleyball/roster/2025,2026-07-20T00:57:07.858806+00:00,,Barrington,IL,USA,2025
16,Senna Roberts-Navarro,OH,JR,,,Seton Hall University,DI,Big East,Big East Conference,https://shupirates.com/sports/womens-volleyball/roster/2025,2026-07-20T00:57:07.858806+00:00,,Honolulu,HI,USA,2025
18,Sadie Reich,OH,FR,,,Seton Hall University,DI,Big East,Big East Conference,https://shupirates.com/sports/womens-volleyball/roster/2025,2026-07-20T00:57:07.858806+00:00,,Wantagh,NY,USA,2025
20,Daria Safian,OH,FR,,,Seton Hall University,DI,Big East,Big East Conference,https://shupirates.com/sports/womens-volleyball/roster/2025,2026-07-20T00:57:07.858806+00:00,,Moscow,,Russia,2025
22,Alex Rasmussen,MB,FR,,,Seton Hall University,DI,Big East,Big East Conference,https://shupirates.com/sports/womens-volleyball/roster/2025,2026-07-20T00:57:07.858806+00:00,,Lincoln,NE,USA,2025
27,Grace Turner,MB,SO,,,Seton Hall University,DI,Big East,Big East Conference,https://shupirates.com/sports/womens-volleyball/roster/2025,2026-07-20T00:57:07.858806+00:00,,La Grange Highlands,IL,USA,2025
2,Oliwia Majtyka,S,JR,I Liceum Ogólnoksztalcace w Szamotulach (UKS Szamotulanin),,Siena University,DI,MAAC,Metro Atlantic Athletic Conference,https://sienasaints.com/sports/womens-volleyball/roster/2025,2026-07-20T00:57:10.603732+00:00,67,Wroclaw,,Poland,2025
3,Jill Frye,MB,FR,Shorewood (Washington Volleyball Academy),,Siena University,DI,MAAC,Metro Atlantic Athletic Conference,https://sienasaints.com/sports/womens-volleyball/roster/2025,2026-07-20T00:57:10.603732+00:00,74,Shoreline,WA,USA,2025
4,Alandra Hasbrouck,S,SR,Pine Bush / College of Saint Rose (Pine Bush VBC),,Siena University,DI,MAAC,Metro Atlantic Athletic Conference,https://sienasaints.com/sports/womens-volleyball/roster/2025,2026-07-20T00:57:10.603732+00:00,67,Middletown,NY,USA,2025
5,Autumn Willmott,L/DS,FR,Oakville Trafalgar (Team Defensa),,Siena University,DI,MAAC,Metro Atlantic Athletic Conference,https://sienasaints.com/sports/womens-volleyball/roster/2025,2026-07-20T00:57:10.603732+00:00,68,Oakville,Ontario,Canada,2025
6,Natalia Clifford,OH,FR,Tamalpais (Absolute VBC),,Siena University,DI,MAAC,Metro Atlantic Athletic Conference,https://sienasaints.com/sports/womens-volleyball/roster/2025,2026-07-20T00:57:10.603732+00:00,70,Mill Valley,CA,USA,2025
7,Mary Claire Deacy,OPP,FR,Mother McAuley (Michio Chicago Volleyball Academy),,Siena University,DI,MAAC,Metro Atlantic Athletic Conference,https://sienasaints.com/sports/womens-volleyball/roster/2025,2026-07-20T00:57:10.603732+00:00,74,Chicago,IL,USA,2025
8,Kayla Jones,OPP,R-SO,Hatboro Horsham (East Coast Power),,Siena University,DI,MAAC,Metro Atlantic Athletic Conference,https://sienasaints.com/sports/womens-volleyball/roster/2025,2026-07-20T00:57:10.603732+00:00,74,Philadelphia,PA,USA,2025
9,Madison Evans,S,FR,Bingham (Club V Volleyball),,Siena University,DI,MAAC,Metro Atlantic Athletic Conference,https://sienasaints.com/sports/womens-volleyball/roster/2025,2026-07-20T00:57:10.603732+00:00,70,South Jordan,UT,USA,2025
12,Maggie Seymour,MB,JR,Academy of the Holy Names / Stonehill College (Spa City VBC),,Siena University,DI,MAAC,Metro Atlantic Athletic Conference,https://sienasaints.com/sports/womens-volleyball/roster/2025,2026-07-20T00:57:10.603732+00:00,73,Albany,NY,USA,2025
14,Ella Treasure,MB,JR,Pittsford Sutherland (VolleyFX),,Siena University,DI,MAAC,Metro Atlantic Athletic Conference,https://sienasaints.com/sports/womens-volleyball/roster/2025,2026-07-20T00:57:10.603732+00:00,72,Rochester,NY,USA,2025
16,Hannah Bowman,OH,JR,New Jerusalem Christian Academy (Hurricane Volleyball Academy),,Siena University,DI,MAAC,Metro Atlantic Athletic Conference,https://sienasaints.com/sports/womens-volleyball/roster/2025,2026-07-20T00:57:10.603732+00:00,70,Valrico,FL,USA,2025
18,Doga Diraz,OPP,JR,Incek Doga College / Oregon State (Karayollari),,Siena University,DI,MAAC,Metro Atlantic Athletic Conference,https://sienasaints.com/sports/womens-volleyball/roster/2025,2026-07-20T00:57:10.603732+00:00,75,Ankara,,Turkey,2025
19,Alara Doganyuz,S,SO,Okyanus Koleji / Oregon State (Karayollari),,Siena University,DI,MAAC,Metro Atlantic Athletic Conference,https://sienasaints.com/sports/womens-volleyball/roster/2025,2026-07-20T00:57:10.603732+00:00,68,Ankara,,Turkey,2025
20,Berra Tok,MB,SR,American Culture College / Seton Hall (Beylikduzu Ihtisas Volleyball),,Siena University,DI,MAAC,Metro Atlantic Athletic Conference,https://sienasaints.com/sports/womens-volleyball/roster/2025,2026-07-20T00:57:10.603732+00:00,76,Istanbul,,Turkey,2025
21,Elizabeth Phillips,OH,SR,Heritage Christian / Bethune-Cookman (Team Indiana),,Siena University,DI,MAAC,Metro Atlantic Athletic Conference,https://sienasaints.com/sports/womens-volleyball/roster/2025,2026-07-20T00:57:10.603732+00:00,70,Indianapolis,IN,USA,2025
2,Miya Benson,L/DS,SR,Desoto HS,,South Carolina State University,DI,MEAC,Mid-Eastern Athletic Conf.,https://www.scsuathletics.com/sports/womens-volleyball/roster/2025,2026-07-20T00:57:14.999651+00:00,62,Dallas,TX,USA,2025
4,Hailey Harris,MB,GR,Graduate Student,,South Carolina State University,DI,MEAC,Mid-Eastern Athletic Conf.,https://www.scsuathletics.com/sports/womens-volleyball/roster/2025,2026-07-20T00:57:14.999651+00:00,73,Houston,TX,USA,2025
6,Macey McCoy,S,SO,Columbia River,,South Carolina State University,DI,MEAC,Mid-Eastern Athletic Conf.,https://www.scsuathletics.com/sports/womens-volleyball/roster/2025,2026-07-20T00:57:14.999651+00:00,68,Vancouver,WA,USA,2025
9,Hannah St. Croix,MB,JR,"Fort Meyers, FL",,South Carolina State University,DI,MEAC,Mid-Eastern Athletic Conf.,https://www.scsuathletics.com/sports/womens-volleyball/roster/2025,2026-07-20T00:57:14.999651+00:00,73,Fort Meyers,FL,USA,2025
14,Jordan Dalland,L/DS,FR,"Muskego, WI",,South Carolina State University,DI,MEAC,Mid-Eastern Athletic Conf.,https://www.scsuathletics.com/sports/womens-volleyball/roster/2025,2026-07-20T00:57:14.999651+00:00,67,Muskego,WI,USA,2025
18,Jara Davis,L/DS,JR,Wilson HS,,South Carolina State University,DI,MEAC,Mid-Eastern Athletic Conf.,https://www.scsuathletics.com/sports/womens-volleyball/roster/2025,2026-07-20T00:57:14.999651+00:00,68,Darlington,SC,USA,2025
19,Arianna James,S,FR,"Los Angeles, CA",,South Carolina State University,DI,MEAC,Mid-Eastern Athletic Conf.,https://www.scsuathletics.com/sports/womens-volleyball/roster/2025,2026-07-20T00:57:14.999651+00:00,69,Los Angeles,CA,USA,2025
20,Neviah Johnson,L/DS,SO,"Auburn, WA",,South Carolina State University,DI,MEAC,Mid-Eastern Athletic Conf.,https://www.scsuathletics.com/sports/womens-volleyball/roster/2025,2026-07-20T00:57:14.999651+00:00,67,Auburn,WA,USA,2025
1,Meghan Roggenkamp,L/DS,SO,,Rockford H.S.,South Dakota State University,DI,Summit,The Summit League,https://gojacks.com/sports/womens-volleyball/roster/2025,2026-07-20T00:57:17.506160+00:00,67,Rockford,MN,USA,2025
2,Rachel Wieber,L/DS,5TH,,Southern Utah,South Dakota State University,DI,Summit,The Summit League,https://gojacks.com/sports/womens-volleyball/roster/2025,2026-07-20T00:57:17.506160+00:00,70,Northfield,MN,USA,2025
3,Katelyn Van Kirk,OH,SO,,Boise State,South Dakota State University,DI,Summit,The Summit League,https://gojacks.com/sports/womens-volleyball/roster/2025,2026-07-20T00:57:17.506160+00:00,74,Bozeman,MT,USA,2025
4,Hannah Klein,OH,FR,,Albany Area H.S.,South Dakota State University,DI,Summit,The Summit League,https://gojacks.com/sports/womens-volleyball/roster/2025,2026-07-20T00:57:17.506160+00:00,72,Albany,MN,USA,2025
5,Rylee Martin,S,JR,,Eaton H.S.,South Dakota State University,DI,Summit,The Summit League,https://gojacks.com/sports/womens-volleyball/roster/2025,2026-07-20T00:57:17.506160+00:00,68,Eaton,CO,USA,2025
6,Maggie Meister,L/DS,FR,,Harrisburg H.S.,South Dakota State University,DI,Summit,The Summit League,https://gojacks.com/sports/womens-volleyball/roster/2025,2026-07-20T00:57:17.506160+00:00,68,Sioux Falls,SD,USA,2025
7,Finley Westover,OH,JR,,Western Illinois,South Dakota State University,DI,Summit,The Summit League,https://gojacks.com/sports/womens-volleyball/roster/2025,2026-07-20T00:57:17.506160+00:00,74,Bourbonnais,IL,USA,2025
8,Madison Burr,OPP,SO,,Cannon Falls H.S.,South Dakota State University,DI,Summit,The Summit League,https://gojacks.com/sports/womens-volleyball/roster/2025,2026-07-20T00:57:17.506160+00:00,73,Goodhue,MN,USA,2025
9,Taylor Byl,MB,R-FR,,Sioux Falls Christian H.S.,South Dakota State University,DI,Summit,The Summit League,https://gojacks.com/sports/womens-volleyball/roster/2025,2026-07-20T00:57:17.506160+00:00,75,Sioux Falls,SD,USA,2025
10,Sylvie Zgonc,OH,JR,,Sussex Hamilton H.S.,South Dakota State University,DI,Summit,The Summit League,https://gojacks.com/sports/womens-volleyball/roster/2025,2026-07-20T00:57:17.506160+00:00,71,Hartford,WI,USA,2025
11,Sydni Schetnan,MB,R-SR,,Louisville,South Dakota State University,DI,Summit,The Summit League,https://gojacks.com/sports/womens-volleyball/roster/2025,2026-07-20T00:57:17.506160+00:00,77,Sioux Falls,SD,USA,2025
12,Brooke Larsen,S,FR,,Lewis Central H.S.,South Dakota State University,DI,Summit,The Summit League,https://gojacks.com/sports/womens-volleyball/roster/2025,2026-07-20T00:57:17.506160+00:00,71,Council Bluffs,IA,USA,2025
13,Annalee Ventling-Brown,OPP,5TH,,Lincoln East H.S.,South Dakota State University,DI,Summit,The Summit League,https://gojacks.com/sports/womens-volleyball/roster/2025,2026-07-20T00:57:17.506160+00:00,73,Lincoln,NE,USA,2025
14,Alia Schlimgen,L/DS,SR,,Sauk Prairie H.S.,South Dakota State University,DI,Summit,The Summit League,https://gojacks.com/sports/womens-volleyball/roster/2025,2026-07-20T00:57:17.506160+00:00,65,Sauk City,WI,USA,2025
17,Joslyn Richardson,L/DS,JR,,Washington H.S.,South Dakota State University,DI,Summit,The Summit League,https://gojacks.com/sports/womens-volleyball/roster/2025,2026-07-20T00:57:17.506160+00:00,69,Sioux Falls,SD,USA,2025
2,Abigail Bailey,OH,FR,Northlake Christian School,,Southeastern Louisiana University,DI,Southland,Southland Conference,https://lionsports.net/sports/womens-volleyball/roster/2025,2026-07-20T00:57:22.917881+00:00,72,Mandeville,LA,USA,2025
4,Ainsley Driska,MB,JR,C.H. Yoe High,,Southeastern Louisiana University,DI,Southland,Southland Conference,https://lionsports.net/sports/womens-volleyball/roster/2025,2026-07-20T00:57:22.917881+00:00,73,Burlington,TX,USA,2025
5,Mina Petrovic,OH,JR,Zemun Gymnasium,Hill College,Southeastern Louisiana University,DI,Southland,Southland Conference,https://lionsports.net/sports/womens-volleyball/roster/2025,2026-07-20T00:57:22.917881+00:00,73,Belgrade,,Serbia,2025
6,Anicka Panchartek,MB,R-SO,SOŠPO,Coastal Carolina University,Southeastern Louisiana University,DI,Southland,Southland Conference,https://lionsports.net/sports/womens-volleyball/roster/2025,2026-07-20T00:57:22.917881+00:00,76,Liberec,,Czech Republic,2025
8,Lily Morgan,OH,SR,Notre Dame High,,Southeastern Louisiana University,DI,Southland,Southland Conference,https://lionsports.net/sports/womens-volleyball/roster/2025,2026-07-20T00:57:22.917881+00:00,71,Crowley,LA,USA,2025
9,Lindsey Wickersham,L/DS,R-SO,Mount Carmel Academy,University of Alabama-Birmingham,Southeastern Louisiana University,DI,Southland,Southland Conference,https://lionsports.net/sports/womens-volleyball/roster/2025,2026-07-20T00:57:22.917881+00:00,67,New Orleans,LA,USA,2025
10,Gracie Brown,MB,FR,Bryant High,,Southeastern Louisiana University,DI,Southland,Southland Conference,https://lionsports.net/sports/womens-volleyball/roster/2025,2026-07-20T00:57:22.917881+00:00,73,Bryant,AR,USA,2025
12,Ashley Richardson,S,SO,Clear Springs High,,Southeastern Louisiana University,DI,Southland,Southland Conference,https://lionsports.net/sports/womens-volleyball/roster/2025,2026-07-20T00:57:22.917881+00:00,72,League City,TX,USA,2025
13,Keira Beverly,MB,R-SO,Mandeville High,,Southeastern Louisiana University,DI,Southland,Southland Conference,https://lionsports.net/sports/womens-volleyball/roster/2025,2026-07-20T00:57:22.917881+00:00,73,Mandeville,LA,USA,2025
14,Peyton Stokley,S,SR,Episcopal School of Acadiana,,Southeastern Louisiana University,DI,Southland,Southland Conference,https://lionsports.net/sports/womens-volleyball/roster/2025,2026-07-20T00:57:22.917881+00:00,69,Lafayette,LA,USA,2025
15,Alexis Logarbo,OPP,SR,Dutchtown High,,Southeastern Louisiana University,DI,Southland,Southland Conference,https://lionsports.net/sports/womens-volleyball/roster/2025,2026-07-20T00:57:22.917881+00:00,74,Geismar,LA,USA,2025
17,Kyra McKelvey,OPP,JR,Navarre High,,Southeastern Louisiana University,DI,Southland,Southland Conference,https://lionsports.net/sports/womens-volleyball/roster/2025,2026-07-20T00:57:22.917881+00:00,71,Navarre,FL,USA,2025
18,India Bennett,MB,R-SR,Dutchtown High,,Southeastern Louisiana University,DI,Southland,Southland Conference,https://lionsports.net/sports/womens-volleyball/roster/2025,2026-07-20T00:57:22.917881+00:00,72,Prairieville,LA,USA,2025
19,Lexi Gonzalez,L/DS,R-SR,St. Michael the Archangel High,,Southeastern Louisiana University,DI,Southland,Southland Conference,https://lionsports.net/sports/womens-volleyball/roster/2025,2026-07-20T00:57:22.917881+00:00,67,Baton Rouge,LA,USA,2025
21,Ayla Klingenberg,MB,FR,Rock Creek High,,Southeastern Louisiana University,DI,Southland,Southland Conference,https://lionsports.net/sports/womens-volleyball/roster/2025,2026-07-20T00:57:22.917881+00:00,72,St. George,KS,USA,2025
22,Taylor Stockwell,L/DS,JR,St. Joseph's Academy,,Southeastern Louisiana University,DI,Southland,Southland Conference,https://lionsports.net/sports/womens-volleyball/roster/2025,2026-07-20T00:57:22.917881+00:00,67,Baton Rouge,LA,USA,2025
23,Audrey Vielguth,L/DS,RF.,Vestavia Hills High,,Southeastern Louisiana University,DI,Southland,Southland Conference,https://lionsports.net/sports/womens-volleyball/roster/2025,2026-07-20T00:57:22.917881+00:00,66,Vestavia Hills,AL,USA,2025
28,Anne Brauckmiller,OH,SO,Millennium High,,Southeastern Louisiana University,DI,Southland,Southland Conference,https://lionsports.net/sports/womens-volleyball/roster/2025,2026-07-20T00:57:22.917881+00:00,72,Goodyear,,Ari.,2025
33,Carissa Young,OPP,JR,Clear Springs High,,Southeastern Louisiana University,DI,Southland,Southland Conference,https://lionsports.net/sports/womens-volleyball/roster/2025,2026-07-20T00:57:22.917881+00:00,72,League City,TX,USA,2025
3,Kinley Quast,L/DS,FR,Stewardson-Strasburg HS,,Southern Illinois University Edwardsville,DI,Ohio Valley,Ohio Valley Conference,https://siuecougars.com/sports/womens-volleyball/roster/2025,2026-07-20T00:57:25.582969+00:00,63,Strasburg,IL,USA,2025
4,Kyndia Smith,OPP,GR,Ladue HS,,Southern Illinois University Edwardsville,DI,Ohio Valley,Ohio Valley Conference,https://siuecougars.com/sports/womens-volleyball/roster/2025,2026-07-20T00:57:25.582969+00:00,70,St. Louis,MO,USA,2025
5,Claire Jones,L/DS,SO,Blue Valley HS,,Southern Illinois University Edwardsville,DI,Ohio Valley,Ohio Valley Conference,https://siuecougars.com/sports/womens-volleyball/roster/2025,2026-07-20T00:57:25.582969+00:00,69,Overland Park,KS,USA,2025
7,Morgan Jones,OPP,FR,Bozeman HS,,Southern Illinois University Edwardsville,DI,Ohio Valley,Ohio Valley Conference,https://siuecougars.com/sports/womens-volleyball/roster/2025,2026-07-20T00:57:25.582969+00:00,70,Bozeman,MT,USA,2025
8,Ally Hughes,S,FR,Roger Bacon HS,,Southern Illinois University Edwardsville,DI,Ohio Valley,Ohio Valley Conference,https://siuecougars.com/sports/womens-volleyball/roster/2025,2026-07-20T00:57:25.582969+00:00,69,Cincinnati,OH,USA,2025
9,Paige Bernstein,S,R-JR,Houston,,Southern Illinois University Edwardsville,DI,Ohio Valley,Ohio Valley Conference,https://siuecougars.com/sports/womens-volleyball/roster/2025,2026-07-20T00:57:25.582969+00:00,69,The Woodlands,TX,USA,2025
10,Olivia Hogan,L/DS,SR,"Dyersville, Iowa",,Southern Illinois University Edwardsville,DI,Ohio Valley,Ohio Valley Conference,https://siuecougars.com/sports/womens-volleyball/roster/2025,2026-07-20T00:57:25.582969+00:00,64,Dyersville,IA,USA,2025
11,Sophie Robinson,OH,SO,Chippewa Falls HS,,Southern Illinois University Edwardsville,DI,Ohio Valley,Ohio Valley Conference,https://siuecougars.com/sports/womens-volleyball/roster/2025,2026-07-20T00:57:25.582969+00:00,71,Chippewa Falls,WI,USA,2025
12,Maddie Determan,OPP,FR,Moline HS,,Southern Illinois University Edwardsville,DI,Ohio Valley,Ohio Valley Conference,https://siuecougars.com/sports/womens-volleyball/roster/2025,2026-07-20T00:57:25.582969+00:00,74,Coal Valley,IL,USA,2025
13,Teagan Sullivan,OH,SO,Dunlap HS,,Southern Illinois University Edwardsville,DI,Ohio Valley,Ohio Valley Conference,https://siuecougars.com/sports/womens-volleyball/roster/2025,2026-07-20T00:57:25.582969+00:00,69,Dunlap,IL,USA,2025
14,Tionna Owens,MB,R-FR,Redshirt Freshman,,Southern Illinois University Edwardsville,DI,Ohio Valley,Ohio Valley Conference,https://siuecougars.com/sports/womens-volleyball/roster/2025,2026-07-20T00:57:25.582969+00:00,73,Waxahachie,TX,USA,2025
15,Bree Schreimann,OH,SR,St. Dominic HS,,Southern Illinois University Edwardsville,DI,Ohio Valley,Ohio Valley Conference,https://siuecougars.com/sports/womens-volleyball/roster/2025,2026-07-20T00:57:25.582969+00:00,71,Wentzville,MO,USA,2025
16,Grace Nichols,MB,GR,Western Illinois,,Southern Illinois University Edwardsville,DI,Ohio Valley,Ohio Valley Conference,https://siuecougars.com/sports/womens-volleyball/roster/2025,2026-07-20T00:57:25.582969+00:00,70,Lincoln,NE,USA,2025
18,Anika Ivester,MB,JR,Xavier HS,,Southern Illinois University Edwardsville,DI,Ohio Valley,Ohio Valley Conference,https://siuecougars.com/sports/womens-volleyball/roster/2025,2026-07-20T00:57:25.582969+00:00,76,Cedar Rapids,IA,USA,2025
1,Mikalah Davis,OH,SO,,,Southern Illinois University at Carbondale,DI,MVC,Missouri Valley Conference,https://siusalukis.com/sports/womens-volleyball/roster/2025,2026-07-20T00:57:28.273967+00:00,,Kansas City,MO,USA,2025
2,Cecilia Bulmahn,OH,SR,,,Southern Illinois University at Carbondale,DI,MVC,Missouri Valley Conference,https://siusalukis.com/sports/womens-volleyball/roster/2025,2026-07-20T00:57:28.273967+00:00,,McCordsville,IN,USA,2025
3,Kelly Franklin,OH,SR,,,Southern Illinois University at Carbondale,DI,MVC,Missouri Valley Conference,https://siusalukis.com/sports/womens-volleyball/roster/2025,2026-07-20T00:57:28.273967+00:00,,Lake Worth,FL,USA,2025
4,Emma Christian,S,FR,,,Southern Illinois University at Carbondale,DI,MVC,Missouri Valley Conference,https://siusalukis.com/sports/womens-volleyball/roster/2025,2026-07-20T00:57:28.273967+00:00,,Kansas City,MO,USA,2025
6,Angelique Pena,MB,FR,,,Southern Illinois University at Carbondale,DI,MVC,Missouri Valley Conference,https://siusalukis.com/sports/womens-volleyball/roster/2025,2026-07-20T00:57:28.273967+00:00,,Bolingbrook,IL,USA,2025
10,Emma Lade,S,SR,,,Southern Illinois University at Carbondale,DI,MVC,Missouri Valley Conference,https://siusalukis.com/sports/womens-volleyball/roster/2025,2026-07-20T00:57:28.273967+00:00,,Howard Lake,MN,USA,2025
11,Jillian Shaneyfelt,L/DS,JR,,,Southern Illinois University at Carbondale,DI,MVC,Missouri Valley Conference,https://siusalukis.com/sports/womens-volleyball/roster/2025,2026-07-20T00:57:28.273967+00:00,,Pinckneyville,IL,USA,2025
12,Meghan Anderson,S,FR,,,Southern Illinois University at Carbondale,DI,MVC,Missouri Valley Conference,https://siusalukis.com/sports/womens-volleyball/roster/2025,2026-07-20T00:57:28.273967+00:00,,Omaha,NE,USA,2025
13,Ainara Fernandes,OH,GR,,,Southern Illinois University at Carbondale,DI,MVC,Missouri Valley Conference,https://siusalukis.com/sports/womens-volleyball/roster/2025,2026-07-20T00:57:28.273967+00:00,,Belo Horizonte,,Brazil,2025
14,Ella Swansiger,OH,JR,,,Southern Illinois University at Carbondale,DI,MVC,Missouri Valley Conference,https://siusalukis.com/sports/womens-volleyball/roster/2025,2026-07-20T00:57:28.273967+00:00,,Phoenix,AZ,USA,2025
16,Larissa Seger,MB,SR,,,Southern Illinois University at Carbondale,DI,MVC,Missouri Valley Conference,https://siusalukis.com/sports/womens-volleyball/roster/2025,2026-07-20T00:57:28.273967+00:00,,Nova Petropolis,,Brazil,2025
17,Julia Laidig,L/DS,FR,,,Southern Illinois University at Carbondale,DI,MVC,Missouri Valley Conference,https://siusalukis.com/sports/womens-volleyball/roster/2025,2026-07-20T00:57:28.273967+00:00,,Woodstock,IL,USA,2025
18,Eva Krakowski,MB,SO,,,Southern Illinois University at Carbondale,DI,MVC,Missouri Valley Conference,https://siusalukis.com/sports/womens-volleyball/roster/2025,2026-07-20T00:57:28.273967+00:00,,Roselle,IL,USA,2025
19,Annabelle Sulish,OH,SR,,,Southern Illinois University at Carbondale,DI,MVC,Missouri Valley Conference,https://siusalukis.com/sports/womens-volleyball/roster/2025,2026-07-20T00:57:28.273967+00:00,,Knoxville,TN,USA,2025
20,Nevaeh Laster,MB,JR,,,Southern Illinois University at Carbondale,DI,MVC,Missouri Valley Conference,https://siusalukis.com/sports/womens-volleyball/roster/2025,2026-07-20T00:57:28.273967+00:00,,Mattoon,IL,USA,2025
21,Julia Brazil,OH,JR,,,Southern Illinois University at Carbondale,DI,MVC,Missouri Valley Conference,https://siusalukis.com/sports/womens-volleyball/roster/2025,2026-07-20T00:57:28.273967+00:00,,Rio de Janeiro,,Brazil,2025
23,Addison Kerr,S,FR,,,Southern Illinois University at Carbondale,DI,MVC,Missouri Valley Conference,https://siusalukis.com/sports/womens-volleyball/roster/2025,2026-07-20T00:57:28.273967+00:00,,Champaign,IL,USA,2025
1,Malaya Jones,OPP,GR,Santa Margarita HS,Colorado State,Southern Methodist University,DI,ACC,Atlantic Coast Conference,https://smumustangs.com/sports/womens-volleyball/roster/2025,2026-07-20T00:57:30.873271+00:00,72,El Dorado Hills,CA,USA,2025
2,Sarah Frazee,L/DS,FR,Gulf Breeze HS,,Southern Methodist University,DI,ACC,Atlantic Coast Conference,https://smumustangs.com/sports/womens-volleyball/roster/2025,2026-07-20T00:57:30.873271+00:00,66,Gulf Breeze,FL,USA,2025
3,Kennedi Rogers,OH,FR,Ridge Point HS,,Southern Methodist University,DI,ACC,Atlantic Coast Conference,https://smumustangs.com/sports/womens-volleyball/roster/2025,2026-07-20T00:57:30.873271+00:00,70,Missouri City,TX,USA,2025
4,Christa Wilburn,OH,FR,Dripping Springs HS,,Southern Methodist University,DI,ACC,Atlantic Coast Conference,https://smumustangs.com/sports/womens-volleyball/roster/2025,2026-07-20T00:57:30.873271+00:00,74,Dripping Springs,TX,USA,2025
5,Casey Batenhorst,S,SR,Seven Lakes HS,,Southern Methodist University,DI,ACC,Atlantic Coast Conference,https://smumustangs.com/sports/womens-volleyball/roster/2025,2026-07-20T00:57:30.873271+00:00,73,Houston,TX,USA,2025
7,Amelia Hansen,OH,FR,Palmer Ridge HS,,Southern Methodist University,DI,ACC,Atlantic Coast Conference,https://smumustangs.com/sports/womens-volleyball/roster/2025,2026-07-20T00:57:30.873271+00:00,72,Monument,CO,USA,2025
8,Mia Silva,L/DS,SO,Antonian College Prep HS,,Southern Methodist University,DI,ACC,Atlantic Coast Conference,https://smumustangs.com/sports/womens-volleyball/roster/2025,2026-07-20T00:57:30.873271+00:00,69,San Antonio,TX,USA,2025
9,Averi Carlson,S,SR,Lovejoy HS,Texas,Southern Methodist University,DI,ACC,Atlantic Coast Conference,https://smumustangs.com/sports/womens-volleyball/roster/2025,2026-07-20T00:57:30.873271+00:00,71,Lucas,TX,USA,2025
10,Brooke Gilmour,MB,FR,Oaks Christian School,,Southern Methodist University,DI,ACC,Atlantic Coast Conference,https://smumustangs.com/sports/womens-volleyball/roster/2025,2026-07-20T00:57:30.873271+00:00,73,Westlake Village,CA,USA,2025
11,Hannah Beauford,S,FR,Prosper HS,,Southern Methodist University,DI,ACC,Atlantic Coast Conference,https://smumustangs.com/sports/womens-volleyball/roster/2025,2026-07-20T00:57:30.873271+00:00,71,Prosper,TX,USA,2025
12,Natalia Newsome,MB,SO,Arlington Martin HS,,Southern Methodist University,DI,ACC,Atlantic Coast Conference,https://smumustangs.com/sports/womens-volleyball/roster/2025,2026-07-20T00:57:30.873271+00:00,71,Arlington,TX,USA,2025
13,Jentry Lamirand,OH,SR,Decatur HS,,Southern Methodist University,DI,ACC,Atlantic Coast Conference,https://smumustangs.com/sports/womens-volleyball/roster/2025,2026-07-20T00:57:30.873271+00:00,71,Decatur,TX,USA,2025
14,Jordyn Schilling,L/DS,SR,Mater Dei HS,High Point,Southern Methodist University,DI,ACC,Atlantic Coast Conference,https://smumustangs.com/sports/womens-volleyball/roster/2025,2026-07-20T00:57:30.873271+00:00,71,Newport Beach,CA,USA,2025
15,Madison Scheer,OH,SR,Eureka HS,Auburn,Southern Methodist University,DI,ACC,Atlantic Coast Conference,https://smumustangs.com/sports/womens-volleyball/roster/2025,2026-07-20T00:57:30.873271+00:00,73,Eureka,MO,USA,2025
20,Maggie Croft,MB,FR,Flour Bluff HS,,Southern Methodist University,DI,ACC,Atlantic Coast Conference,https://smumustangs.com/sports/womens-volleyball/roster/2025,2026-07-20T00:57:30.873271+00:00,70,Corpus Christi,TX,USA,2025
21,Favor Anyanwu,MB,SO,Sachse HS,USC,Southern Methodist University,DI,ACC,Atlantic Coast Conference,https://smumustangs.com/sports/womens-volleyball/roster/2025,2026-07-20T00:57:30.873271+00:00,74,Rowlett,TX,USA,2025
42,Jadyn Livings,OH,SO,Prestonwood Christian Academy,USC,Southern Methodist University,DI,ACC,Atlantic Coast Conference,https://smumustangs.com/sports/womens-volleyball/roster/2025,2026-07-20T00:57:30.873271+00:00,73,The Colony,TX,USA,2025
2,Zion Robinson,L/DS,SR,George Washington Carver Center for the Arts and Technology,,"Southern University, Baton Rouge",DI,SWAC,Southwestern Athletic Conf.,https://gojagsports.com/sports/womens-volleyball/roster/2025,2026-07-20T00:57:33.832026+00:00,62,Baltimore,MD,USA,2025
3,Sophie Diouf,MB,FR,La Cueva HS,,"Southern University, Baton Rouge",DI,SWAC,Southwestern Athletic Conf.,https://gojagsports.com/sports/womens-volleyball/roster/2025,2026-07-20T00:57:33.832026+00:00,72,Albuquerque,NM,USA,2025
4,Elise Doomes,OH,GR,University Lab,,"Southern University, Baton Rouge",DI,SWAC,Southwestern Athletic Conf.,https://gojagsports.com/sports/womens-volleyball/roster/2025,2026-07-20T00:57:33.832026+00:00,71,Baton Rouge,LA,USA,2025
5,Mariah Mott,OH,FR,Hahnville HS,,"Southern University, Baton Rouge",DI,SWAC,Southwestern Athletic Conf.,https://gojagsports.com/sports/womens-volleyball/roster/2025,2026-07-20T00:57:33.832026+00:00,69,Luling,LA,USA,2025
6,Nadia Lewis,MB,GR,Osceola,,"Southern University, Baton Rouge",DI,SWAC,Southwestern Athletic Conf.,https://gojagsports.com/sports/womens-volleyball/roster/2025,2026-07-20T00:57:33.832026+00:00,70,St. Petersburg,FL,USA,2025
7,Ayana Johnson,L/DS,JR,Torrey Pines HS,,"Southern University, Baton Rouge",DI,SWAC,Southwestern Athletic Conf.,https://gojagsports.com/sports/womens-volleyball/roster/2025,2026-07-20T00:57:33.832026+00:00,72,San Diego,CA,USA,2025
9,Iyanah Taylor,S,SR,Lancaster HS,,"Southern University, Baton Rouge",DI,SWAC,Southwestern Athletic Conf.,https://gojagsports.com/sports/womens-volleyball/roster/2025,2026-07-20T00:57:33.832026+00:00,69,Dallas,TX,USA,2025
10,Alana Pierce,MB,SO,Captain Shreve HS,,"Southern University, Baton Rouge",DI,SWAC,Southwestern Athletic Conf.,https://gojagsports.com/sports/womens-volleyball/roster/2025,2026-07-20T00:57:33.832026+00:00,73,Shreveport,LA,USA,2025
11,Sereniti Johnson,L/DS,FR,Red Mountain HS,,"Southern University, Baton Rouge",DI,SWAC,Southwestern Athletic Conf.,https://gojagsports.com/sports/womens-volleyball/roster/2025,2026-07-20T00:57:33.832026+00:00,68,Mesa,AZ,USA,2025
13,Hanna Pereira,MB,JR,"Florianopolis, Santa Catarina, Brazil",,"Southern University, Baton Rouge",DI,SWAC,Southwestern Athletic Conf.,https://gojagsports.com/sports/womens-volleyball/roster/2025,2026-07-20T00:57:33.832026+00:00,74,Florianopolis,Santa Catarina,Brazil,2025
17,Ariana Brown,OH,JR,Conroe HS,,"Southern University, Baton Rouge",DI,SWAC,Southwestern Athletic Conf.,https://gojagsports.com/sports/womens-volleyball/roster/2025,2026-07-20T00:57:33.832026+00:00,72,Houston,TX,USA,2025
18,Zaria Nelson,OH,JR,Isidore Newman HS,,"Southern University, Baton Rouge",DI,SWAC,Southwestern Athletic Conf.,https://gojagsports.com/sports/womens-volleyball/roster/2025,2026-07-20T00:57:33.832026+00:00,67,New Orleans,LA,USA,2025
19,Najah Harris,L/DS,SR,Braswell HS,,"Southern University, Baton Rouge",DI,SWAC,Southwestern Athletic Conf.,https://gojagsports.com/sports/womens-volleyball/roster/2025,2026-07-20T00:57:33.832026+00:00,65,Dallas,TX,USA,2025
20,Logan Hart,MB,SO,Cypress Ranch HS,,"Southern University, Baton Rouge",DI,SWAC,Southwestern Athletic Conf.,https://gojagsports.com/sports/womens-volleyball/roster/2025,2026-07-20T00:57:33.832026+00:00,70,Cypress,TX,USA,2025
21,Jasmin Robertson,MB,FR,Madison Prep Academy,,"Southern University, Baton Rouge",DI,SWAC,Southwestern Athletic Conf.,https://gojagsports.com/sports/womens-volleyball/roster/2025,2026-07-20T00:57:33.832026+00:00,68,Baton Rouge,LA,USA,2025
22,Kiyla Mighty,S,FR,Woodstock HS,,"Southern University, Baton Rouge",DI,SWAC,Southwestern Athletic Conf.,https://gojagsports.com/sports/womens-volleyball/roster/2025,2026-07-20T00:57:33.832026+00:00,68,Atlanta,GA,USA,2025
2,Finley Charapata,OH,R-SO,Appleton North High School,,Southern Utah University,DI,WAC,Western Athletic Conference,https://suutbirds.com/sports/womens-volleyball/roster/2025,2026-07-20T00:57:36.299717+00:00,70,Appleton,WI,USA,2025
5,Kaitlyn Hoelker,OH,FR,Dana Hills High School,,Southern Utah University,DI,WAC,Western Athletic Conference,https://suutbirds.com/sports/womens-volleyball/roster/2025,2026-07-20T00:57:36.299717+00:00,71,San Clemente,CA,USA,2025
6,Aleeya Jones,L/DS,GR,Wiscasset Christian Academy,,Southern Utah University,DI,WAC,Western Athletic Conference,https://suutbirds.com/sports/womens-volleyball/roster/2025,2026-07-20T00:57:36.299717+00:00,67,Wiscasset,ME,USA,2025
8,Addyson McArthur,OH,JR,Discovery Canyon High School,,Southern Utah University,DI,WAC,Western Athletic Conference,https://suutbirds.com/sports/womens-volleyball/roster/2025,2026-07-20T00:57:36.299717+00:00,69,Colorado Springs,CO,USA,2025
9,Teniyah Leuluai,S,SR,Copper Hills High School,,Southern Utah University,DI,WAC,Western Athletic Conference,https://suutbirds.com/sports/womens-volleyball/roster/2025,2026-07-20T00:57:36.299717+00:00,70,West Jordan,UT,USA,2025
10,Asya Akbulut,S,JR,Mimar Sinan Fine Arts,,Southern Utah University,DI,WAC,Western Athletic Conference,https://suutbirds.com/sports/womens-volleyball/roster/2025,2026-07-20T00:57:36.299717+00:00,71,Ankara,,Turkey,2025
12,Swayzee Mason,S,FR,North Sevier,,Southern Utah University,DI,WAC,Western Athletic Conference,https://suutbirds.com/sports/womens-volleyball/roster/2025,2026-07-20T00:57:36.299717+00:00,67,Aurora,UT,USA,2025
13,Amaya Tobias,MB,JR,Nevada State High School,,Southern Utah University,DI,WAC,Western Athletic Conference,https://suutbirds.com/sports/womens-volleyball/roster/2025,2026-07-20T00:57:36.299717+00:00,74,Las Vegas,NV,USA,2025
15,Kaitlyn Aleshire,MB,JR,West Aurora High School,,Southern Utah University,DI,WAC,Western Athletic Conference,https://suutbirds.com/sports/womens-volleyball/roster/2025,2026-07-20T00:57:36.299717+00:00,73,Aurora,IL,USA,2025
16,Amanda Mendoza,L/DS,FR,El Paso High School,,Southern Utah University,DI,WAC,Western Athletic Conference,https://suutbirds.com/sports/womens-volleyball/roster/2025,2026-07-20T00:57:36.299717+00:00,65,El Paso,TX,USA,2025
17,Julia Bylund,MB,FR,Springville High School,,Southern Utah University,DI,WAC,Western Athletic Conference,https://suutbirds.com/sports/womens-volleyball/roster/2025,2026-07-20T00:57:36.299717+00:00,,Springville,UT,USA,2025
20,Dorina Bogar,OH,JR,"Budapest, Hungary",,Southern Utah University,DI,WAC,Western Athletic Conference,https://suutbirds.com/sports/womens-volleyball/roster/2025,2026-07-20T00:57:36.299717+00:00,72,Budapest,,Hungary,2025
,Sydney Bird Allen,S,FR,Cedar High School,,Southern Utah University,DI,WAC,Western Athletic Conference,https://suutbirds.com/sports/womens-volleyball/roster/2025,2026-07-20T00:57:36.299717+00:00,68,Cedar City,UT,USA,2025
2,Kendall White,OH,FR,,,St. John's University (New York),DI,Big East,Big East Conference,https://redstormsports.com/sports/womens-volleyball/roster/2025,2026-07-20T00:57:39.273287+00:00,,Peachtree Corners,GA,USA,2025
3,Erin Jones,S,SR,,,St. John's University (New York),DI,Big East,Big East Conference,https://redstormsports.com/sports/womens-volleyball/roster/2025,2026-07-20T00:57:39.273287+00:00,,Albuquerque,NM,USA,2025
4,Martina Capponcelli,S,FR,,,St. John's University (New York),DI,Big East,Big East Conference,https://redstormsports.com/sports/womens-volleyball/roster/2025,2026-07-20T00:57:39.273287+00:00,,Bologna,,Italy,2025
5,Ana Franca Benjamim,OH,SO,,,St. John's University (New York),DI,Big East,Big East Conference,https://redstormsports.com/sports/womens-volleyball/roster/2025,2026-07-20T00:57:39.273287+00:00,,Medianeira,,Brasil,2025
6,Ludovica Zola,MB,SR,,,St. John's University (New York),DI,Big East,Big East Conference,https://redstormsports.com/sports/womens-volleyball/roster/2025,2026-07-20T00:57:39.273287+00:00,,Milan,,Italy,2025
7,Ella Parker,OH,R-FR,,,St. John's University (New York),DI,Big East,Big East Conference,https://redstormsports.com/sports/womens-volleyball/roster/2025,2026-07-20T00:57:39.273287+00:00,,Corrales,NM,USA,2025
8,Shiloh Clayton,L/DS,FR,,,St. John's University (New York),DI,Big East,Big East Conference,https://redstormsports.com/sports/womens-volleyball/roster/2025,2026-07-20T00:57:39.273287+00:00,,Atlanta,GA,USA,2025
9,Rashanny Solano Smith,L/DS,JR,,,St. John's University (New York),DI,Big East,Big East Conference,https://redstormsports.com/sports/womens-volleyball/roster/2025,2026-07-20T00:57:39.273287+00:00,,Limon,,Costa Rica,2025
10,Barbara Costa dos Santos,OH,SO,,,St. John's University (New York),DI,Big East,Big East Conference,https://redstormsports.com/sports/womens-volleyball/roster/2025,2026-07-20T00:57:39.273287+00:00,,Sao Paulo,,Brazil,2025
14,Chloe Bell,MB,FR,,,St. John's University (New York),DI,Big East,Big East Conference,https://redstormsports.com/sports/womens-volleyball/roster/2025,2026-07-20T00:57:39.273287+00:00,,Atlanta,GA,USA,2025
15,Lucrezia Lodi,OH,SR,,,St. John's University (New York),DI,Big East,Big East Conference,https://redstormsports.com/sports/womens-volleyball/roster/2025,2026-07-20T00:57:39.273287+00:00,,San Lazzaro di Savena,,Italy,2025
16,Martina Ghezzi,OH,SR,,,St. John's University (New York),DI,Big East,Big East Conference,https://redstormsports.com/sports/womens-volleyball/roster/2025,2026-07-20T00:57:39.273287+00:00,,Novate Milanese,,Italy,2025
22,Kya Harris,MB,SO,,,St. John's University (New York),DI,Big East,Big East Conference,https://redstormsports.com/sports/womens-volleyball/roster/2025,2026-07-20T00:57:39.273287+00:00,,Atlanta,GA,USA,2025
1,Luna França,L/DS,GR,,,Stephen F. Austin State University,DI,Southland,Southland Conference,https://sfajacks.com/sports/womens-volleyball/roster/2025,2026-07-20T00:57:52.275695+00:00,,Belo Horizonte,,Brazil,2025
2,Ilana de Assis,OH,GR,,,Stephen F. Austin State University,DI,Southland,Southland Conference,https://sfajacks.com/sports/womens-volleyball/roster/2025,2026-07-20T00:57:52.275695+00:00,,Chapadão do Céu,,Brazil,2025
4,Camryn Hill,OH,SR,,,Stephen F. Austin State University,DI,Southland,Southland Conference,https://sfajacks.com/sports/womens-volleyball/roster/2025,2026-07-20T00:57:52.275695+00:00,,Frisco,TX,USA,2025
5,Katherine Holtman,,SO,,,Stephen F. Austin State University,DI,Southland,Southland Conference,https://sfajacks.com/sports/womens-volleyball/roster/2025,2026-07-20T00:57:52.275695+00:00,,Argyle,TX,USA,2025
6,Cambry Saul,S,R-SO,,,Stephen F. Austin State University,DI,Southland,Southland Conference,https://sfajacks.com/sports/womens-volleyball/roster/2025,2026-07-20T00:57:52.275695+00:00,,Waco,TX,USA,2025
9,Izabella Ortiz,MB,SR,,,Stephen F. Austin State University,DI,Southland,Southland Conference,https://sfajacks.com/sports/womens-volleyball/roster/2025,2026-07-20T00:57:52.275695+00:00,,Flower Mound,TX,USA,2025
10,Kennedy Jones,,SO,,,Stephen F. Austin State University,DI,Southland,Southland Conference,https://sfajacks.com/sports/womens-volleyball/roster/2025,2026-07-20T00:57:52.275695+00:00,,Houston,TX,USA,2025
11,Caroline Kahle,OH,JR,,,Stephen F. Austin State University,DI,Southland,Southland Conference,https://sfajacks.com/sports/womens-volleyball/roster/2025,2026-07-20T00:57:52.275695+00:00,,North Richland Hills,TX,USA,2025
12,Sydney Lafferty,MB,R-FR,,,Stephen F. Austin State University,DI,Southland,Southland Conference,https://sfajacks.com/sports/womens-volleyball/roster/2025,2026-07-20T00:57:52.275695+00:00,,Rockwall,TX,USA,2025
13,Haley Peterson,MB,FR,,,Stephen F. Austin State University,DI,Southland,Southland Conference,https://sfajacks.com/sports/womens-volleyball/roster/2025,2026-07-20T00:57:52.275695+00:00,,Crowley,TX,USA,2025
14,Jordan Henderson,MB,SO,,,Stephen F. Austin State University,DI,Southland,Southland Conference,https://sfajacks.com/sports/womens-volleyball/roster/2025,2026-07-20T00:57:52.275695+00:00,,Mansfield,TX,USA,2025
15,Brinkley Reeves,OH,FR,,,Stephen F. Austin State University,DI,Southland,Southland Conference,https://sfajacks.com/sports/womens-volleyball/roster/2025,2026-07-20T00:57:52.275695+00:00,,San Marcos,TX,USA,2025
17,Tanishua Joseph,,R-SO,,,Stephen F. Austin State University,DI,Southland,Southland Conference,https://sfajacks.com/sports/womens-volleyball/roster/2025,2026-07-20T00:57:52.275695+00:00,,Baytown,TX,USA,2025
18,Jayden Flynn,S,SR,,,Stephen F. Austin State University,DI,Southland,Southland Conference,https://sfajacks.com/sports/womens-volleyball/roster/2025,2026-07-20T00:57:52.275695+00:00,,Poplar Grove,IL,USA,2025
20,Molly Cravens,MB,SO,,,Stephen F. Austin State University,DI,Southland,Southland Conference,https://sfajacks.com/sports/womens-volleyball/roster/2025,2026-07-20T00:57:52.275695+00:00,,Round Rock,TX,USA,2025
23,Kyanna Creecy,MB,JR,,,Stephen F. Austin State University,DI,Southland,Southland Conference,https://sfajacks.com/sports/womens-volleyball/roster/2025,2026-07-20T00:57:52.275695+00:00,,McKinney,TX,USA,2025
3,Vanessa Shevchenko,S,FR,Tocoi Creek,,Stetson University,DI,ASUN,Atlantic Sun Conference,https://gohatters.com/sports/womens-volleyball/roster/2025,2026-07-20T00:57:54.751759+00:00,,St. Augustine,FL,USA,2025
4,Zuzanna Rut,MB,SR,"Swidnica, Poland",,Stetson University,DI,ASUN,Atlantic Sun Conference,https://gohatters.com/sports/womens-volleyball/roster/2025,2026-07-20T00:57:54.751759+00:00,72,Swidnica,,Poland,2025
10,Selin Kalkan,OH,SR,"Ankara, Turkey",,Stetson University,DI,ASUN,Atlantic Sun Conference,https://gohatters.com/sports/womens-volleyball/roster/2025,2026-07-20T00:57:54.751759+00:00,71,Ankara,,Turkey,2025
12,Kayla Balfour,MB,JR,Pensacola Catholic High School,,Stetson University,DI,ASUN,Atlantic Sun Conference,https://gohatters.com/sports/womens-volleyball/roster/2025,2026-07-20T00:57:54.751759+00:00,72,Pensacola,FL,USA,2025
13,Xinlei Yang,MB,FR,"Beijing, China",,Stetson University,DI,ASUN,Atlantic Sun Conference,https://gohatters.com/sports/womens-volleyball/roster/2025,2026-07-20T00:57:54.751759+00:00,74,Beijing,,China,2025
14,Jenna Simmons,OH,SO,Jensen Beach High School,,Stetson University,DI,ASUN,Atlantic Sun Conference,https://gohatters.com/sports/womens-volleyball/roster/2025,2026-07-20T00:57:54.751759+00:00,70,Port St. Lucie,FL,USA,2025
23,Zuzanna Bury,OH,SO,ZSGD Poznan,,Stetson University,DI,ASUN,Atlantic Sun Conference,https://gohatters.com/sports/womens-volleyball/roster/2025,2026-07-20T00:57:54.751759+00:00,71,Zywiec,,Poland,2025
3,Kendra Sawyer,S,FR,Kingwood,,Stonehill College,DI,NEC,Northeast Conference,https://stonehillskyhawks.com/sports/womens-volleyball/roster/2025,2026-07-20T00:57:57.154590+00:00,73,Kingwood,TX,USA,2025
5,Rosa Smith,S,FR,Bishop Moore Catholic,,Stonehill College,DI,NEC,Northeast Conference,https://stonehillskyhawks.com/sports/womens-volleyball/roster/2025,2026-07-20T00:57:57.154590+00:00,68,Orlando,FL,USA,2025
9,Gabi Polishuk,OH,SO,Bishop Alemany,,Stonehill College,DI,NEC,Northeast Conference,https://stonehillskyhawks.com/sports/womens-volleyball/roster/2025,2026-07-20T00:57:57.154590+00:00,68,Woodland Hills,CA,USA,2025
10,Cat Detweiler,MB,FR,Bishop Shanahan,,Stonehill College,DI,NEC,Northeast Conference,https://stonehillskyhawks.com/sports/womens-volleyball/roster/2025,2026-07-20T00:57:57.154590+00:00,73,Oxford,PA,USA,2025
12,Sam Loyd,OH,FR,Dickinson,,Stonehill College,DI,NEC,Northeast Conference,https://stonehillskyhawks.com/sports/womens-volleyball/roster/2025,2026-07-20T00:57:57.154590+00:00,70,Dickinson,TX,USA,2025
16,Jess Barrett,OH,SO,Austin Preparatory,,Stonehill College,DI,NEC,Northeast Conference,https://stonehillskyhawks.com/sports/womens-volleyball/roster/2025,2026-07-20T00:57:57.154590+00:00,72,Boxford,MA,USA,2025
19,Abby Farrell,MB,JR,Reading Memorial,,Stonehill College,DI,NEC,Northeast Conference,https://stonehillskyhawks.com/sports/womens-volleyball/roster/2025,2026-07-20T00:57:57.154590+00:00,73,Reading,MA,USA,2025
22,Kaitlyn Watson,MB,SR,Bellevue,,Stonehill College,DI,NEC,Northeast Conference,https://stonehillskyhawks.com/sports/womens-volleyball/roster/2025,2026-07-20T00:57:57.154590+00:00,70,Bellevue,WA,USA,2025
24,Annabelle Svenson,MB,SO,Oyster River,,Stonehill College,DI,NEC,Northeast Conference,https://stonehillskyhawks.com/sports/womens-volleyball/roster/2025,2026-07-20T00:57:57.154590+00:00,73,Barrington,NH,USA,2025
2,Aajaylah Zeno,OH,FR,Plano West,,Stony Brook University,DI,CAA,Coastal Athletic Association,https://stonybrookathletics.com/sports/womens-volleyball/roster/2025,2026-07-20T00:57:59.842635+00:00,69,Plano,TX,USA,2025
4,Hanna Berkefelt,OH,R-FR,Allebergsgymnasiet,,Stony Brook University,DI,CAA,Coastal Athletic Association,https://stonybrookathletics.com/sports/womens-volleyball/roster/2025,2026-07-20T00:57:59.842635+00:00,68,Stockholm,,Sweden,2025
7,Ayanna Pierre Louis,MB,JR,Crockett,,Stony Brook University,DI,CAA,Coastal Athletic Association,https://stonybrookathletics.com/sports/womens-volleyball/roster/2025,2026-07-20T00:57:59.842635+00:00,71,Austin,TX,USA,2025
9,Ava Zamora,S,FR,Westview,,Stony Brook University,DI,CAA,Coastal Athletic Association,https://stonybrookathletics.com/sports/womens-volleyball/roster/2025,2026-07-20T00:57:59.842635+00:00,70,San Diego,CA,USA,2025
10,Mercedes Motton,MB,R-SO,Bishop Watterson,,Stony Brook University,DI,CAA,Coastal Athletic Association,https://stonybrookathletics.com/sports/womens-volleyball/roster/2025,2026-07-20T00:57:59.842635+00:00,67,Columbus,OH,USA,2025
11,Mopelola Ojo,MB,FR,Jenks,,Stony Brook University,DI,CAA,Coastal Athletic Association,https://stonybrookathletics.com/sports/womens-volleyball/roster/2025,2026-07-20T00:57:59.842635+00:00,72,Jenks,OK,USA,2025
12,Liv Hertzog,MB,R-SO,Mater Dei,,Stony Brook University,DI,CAA,Coastal Athletic Association,https://stonybrookathletics.com/sports/womens-volleyball/roster/2025,2026-07-20T00:57:59.842635+00:00,72,Long Beach,CA,USA,2025
14,Quinn Anderson,OH,SO,Westborough,,Stony Brook University,DI,CAA,Coastal Athletic Association,https://stonybrookathletics.com/sports/womens-volleyball/roster/2025,2026-07-20T00:57:59.842635+00:00,72,Westborough,MA,USA,2025
15,Kali Moore,OH,SR,Park Slope Collegiate,,Stony Brook University,DI,CAA,Coastal Athletic Association,https://stonybrookathletics.com/sports/womens-volleyball/roster/2025,2026-07-20T00:57:59.842635+00:00,71,Brooklyn,NY,USA,2025
1,Marisse Turner,MB,GR,,,Syracuse University,DI,ACC,Atlantic Coast Conference,https://cuse.com/sports/womens-volleyball/roster/2025,2026-07-20T00:58:02.877796+00:00,,Long Beach,CA,USA,2025
2,Veronica Sierzant,OPP,JR,,,Syracuse University,DI,ACC,Atlantic Coast Conference,https://cuse.com/sports/womens-volleyball/roster/2025,2026-07-20T00:58:02.877796+00:00,,Savannah,GA,USA,2025
3,Kaliya Ndiaye,MB,FR,,,Syracuse University,DI,ACC,Atlantic Coast Conference,https://cuse.com/sports/womens-volleyball/roster/2025,2026-07-20T00:58:02.877796+00:00,,Aliso Viejo,CA,USA,2025
4,Emma Ortiz,L/DS,SO,,,Syracuse University,DI,ACC,Atlantic Coast Conference,https://cuse.com/sports/womens-volleyball/roster/2025,2026-07-20T00:58:02.877796+00:00,,Orlando,FL,USA,2025
5,Elizabeth Turner,OH,FR,,,Syracuse University,DI,ACC,Atlantic Coast Conference,https://cuse.com/sports/womens-volleyball/roster/2025,2026-07-20T00:58:02.877796+00:00,,Pine Bluff,AR,USA,2025
6,Marie Laurio,OH,FR,,,Syracuse University,DI,ACC,Atlantic Coast Conference,https://cuse.com/sports/womens-volleyball/roster/2025,2026-07-20T00:58:02.877796+00:00,,Ann Arbor,MI,USA,2025
7,Sydnie Waller,OPP,JR,,,Syracuse University,DI,ACC,Atlantic Coast Conference,https://cuse.com/sports/womens-volleyball/roster/2025,2026-07-20T00:58:02.877796+00:00,,Franklin,TN,USA,2025
8,Skylar George,OH,R-SO,,,Syracuse University,DI,ACC,Atlantic Coast Conference,https://cuse.com/sports/womens-volleyball/roster/2025,2026-07-20T00:58:02.877796+00:00,,Houston,TX,USA,2025
9,Reese Teves,L/DS,SO,,,Syracuse University,DI,ACC,Atlantic Coast Conference,https://cuse.com/sports/womens-volleyball/roster/2025,2026-07-20T00:58:02.877796+00:00,,Waipahu,HI,USA,2025
10,Rana Yamada,L/DS,JR,,,Syracuse University,DI,ACC,Atlantic Coast Conference,https://cuse.com/sports/womens-volleyball/roster/2025,2026-07-20T00:58:02.877796+00:00,,Kanagawa,,Japan,2025
13,Zharia Harris-Waddy,MB,JR,,,Syracuse University,DI,ACC,Atlantic Coast Conference,https://cuse.com/sports/womens-volleyball/roster/2025,2026-07-20T00:58:02.877796+00:00,,Lawnside,NJ,USA,2025
14,Tehya Maeva,S,JR,,,Syracuse University,DI,ACC,Atlantic Coast Conference,https://cuse.com/sports/womens-volleyball/roster/2025,2026-07-20T00:58:02.877796+00:00,,San Diego,CA,USA,2025
16,Piper Willinger,S,SR,,,Syracuse University,DI,ACC,Atlantic Coast Conference,https://cuse.com/sports/womens-volleyball/roster/2025,2026-07-20T00:58:02.877796+00:00,,Houston,TX,USA,2025
17,Oreva Evivie,MB,GR,,,Syracuse University,DI,ACC,Atlantic Coast Conference,https://cuse.com/sports/womens-volleyball/roster/2025,2026-07-20T00:58:02.877796+00:00,,Charlotte,NC,USA,2025
18,Gabriella McLaughlin,OH,SR,,,Syracuse University,DI,ACC,Atlantic Coast Conference,https://cuse.com/sports/womens-volleyball/roster/2025,2026-07-20T00:58:02.877796+00:00,,Temecula,CA,USA,2025
21,Soana Lea'ea,MB,GR,,,Syracuse University,DI,ACC,Atlantic Coast Conference,https://cuse.com/sports/womens-volleyball/roster/2025,2026-07-20T00:58:02.877796+00:00,,Las Vegas,NV,USA,2025
22,Ashlee Gnau,L/DS,SO,,,Syracuse University,DI,ACC,Atlantic Coast Conference,https://cuse.com/sports/womens-volleyball/roster/2025,2026-07-20T00:58:02.877796+00:00,,Northville,MI,USA,2025
2,Leila Paraoan,OH,FR,Kapolei HS,,Tarleton State University,DI,WAC,Western Athletic Conference,https://tarletonsports.com/sports/womens-volleyball/roster/2025,2026-07-20T00:58:05.552613+00:00,70,Kapolei,HI,USA,2025
3,LaNeah Lara,OH,JR,Gadsden HS,,Tarleton State University,DI,WAC,Western Athletic Conference,https://tarletonsports.com/sports/womens-volleyball/roster/2025,2026-07-20T00:58:05.552613+00:00,70,Anthony,NM,USA,2025
4,Breannah Peterson,OPP,JR,Franklin HS,,Tarleton State University,DI,WAC,Western Athletic Conference,https://tarletonsports.com/sports/womens-volleyball/roster/2025,2026-07-20T00:58:05.552613+00:00,74,El Paso,TX,USA,2025
6,Megan Hodges,S,SR,Celina HS,,Tarleton State University,DI,WAC,Western Athletic Conference,https://tarletonsports.com/sports/womens-volleyball/roster/2025,2026-07-20T00:58:05.552613+00:00,68,Celina,TX,USA,2025
11,Emma Burke,MB,SR,Godley HS,,Tarleton State University,DI,WAC,Western Athletic Conference,https://tarletonsports.com/sports/womens-volleyball/roster/2025,2026-07-20T00:58:05.552613+00:00,71,Godley,TX,USA,2025
24,Teya Nguyen,S,R-SO,Valley Christian HS,,Tarleton State University,DI,WAC,Western Athletic Conference,https://tarletonsports.com/sports/womens-volleyball/roster/2025,2026-07-20T00:58:05.552613+00:00,69,San Jose,CA,USA,2025
34,Makayla White,MB,FR,Hays HS,,Tarleton State University,DI,WAC,Western Athletic Conference,https://tarletonsports.com/sports/womens-volleyball/roster/2025,2026-07-20T00:58:05.552613+00:00,75,Kyle,TX,USA,2025
1,Mickhaila Murray,OH,SO,Flint Hill,,Temple University,DI,American,American Conference,https://owlsports.com/sports/womens-volleyball/roster/2025,2026-07-20T00:58:08.601787+00:00,70,Manassas,VA,USA,2025
2,Christiana Greene,OH,SO,Cardinal Newman,,Temple University,DI,American,American Conference,https://owlsports.com/sports/womens-volleyball/roster/2025,2026-07-20T00:58:08.601787+00:00,70,Columbia,SC,USA,2025
3,Abby Jhun,L/DS,JR,Pope,,Temple University,DI,American,American Conference,https://owlsports.com/sports/womens-volleyball/roster/2025,2026-07-20T00:58:08.601787+00:00,66,Roswell,GA,USA,2025
4,Jaya Moore,OPP,SO,,Charlotte,Temple University,DI,American,American Conference,https://owlsports.com/sports/womens-volleyball/roster/2025,2026-07-20T00:58:08.601787+00:00,73,Kennesaw,GA,USA,2025
5,Lexi Yoza,S,JR,Notre Dame Prepartory,,Temple University,DI,American,American Conference,https://owlsports.com/sports/womens-volleyball/roster/2025,2026-07-20T00:58:08.601787+00:00,67,Scottsdale,AZ,USA,2025
6,Claudia Rivera,L/DS,FR,Colegio Puertoriqueño de Niñas,,Temple University,DI,American,American Conference,https://owlsports.com/sports/womens-volleyball/roster/2025,2026-07-20T00:58:08.601787+00:00,61,Guaynabo,,PR,2025
7,Mariyana Cardwell,OPP,FR,Monsignor Pace High School,,Temple University,DI,American,American Conference,https://owlsports.com/sports/womens-volleyball/roster/2025,2026-07-20T00:58:08.601787+00:00,73,Miami Gardens,FL,USA,2025
8,Qairo Bentley,OH,GR,Denver East HS,Boise State,Temple University,DI,American,American Conference,https://owlsports.com/sports/womens-volleyball/roster/2025,2026-07-20T00:58:08.601787+00:00,72,Denver,CO,USA,2025
9,Sofia Hardy,L/DS,JR,Independence,,Temple University,DI,American,American Conference,https://owlsports.com/sports/womens-volleyball/roster/2025,2026-07-20T00:58:08.601787+00:00,66,Ashburn,VA,USA,2025
10,Steel Sinai,MB,FR,Westview High School,,Temple University,DI,American,American Conference,https://owlsports.com/sports/womens-volleyball/roster/2025,2026-07-20T00:58:08.601787+00:00,75,Beaverton,OR,USA,2025
11,Maddie Metcalf,L/DS,FR,Bishop Shanahan High School,,Temple University,DI,American,American Conference,https://owlsports.com/sports/womens-volleyball/roster/2025,2026-07-20T00:58:08.601787+00:00,62,Glen Mills,PA,USA,2025
12,Ope Aladetimi,OH,FR,Lawrence E. Elkins High School,,Temple University,DI,American,American Conference,https://owlsports.com/sports/womens-volleyball/roster/2025,2026-07-20T00:58:08.601787+00:00,73,Sugar Land,TX,USA,2025
13,Leia Harper,OH,GR,,Georgia Tech,Temple University,DI,American,American Conference,https://owlsports.com/sports/womens-volleyball/roster/2025,2026-07-20T00:58:08.601787+00:00,74,Martinsburg,WV,USA,2025
14,Sofia Vega Lopez,OH,FR,Piaget Bilingual Academy,,Temple University,DI,American,American Conference,https://owlsports.com/sports/womens-volleyball/roster/2025,2026-07-20T00:58:08.601787+00:00,73,San Juan,,PR,2025
15,Makayla Batten,MB,FR,Methacton High School,,Temple University,DI,American,American Conference,https://owlsports.com/sports/womens-volleyball/roster/2025,2026-07-20T00:58:08.601787+00:00,75,Audubon,PA,USA,2025
16,Daniella Gonzalez Murati,S,FR,Colegio Adianez,,Temple University,DI,American,American Conference,https://owlsports.com/sports/womens-volleyball/roster/2025,2026-07-20T00:58:08.601787+00:00,72,Gurabo,,PR,2025
17,Alyssa Finister,MB,SR,Cypress Falls,East Carolina,Temple University,DI,American,American Conference,https://owlsports.com/sports/womens-volleyball/roster/2025,2026-07-20T00:58:08.601787+00:00,71,Houston,TX,USA,2025
19,Katie Hickey,MB,SR,Connetquot,Stony Brook,Temple University,DI,American,American Conference,https://owlsports.com/sports/womens-volleyball/roster/2025,2026-07-20T00:58:08.601787+00:00,74,Ronkonkoma,NY,USA,2025
20,Olivia Hummel,OH,JR,Green Level,,Temple University,DI,American,American Conference,https://owlsports.com/sports/womens-volleyball/roster/2025,2026-07-20T00:58:08.601787+00:00,72,Cary,NC,USA,2025
2,Kenna Buchanan,OH,JR,Midlothian HS,,Texas A&M University-Corpus Christi,DI,Southland,Southland Conference,https://goislanders.com/sports/womens-volleyball/roster/2025,2026-07-20T00:58:33.227360+00:00,69,Midlothian,TX,USA,2025
4,Alessia Gallo,L/DS,SR,Ettore Conti,,Texas A&M University-Corpus Christi,DI,Southland,Southland Conference,https://goislanders.com/sports/womens-volleyball/roster/2025,2026-07-20T00:58:33.227360+00:00,66,Milan,,Italy,2025
6,Kaitlyn Baumann,MB,SR,Morton HS,,Texas A&M University-Corpus Christi,DI,Southland,Southland Conference,https://goislanders.com/sports/womens-volleyball/roster/2025,2026-07-20T00:58:33.227360+00:00,72,Morton,IL,USA,2025
9,Simone Grieser,S,R-FR,North Creek HS,,Texas A&M University-Corpus Christi,DI,Southland,Southland Conference,https://goislanders.com/sports/womens-volleyball/roster/2025,2026-07-20T00:58:33.227360+00:00,72,Woodville,WA,USA,2025
10,Jaeda Rawls-Fletcher,MB,FR,Cypress Creek HS,,Texas A&M University-Corpus Christi,DI,Southland,Southland Conference,https://goislanders.com/sports/womens-volleyball/roster/2025,2026-07-20T00:58:33.227360+00:00,70,Houston,TX,USA,2025
13,Brooklyn Jaeger,OH,R-SO,Fayetteville ISD,,Texas A&M University-Corpus Christi,DI,Southland,Southland Conference,https://goislanders.com/sports/womens-volleyball/roster/2025,2026-07-20T00:58:33.227360+00:00,68,Fayetteville,TX,USA,2025
16,Ella Busey,OH,R-SO,Colleyville Heritage HS,,Texas A&M University-Corpus Christi,DI,Southland,Southland Conference,https://goislanders.com/sports/womens-volleyball/roster/2025,2026-07-20T00:58:33.227360+00:00,72,Colleyville,TX,USA,2025
17,Ava Hight,S,FR,Liberty Hill HS,,Texas A&M University-Corpus Christi,DI,Southland,Southland Conference,https://goislanders.com/sports/womens-volleyball/roster/2025,2026-07-20T00:58:33.227360+00:00,67,Liberty Hill,TX,USA,2025
22,Katelyn Krienke,MB,SR,Vista Ridge HS,,Texas A&M University-Corpus Christi,DI,Southland,Southland Conference,https://goislanders.com/sports/womens-volleyball/roster/2025,2026-07-20T00:58:33.227360+00:00,72,Cedar Park,TX,USA,2025
23,Virginia Van Der Werff,S,SO,Lansing HS,,Texas A&M University-Corpus Christi,DI,Southland,Southland Conference,https://goislanders.com/sports/womens-volleyball/roster/2025,2026-07-20T00:58:33.227360+00:00,71,Lansing,KS,USA,2025
39,Logan Dyer,OH,FR,Bosqueville HS,,Texas A&M University-Corpus Christi,DI,Southland,Southland Conference,https://goislanders.com/sports/womens-volleyball/roster/2025,2026-07-20T00:58:33.227360+00:00,77,Waco,TX,USA,2025
2,Lacey Kusiner,OH,FR,East View High,,Texas Southern University,DI,SWAC,Southwestern Athletic Conf.,https://tsusports.com/sports/womens-volleyball/roster/2025,2026-07-20T00:58:38.955336+00:00,71,Apple Valley,MN,USA,2025
7,Morgynne McQueen,MB,SO,Chisholm Trail,,Texas Southern University,DI,SWAC,Southwestern Athletic Conf.,https://tsusports.com/sports/womens-volleyball/roster/2025,2026-07-20T00:58:38.955336+00:00,74,Fort Worth,TX,USA,2025
8,Kennedi Walker,S,SO,Elkins,,Texas Southern University,DI,SWAC,Southwestern Athletic Conf.,https://tsusports.com/sports/womens-volleyball/roster/2025,2026-07-20T00:58:38.955336+00:00,68,Houston,TX,USA,2025
11,Ava Ray,S,JR,Riverside,,Texas Southern University,DI,SWAC,Southwestern Athletic Conf.,https://tsusports.com/sports/womens-volleyball/roster/2025,2026-07-20T00:58:38.955336+00:00,65,Leesburg,VA,USA,2025
16,Kadence Davison,S,FR,Ava High,,Texas Southern University,DI,SWAC,Southwestern Athletic Conf.,https://tsusports.com/sports/womens-volleyball/roster/2025,2026-07-20T00:58:38.955336+00:00,68,Saint Paul,MN,USA,2025
1,Ava Shankle,OPP,SO,,,The Ohio State University,DI,B10,Big Ten Conference,https://ohiostatebuckeyes.com/sports/womens-volleyball/roster/2025,2026-07-20T00:58:50.610489+00:00,72,Colleyville,TX,USA,2025
2,Ashley Carr,MB,R-SR,,,The Ohio State University,DI,B10,Big Ten Conference,https://ohiostatebuckeyes.com/sports/womens-volleyball/roster/2025,2026-07-20T00:58:50.610489+00:00,72,Glenview,IL,USA,2025
3,Ella Wrobel,OH,R-JR,,,The Ohio State University,DI,B10,Big Ten Conference,https://ohiostatebuckeyes.com/sports/womens-volleyball/roster/2025,2026-07-20T00:58:50.610489+00:00,76,Plainfield,IL,USA,2025
4,Kamiah Gibson,S,SR,,,The Ohio State University,DI,B10,Big Ten Conference,https://ohiostatebuckeyes.com/sports/womens-volleyball/roster/2025,2026-07-20T00:58:50.610489+00:00,73,Medina,OH,USA,2025
6,Olivia Hasbrook,L/DS,SO,,,The Ohio State University,DI,B10,Big Ten Conference,https://ohiostatebuckeyes.com/sports/womens-volleyball/roster/2025,2026-07-20T00:58:50.610489+00:00,68,Eureka,MO,USA,2025
8,Sydney Wyman,MB,R-SR,,,The Ohio State University,DI,B10,Big Ten Conference,https://ohiostatebuckeyes.com/sports/womens-volleyball/roster/2025,2026-07-20T00:58:50.610489+00:00,72,Auberry,CA,USA,2025
9,Mia Tuman,S,JR,,,The Ohio State University,DI,B10,Big Ten Conference,https://ohiostatebuckeyes.com/sports/womens-volleyball/roster/2025,2026-07-20T00:58:50.610489+00:00,72,Sewickley,PA,USA,2025
11,Na'Vea Gauthier,OH,FR,,,The Ohio State University,DI,B10,Big Ten Conference,https://ohiostatebuckeyes.com/sports/womens-volleyball/roster/2025,2026-07-20T00:58:50.610489+00:00,73,Shelby,MI,USA,2025
15,Kaitlyn Hoffman,L/DS,JR,,,The Ohio State University,DI,B10,Big Ten Conference,https://ohiostatebuckeyes.com/sports/womens-volleyball/roster/2025,2026-07-20T00:58:50.610489+00:00,68,Novi,MI,USA,2025
16,Mia Stahler,L/DS,FR,,,The Ohio State University,DI,B10,Big Ten Conference,https://ohiostatebuckeyes.com/sports/womens-volleyball/roster/2025,2026-07-20T00:58:50.610489+00:00,64,Zanesfield,OH,USA,2025
17,Reese Wuebker,OH,SO,,,The Ohio State University,DI,B10,Big Ten Conference,https://ohiostatebuckeyes.com/sports/womens-volleyball/roster/2025,2026-07-20T00:58:50.610489+00:00,69,Centerville,OH,USA,2025
18,Abby Yoder,S,SO,,,The Ohio State University,DI,B10,Big Ten Conference,https://ohiostatebuckeyes.com/sports/womens-volleyball/roster/2025,2026-07-20T00:58:50.610489+00:00,70,Loveland,OH,USA,2025
19,Kaia Castle,MB,R-FR,,,The Ohio State University,DI,B10,Big Ten Conference,https://ohiostatebuckeyes.com/sports/womens-volleyball/roster/2025,2026-07-20T00:58:50.610489+00:00,76,Montrose,MN,USA,2025
20,Hannah Jones,OH,JR,,,The Ohio State University,DI,B10,Big Ten Conference,https://ohiostatebuckeyes.com/sports/womens-volleyball/roster/2025,2026-07-20T00:58:50.610489+00:00,73,Millbrook,AL,USA,2025
21,Zaria Ragler,MB,R-JR,,,The Ohio State University,DI,B10,Big Ten Conference,https://ohiostatebuckeyes.com/sports/womens-volleyball/roster/2025,2026-07-20T00:58:50.610489+00:00,72,Gambrills,MD,USA,2025
23,Magdalena Juric,OPP,R-SR,,,The Ohio State University,DI,B10,Big Ten Conference,https://ohiostatebuckeyes.com/sports/womens-volleyball/roster/2025,2026-07-20T00:58:50.610489+00:00,76,Zadar,,Croatia,2025
24,Zeynep Belgutay,MB,FR,Sancaktepe Okyanus Koleji,,Towson University,DI,CAA,Coastal Athletic Association,https://towsontigers.com/sports/womens-volleyball/roster/2025,2026-07-20T00:59:08.256701+00:00,73,Istanbul,,Turkey,2025
1,Avery Burks,OH,JR,,,Tulane University,DI,American,American Conference,https://tulanegreenwave.com/sports/womens-volleyball/roster/2025,2026-07-20T00:59:13.960291+00:00,,Gilbert,AZ,USA,2025
2,Jordan White,MB,JR,,,Tulane University,DI,American,American Conference,https://tulanegreenwave.com/sports/womens-volleyball/roster/2025,2026-07-20T00:59:13.960291+00:00,,Suwanee,GA,USA,2025
3,Lily Wedman,S,FR,,,Tulane University,DI,American,American Conference,https://tulanegreenwave.com/sports/womens-volleyball/roster/2025,2026-07-20T00:59:13.960291+00:00,,Overland Park,KS,USA,2025
4,Fatima Samb,MB,GR,,,Tulane University,DI,American,American Conference,https://tulanegreenwave.com/sports/womens-volleyball/roster/2025,2026-07-20T00:59:13.960291+00:00,,Ponte Vedra,FL,USA,2025
5,Dayla Ortiz,L/DS,SO,,,Tulane University,DI,American,American Conference,https://tulanegreenwave.com/sports/womens-volleyball/roster/2025,2026-07-20T00:59:13.960291+00:00,,Marietta,GA,USA,2025
6,Maiella Blandin,MB,SO,,,Tulane University,DI,American,American Conference,https://tulanegreenwave.com/sports/womens-volleyball/roster/2025,2026-07-20T00:59:13.960291+00:00,,Farmington,CT,USA,2025
7,Lora Cole,MB,SO,,,Tulane University,DI,American,American Conference,https://tulanegreenwave.com/sports/womens-volleyball/roster/2025,2026-07-20T00:59:13.960291+00:00,,Natchitoches,LA,USA,2025
8,Ava Derbes,OPP,SR,,,Tulane University,DI,American,American Conference,https://tulanegreenwave.com/sports/womens-volleyball/roster/2025,2026-07-20T00:59:13.960291+00:00,,College Station,TX,USA,2025
9,Annabelle He,L/DS,SR,,,Tulane University,DI,American,American Conference,https://tulanegreenwave.com/sports/womens-volleyball/roster/2025,2026-07-20T00:59:13.960291+00:00,,Ridgewood,NJ,USA,2025
10,Piper Mickenheim,L/DS,FR,,,Tulane University,DI,American,American Conference,https://tulanegreenwave.com/sports/womens-volleyball/roster/2025,2026-07-20T00:59:13.960291+00:00,,Argyle,TX,USA,2025
11,Maddy McLin,MB,FR,,,Tulane University,DI,American,American Conference,https://tulanegreenwave.com/sports/womens-volleyball/roster/2025,2026-07-20T00:59:13.960291+00:00,,Alpharetta,GA,USA,2025
12,Katherine Crosley,S,SR,,,Tulane University,DI,American,American Conference,https://tulanegreenwave.com/sports/womens-volleyball/roster/2025,2026-07-20T00:59:13.960291+00:00,,Austin,TX,USA,2025
13,Lauryn Mack,OH,FR,,,Tulane University,DI,American,American Conference,https://tulanegreenwave.com/sports/womens-volleyball/roster/2025,2026-07-20T00:59:13.960291+00:00,,Fort Worth,TX,USA,2025
17,Ashley Sturzoiu,OH,JR,,,Tulane University,DI,American,American Conference,https://tulanegreenwave.com/sports/womens-volleyball/roster/2025,2026-07-20T00:59:13.960291+00:00,,Buford,GA,USA,2025
23,Sabrina Skyers,MB,GR,,,Tulane University,DI,American,American Conference,https://tulanegreenwave.com/sports/womens-volleyball/roster/2025,2026-07-20T00:59:13.960291+00:00,,West Orange,NJ,USA,2025
26,Zoe Rachow,S,JR,,,Tulane University,DI,American,American Conference,https://tulanegreenwave.com/sports/womens-volleyball/roster/2025,2026-07-20T00:59:13.960291+00:00,,Chula Vista,CA,USA,2025
33,Agata Beksha,OPP,R-JR,,,Tulane University,DI,American,American Conference,https://tulanegreenwave.com/sports/womens-volleyball/roster/2025,2026-07-20T00:59:13.960291+00:00,,Grodno,,Belarus,2025
53,Amelia Haggins,OH,SO,,,Tulane University,DI,American,American Conference,https://tulanegreenwave.com/sports/womens-volleyball/roster/2025,2026-07-20T00:59:13.960291+00:00,,Tallahassee,FL,USA,2025
2,Ally Alessio,L/DS,JR,Notre Dame Prep,,U.S. Naval Academy,DI,PL,Patriot League,https://navysports.com/sports/womens-volleyball/roster/2025,2026-07-20T00:59:22.259042+00:00,64,Scottsdale,AZ,USA,2025
4,Farrah Eike,OH,SO,Valor Christian,,U.S. Naval Academy,DI,PL,Patriot League,https://navysports.com/sports/womens-volleyball/roster/2025,2026-07-20T00:59:22.259042+00:00,72,Parker,CO,USA,2025
5,Arleigh Hanson,S,JR,West Potomac,,U.S. Naval Academy,DI,PL,Patriot League,https://navysports.com/sports/womens-volleyball/roster/2025,2026-07-20T00:59:22.259042+00:00,72,Alexandria,VA,USA,2025
6,Isa Boyd,S,SO,St. Pius X,,U.S. Naval Academy,DI,PL,Patriot League,https://navysports.com/sports/womens-volleyball/roster/2025,2026-07-20T00:59:22.259042+00:00,67,Atlanta,GA,USA,2025
7,Paige Buzzerio,OH,JR,Orange Lutheran,,U.S. Naval Academy,DI,PL,Patriot League,https://navysports.com/sports/womens-volleyball/roster/2025,2026-07-20T00:59:22.259042+00:00,74,Chino Hills,CA,USA,2025
9,Emerson Lionberger,MB,SO,Southwest,,U.S. Naval Academy,DI,PL,Patriot League,https://navysports.com/sports/womens-volleyball/roster/2025,2026-07-20T00:59:22.259042+00:00,72,Lincoln,NE,USA,2025
10,Caroline Buffum,OH,FR,Millbrook,,U.S. Naval Academy,DI,PL,Patriot League,https://navysports.com/sports/womens-volleyball/roster/2025,2026-07-20T00:59:22.259042+00:00,71,Raleigh,NC,USA,2025
11,Lainey Feighery,S,SR,Chantilly,,U.S. Naval Academy,DI,PL,Patriot League,https://navysports.com/sports/womens-volleyball/roster/2025,2026-07-20T00:59:22.259042+00:00,70,Herndon,VA,USA,2025
12,Ellen Gundlach,MB,FR,Loyola Academy,,U.S. Naval Academy,DI,PL,Patriot League,https://navysports.com/sports/womens-volleyball/roster/2025,2026-07-20T00:59:22.259042+00:00,72,Chicago,IL,USA,2025
13,Julia Humphrey,MB,SR,Northwest Guilford,,U.S. Naval Academy,DI,PL,Patriot League,https://navysports.com/sports/womens-volleyball/roster/2025,2026-07-20T00:59:22.259042+00:00,74,Stokesdale,NC,USA,2025
15,Baylee Doolan,L/DS,FR,North Hagerstown,,U.S. Naval Academy,DI,PL,Patriot League,https://navysports.com/sports/womens-volleyball/roster/2025,2026-07-20T00:59:22.259042+00:00,68,Hagerstown,MD,USA,2025
16,Caroline Kaye,OPP,FR,Montgomery,,U.S. Naval Academy,DI,PL,Patriot League,https://navysports.com/sports/womens-volleyball/roster/2025,2026-07-20T00:59:22.259042+00:00,72,Rockville,MD,USA,2025
17,Ava Toppin,MB,SR,Green Level,,U.S. Naval Academy,DI,PL,Patriot League,https://navysports.com/sports/womens-volleyball/roster/2025,2026-07-20T00:59:22.259042+00:00,71,Carolina Beach,NC,USA,2025
19,Anuhea Hauanio-Lore,OH,SR,‘Iolani School,,U.S. Naval Academy,DI,PL,Patriot League,https://navysports.com/sports/womens-volleyball/roster/2025,2026-07-20T00:59:22.259042+00:00,69,Honolulu,HI,USA,2025
21,Amara Chambers,L/DS,SO,Eno River Academy,,U.S. Naval Academy,DI,PL,Patriot League,https://navysports.com/sports/womens-volleyball/roster/2025,2026-07-20T00:59:22.259042+00:00,66,Hillsborough,NC,USA,2025
22,Grace Burgoyne,MB,JR,Notre Dame Academy,,U.S. Naval Academy,DI,PL,Patriot League,https://navysports.com/sports/womens-volleyball/roster/2025,2026-07-20T00:59:22.259042+00:00,76,Marshfield,MA,USA,2025
24,Siena Morgan,MB,FR,Village Christian,,U.S. Naval Academy,DI,PL,Patriot League,https://navysports.com/sports/womens-volleyball/roster/2025,2026-07-20T00:59:22.259042+00:00,71,Los Angeles,CA,USA,2025
2,Renee Jones,OPP,FR,IMG Academy,,University of Arizona,DI,B12,Big 12 Conference,https://arizonawildcats.com/sports/womens-volleyball/roster/2025,2026-07-20T00:59:39.730195+00:00,77,Fort Washington,MD,USA,2025
4,Maya Flemister,MB,FR,Arapahoe H.S.,,University of Arizona,DI,B12,Big 12 Conference,https://arizonawildcats.com/sports/womens-volleyball/roster/2025,2026-07-20T00:59:39.730195+00:00,75,Centennial,CO,USA,2025
5,Jordan Wilson,OH,SR,Hamilton H.S.,,University of Arizona,DI,B12,Big 12 Conference,https://arizonawildcats.com/sports/womens-volleyball/roster/2025,2026-07-20T00:59:39.730195+00:00,72,Gilbert,AZ,USA,2025
6,Avery Scoggins,S,SO,Middle Creek H.S.,,University of Arizona,DI,B12,Big 12 Conference,https://arizonawildcats.com/sports/womens-volleyball/roster/2025,2026-07-20T00:59:39.730195+00:00,72,New Bern,NC,USA,2025
7,Ana Heath,OPP,SR,Wylie H.S.,,University of Arizona,DI,B12,Big 12 Conference,https://arizonawildcats.com/sports/womens-volleyball/roster/2025,2026-07-20T00:59:39.730195+00:00,70,Murphy,TX,USA,2025
10,Britt Carlson,OPP,R-JR,East Ridge H.S.,,University of Arizona,DI,B12,Big 12 Conference,https://arizonawildcats.com/sports/womens-volleyball/roster/2025,2026-07-20T00:59:39.730195+00:00,76,Woodbury,MN,USA,2025
11,Paige Thies,OH,FR,Oregon City H.S.,,University of Arizona,DI,B12,Big 12 Conference,https://arizonawildcats.com/sports/womens-volleyball/roster/2025,2026-07-20T00:59:39.730195+00:00,74,Oregon City,OR,USA,2025
12,Carlie Cisneros,OH,SO,Liberty North H.S.,,University of Arizona,DI,B12,Big 12 Conference,https://arizonawildcats.com/sports/womens-volleyball/roster/2025,2026-07-20T00:59:39.730195+00:00,72,Kansas City,MO,USA,2025
13,Adrianna Bridges,MB,SO,Westminster Academy,,University of Arizona,DI,B12,Big 12 Conference,https://arizonawildcats.com/sports/womens-volleyball/roster/2025,2026-07-20T00:59:39.730195+00:00,76,Pembroke Pines,FL,USA,2025
14,Chloe Giehtbrock,S,FR,Marian H.S.,,University of Arizona,DI,B12,Big 12 Conference,https://arizonawildcats.com/sports/womens-volleyball/roster/2025,2026-07-20T00:59:39.730195+00:00,73,Clarkston,MI,USA,2025
22,Journey Tucker,MB,JR,Verrado H.S.,,University of Arizona,DI,B12,Big 12 Conference,https://arizonawildcats.com/sports/womens-volleyball/roster/2025,2026-07-20T00:59:39.730195+00:00,74,Buckeye,AZ,USA,2025
,Maggie McCarroll,S,FR,,,"University of Arkansas, Fayetteville",DI,SEC,Southeastern Conference,https://arkansasrazorbacks.com/sport/w-volley/roster//2025,2026-07-20T00:59:45.352064+00:00,72,Austin,TX,USA,2025
,Paisley Pavliska,OH,FR,,,"University of Arkansas, Fayetteville",DI,SEC,Southeastern Conference,https://arkansasrazorbacks.com/sport/w-volley/roster//2025,2026-07-20T00:59:45.352064+00:00,69,La Vernia,TX,USA,2025
,Layla Smith,MB,SR,,,"University of Arkansas, Fayetteville",DI,SEC,Southeastern Conference,https://arkansasrazorbacks.com/sport/w-volley/roster//2025,2026-07-20T00:59:45.352064+00:00,74,Houston,TX,USA,2025
,Elsie Law,MB,FR,,,"University of Arkansas, Fayetteville",DI,SEC,Southeastern Conference,https://arkansasrazorbacks.com/sport/w-volley/roster//2025,2026-07-20T00:59:45.352064+00:00,74,Salado,TX,USA,2025
,Madi Benne,L/DS,FR,,,"University of Arkansas, Fayetteville",DI,SEC,Southeastern Conference,https://arkansasrazorbacks.com/sport/w-volley/roster//2025,2026-07-20T00:59:45.352064+00:00,67,Lee's Summit,MO,USA,2025
,Bella Knoernschild,L/DS,FR,,,"University of Arkansas, Fayetteville",DI,SEC,Southeastern Conference,https://arkansasrazorbacks.com/sport/w-volley/roster//2025,2026-07-20T00:59:45.352064+00:00,66,Russellville,AR,USA,2025
,Laci Bohannan,OH,SR,,,"University of Arkansas, Fayetteville",DI,SEC,Southeastern Conference,https://arkansasrazorbacks.com/sport/w-volley/roster//2025,2026-07-20T00:59:45.352064+00:00,72,Benton,AR,USA,2025
,Journey Peppers,MB,SO,,,"University of Arkansas, Fayetteville",DI,SEC,Southeastern Conference,https://arkansasrazorbacks.com/sport/w-volley/roster//2025,2026-07-20T00:59:45.352064+00:00,76,Hensley,AR,USA,2025
,Parker Duncan,OH,SO,,,"University of Arkansas, Fayetteville",DI,SEC,Southeastern Conference,https://arkansasrazorbacks.com/sport/w-volley/roster//2025,2026-07-20T00:59:45.352064+00:00,73,Austin,TX,USA,2025
,Lakin Laurendine,OH,JR,,,"University of Arkansas, Fayetteville",DI,SEC,Southeastern Conference,https://arkansasrazorbacks.com/sport/w-volley/roster//2025,2026-07-20T00:59:45.352064+00:00,73,Jackson,MS,USA,2025
,Gaby Cornier,L/DS,JR,,,"University of Arkansas, Fayetteville",DI,SEC,Southeastern Conference,https://arkansasrazorbacks.com/sport/w-volley/roster//2025,2026-07-20T00:59:45.352064+00:00,66,Santurce,,Puerto Rico,2025
,Kiki Remensperger,S,JR,,,"University of Arkansas, Fayetteville",DI,SEC,Southeastern Conference,https://arkansasrazorbacks.com/sport/w-volley/roster//2025,2026-07-20T00:59:45.352064+00:00,69,San Diego,CA,USA,2025
,Livia Niu,S,JR,,,"University of Arkansas, Fayetteville",DI,SEC,Southeastern Conference,https://arkansasrazorbacks.com/sport/w-volley/roster//2025,2026-07-20T00:59:45.352064+00:00,73,Salado,TX,USA,2025
,Aleki Alexander,MB,R-SOPHOMORE,,,"University of Arkansas, Fayetteville",DI,SEC,Southeastern Conference,https://arkansasrazorbacks.com/sport/w-volley/roster//2025,2026-07-20T00:59:45.352064+00:00,74,Blue Springs,MO,USA,2025
,Romani Thurman,OPP,SR,,,"University of Arkansas, Fayetteville",DI,SEC,Southeastern Conference,https://arkansasrazorbacks.com/sport/w-volley/roster//2025,2026-07-20T00:59:45.352064+00:00,70,Little Rock,AR,USA,2025
,Ava Roth,L/DS,R-JUNIOR,,,"University of Arkansas, Fayetteville",DI,SEC,Southeastern Conference,https://arkansasrazorbacks.com/sport/w-volley/roster//2025,2026-07-20T00:59:45.352064+00:00,66,Festus,MO,USA,2025
,Lily Dudley,OH,R-JUNIOR,,,"University of Arkansas, Fayetteville",DI,SEC,Southeastern Conference,https://arkansasrazorbacks.com/sport/w-volley/roster//2025,2026-07-20T00:59:45.352064+00:00,71,Columbia,MO,USA,2025
2,Haley Reeves,OH,SO,Mansfield Lake Ridge HS,,"University of Arkansas, Pine Bluff",DI,SWAC,Southwestern Athletic Conf.,https://uapblionsroar.com/sports/womens-volleyball/roster/2025,2026-07-20T00:59:48.624646+00:00,,Mansfield,TX,USA,2025
3,Jada Shepherd,S,SO,John Horn HS,,"University of Arkansas, Pine Bluff",DI,SWAC,Southwestern Athletic Conf.,https://uapblionsroar.com/sports/womens-volleyball/roster/2025,2026-07-20T00:59:48.624646+00:00,,Dallas,TX,USA,2025
4,Trinity Gibbs,L/DS,FR,Belleville HS,,"University of Arkansas, Pine Bluff",DI,SWAC,Southwestern Athletic Conf.,https://uapblionsroar.com/sports/womens-volleyball/roster/2025,2026-07-20T00:59:48.624646+00:00,,Belleville,IL,USA,2025
5,Martyna Lubowicz,S,JR,Midland College,,"University of Arkansas, Pine Bluff",DI,SWAC,Southwestern Athletic Conf.,https://uapblionsroar.com/sports/womens-volleyball/roster/2025,2026-07-20T00:59:48.624646+00:00,,Opole,,Poland,2025
7,Ja'kira Brown,OH,SR,Madison Preparatory Academy,,"University of Arkansas, Pine Bluff",DI,SWAC,Southwestern Athletic Conf.,https://uapblionsroar.com/sports/womens-volleyball/roster/2025,2026-07-20T00:59:48.624646+00:00,,Baton Rouge,LA,USA,2025
9,Samantha Newman,OH,SR,Alvarado HS,,"University of Arkansas, Pine Bluff",DI,SWAC,Southwestern Athletic Conf.,https://uapblionsroar.com/sports/womens-volleyball/roster/2025,2026-07-20T00:59:48.624646+00:00,,Alvarado,TX,USA,2025
10,Ashanti Butler,MB,JR,Cypress Creek HS,,"University of Arkansas, Pine Bluff",DI,SWAC,Southwestern Athletic Conf.,https://uapblionsroar.com/sports/womens-volleyball/roster/2025,2026-07-20T00:59:48.624646+00:00,,Houston,TX,USA,2025
11,Marlina Anderson,MB,SO,North Central HS,,"University of Arkansas, Pine Bluff",DI,SWAC,Southwestern Athletic Conf.,https://uapblionsroar.com/sports/womens-volleyball/roster/2025,2026-07-20T00:59:48.624646+00:00,,Indianapolis,IN,USA,2025
18,MacKenzie McDowell,L/DS,SR,Fort Bend Austin HS,,"University of Arkansas, Pine Bluff",DI,SWAC,Southwestern Athletic Conf.,https://uapblionsroar.com/sports/womens-volleyball/roster/2025,2026-07-20T00:59:48.624646+00:00,,Sugar Land,TX,USA,2025
3,Ashleigh Woodruff,MB,JR,The Masters School/Stony Brook,,"University of California, Berkeley",DI,ACC,Atlantic Coast Conference,https://calbears.com/sports/womens-volleyball/roster/2025,2026-07-20T00:59:51.679547+00:00,75,Scarsdale,NY,USA,2025
7,Mikayla Hayden,MB,SR,Buford HS,,"University of California, Berkeley",DI,ACC,Atlantic Coast Conference,https://calbears.com/sports/womens-volleyball/roster/2025,2026-07-20T00:59:51.679547+00:00,73,Buford,GA,USA,2025
9,Annemarie O'Gara,OPP,FR,Xavier College Preparatory,,"University of California, Berkeley",DI,ACC,Atlantic Coast Conference,https://calbears.com/sports/womens-volleyball/roster/2025,2026-07-20T00:59:51.679547+00:00,74,Phoenix,AZ,USA,2025
10,Dominique Phills,OH,SO,Glenda Dawson HS/Iowa,,"University of California, Berkeley",DI,ACC,Atlantic Coast Conference,https://calbears.com/sports/womens-volleyball/roster/2025,2026-07-20T00:59:51.679547+00:00,73,Pearland,TX,USA,2025
11,Grace Agolli,OPP,R-FR,Pace Academy,,"University of California, Berkeley",DI,ACC,Atlantic Coast Conference,https://calbears.com/sports/womens-volleyball/roster/2025,2026-07-20T00:59:51.679547+00:00,73,Atlanta,GA,USA,2025
12,Natalie Lau,S,SR,St. Ignatius College Preparatory,,"University of California, Berkeley",DI,ACC,Atlantic Coast Conference,https://calbears.com/sports/womens-volleyball/roster/2025,2026-07-20T00:59:51.679547+00:00,72,Brisbane,CA,USA,2025
15,Sawyer Thomsen,MB,JR,Lawrence Free State HS,,"University of California, Berkeley",DI,ACC,Atlantic Coast Conference,https://calbears.com/sports/womens-volleyball/roster/2025,2026-07-20T00:59:51.679547+00:00,75,Lawrence,KS,USA,2025
17,Arissa Carbonara,OH,FR,Cuero High School,,"University of California, Berkeley",DI,ACC,Atlantic Coast Conference,https://calbears.com/sports/womens-volleyball/roster/2025,2026-07-20T00:59:51.679547+00:00,73,Cuero,TX,USA,2025
18,Ashley Li,OH,JR,Walnut HS,,"University of California, Berkeley",DI,ACC,Atlantic Coast Conference,https://calbears.com/sports/womens-volleyball/roster/2025,2026-07-20T00:59:51.679547+00:00,75,Diamond Bar,CA,USA,2025
30,Cherlin Antonio,OPP,R-SR,Luis Muñoz Rivera HS/Iowa Western/Syracuse,,"University of California, Berkeley",DI,ACC,Atlantic Coast Conference,https://calbears.com/sports/womens-volleyball/roster/2025,2026-07-20T00:59:51.679547+00:00,76,La Romana,,Dominican Republic,2025
42,Sophie Scott,MB,R-JR,The Catlin Gabel School,,"University of California, Berkeley",DI,ACC,Atlantic Coast Conference,https://calbears.com/sports/womens-volleyball/roster/2025,2026-07-20T00:59:51.679547+00:00,76,Portland,OR,USA,2025
55,Peyton DeJardin,OH,SR,Flintridge Sacred Heart Academy,,"University of California, Berkeley",DI,ACC,Atlantic Coast Conference,https://calbears.com/sports/womens-volleyball/roster/2025,2026-07-20T00:59:51.679547+00:00,73,Pasadena,CA,USA,2025
2,Mia Starr,S,JR,Central Catholic,,"University of California, Davis",DI,Big West,Big West Conference,https://ucdavisaggies.com/sports/womens-volleyball/roster/2025,2026-07-20T00:59:54.270542+00:00,70,Portland,OR,USA,2025
3,Laela Burgess,S,FR,San Luis Obispo,,"University of California, Davis",DI,Big West,Big West Conference,https://ucdavisaggies.com/sports/womens-volleyball/roster/2025,2026-07-20T00:59:54.270542+00:00,68,San Luis Obispo,CA,USA,2025
4,Jade Light,OH,SR,Pleasant Grove,,"University of California, Davis",DI,Big West,Big West Conference,https://ucdavisaggies.com/sports/womens-volleyball/roster/2025,2026-07-20T00:59:54.270542+00:00,74,Sloughhouse,CA,USA,2025
5,Rachel Dunagan,L/DS,JR,Ballard,,"University of California, Davis",DI,Big West,Big West Conference,https://ucdavisaggies.com/sports/womens-volleyball/roster/2025,2026-07-20T00:59:54.270542+00:00,70,Seattle,WA,USA,2025
9,Demi Cole,MB,SO,Romeoville,,"University of California, Davis",DI,Big West,Big West Conference,https://ucdavisaggies.com/sports/womens-volleyball/roster/2025,2026-07-20T00:59:54.270542+00:00,72,Romeoville,IL,USA,2025
10,Allie Caldwell,MB,JR,Sequoia,,"University of California, Davis",DI,Big West,Big West Conference,https://ucdavisaggies.com/sports/womens-volleyball/roster/2025,2026-07-20T00:59:54.270542+00:00,72,San Carlos,CA,USA,2025
11,Makena Morrison,L/DS,SR,Whittier Christian,,"University of California, Davis",DI,Big West,Big West Conference,https://ucdavisaggies.com/sports/womens-volleyball/roster/2025,2026-07-20T00:59:54.270542+00:00,67,Whittier,CA,USA,2025
12,Victoria Vanos,OH,SR,Hillsdale,,"University of California, Davis",DI,Big West,Big West Conference,https://ucdavisaggies.com/sports/womens-volleyball/roster/2025,2026-07-20T00:59:54.270542+00:00,72,San Mateo,CA,USA,2025
13,Ally Chandler,MB,JR,Del Oro,,"University of California, Davis",DI,Big West,Big West Conference,https://ucdavisaggies.com/sports/womens-volleyball/roster/2025,2026-07-20T00:59:54.270542+00:00,74,Loomis,CA,USA,2025
14,Ximena Cordero Barr,L/DS,SO,Otay Ranch,,"University of California, Davis",DI,Big West,Big West Conference,https://ucdavisaggies.com/sports/womens-volleyball/roster/2025,2026-07-20T00:59:54.270542+00:00,70,Tijuana,,Mexico,2025
15,Kendall Rogers,MB,SR,San Ramon Valley,,"University of California, Davis",DI,Big West,Big West Conference,https://ucdavisaggies.com/sports/womens-volleyball/roster/2025,2026-07-20T00:59:54.270542+00:00,74,Danville,CA,USA,2025
16,Brooke Hibino,OH,JR,Salinas,,"University of California, Davis",DI,Big West,Big West Conference,https://ucdavisaggies.com/sports/womens-volleyball/roster/2025,2026-07-20T00:59:54.270542+00:00,73,Salinas,CA,USA,2025
18,Haden Bones,S,SR,Whittier Christian,,"University of California, Davis",DI,Big West,Big West Conference,https://ucdavisaggies.com/sports/womens-volleyball/roster/2025,2026-07-20T00:59:54.270542+00:00,65,Whittier,CA,USA,2025
21,Reese Diersbock,OH,JR,Le Jardin Academy,,"University of California, Davis",DI,Big West,Big West Conference,https://ucdavisaggies.com/sports/womens-volleyball/roster/2025,2026-07-20T00:59:54.270542+00:00,72,Kailua,HI,USA,2025
1,McKynzee Beddes,OH,FR,Lone Peak HS,,"University of California, Riverside",DI,Big West,Big West Conference,https://gohighlanders.com/sports/womens-volleyball/roster/2025,2026-07-20T01:00:03.242238+00:00,71,Highland,UT,USA,2025
2,Makena Tong,S,SR,University Laboratory School,,"University of California, Riverside",DI,Big West,Big West Conference,https://gohighlanders.com/sports/womens-volleyball/roster/2025,2026-07-20T01:00:03.242238+00:00,66,Honolulu,,Hawai'i,2025
6,Mia Delahoussaye,OH,JR,South Hills HS,Bethune-Cookman,"University of California, Riverside",DI,Big West,Big West Conference,https://gohighlanders.com/sports/womens-volleyball/roster/2025,2026-07-20T01:00:03.242238+00:00,75,West Covina,CA,USA,2025
8,Jessica Dean,L/DS,SR,Hillsdale HS,,"University of California, Riverside",DI,Big West,Big West Conference,https://gohighlanders.com/sports/womens-volleyball/roster/2025,2026-07-20T01:00:03.242238+00:00,68,San Mateo,CA,USA,2025
9,Brianna Bowyer,OPP,JR,Bakersfield Christian HS,Bakersfield College,"University of California, Riverside",DI,Big West,Big West Conference,https://gohighlanders.com/sports/womens-volleyball/roster/2025,2026-07-20T01:00:03.242238+00:00,73,Bakersfield,CA,USA,2025
10,Rachel Schwartz,S,FR,Coronado HS,,"University of California, Riverside",DI,Big West,Big West Conference,https://gohighlanders.com/sports/womens-volleyball/roster/2025,2026-07-20T01:00:03.242238+00:00,70,Las Vegas,NV,USA,2025
11,Vanessa Imoh,OPP,SO,Torrance HS,North Dakota,"University of California, Riverside",DI,Big West,Big West Conference,https://gohighlanders.com/sports/womens-volleyball/roster/2025,2026-07-20T01:00:03.242238+00:00,71,Torrance,CA,USA,2025
12,Layla Hooks,MB,SR,Laguna Hills HS,New Mexico Highlands,"University of California, Riverside",DI,Big West,Big West Conference,https://gohighlanders.com/sports/womens-volleyball/roster/2025,2026-07-20T01:00:03.242238+00:00,74,Mission Viejo,CA,USA,2025
13,Nicole Hughes,OPP,JR,La Cañada HS,,"University of California, Riverside",DI,Big West,Big West Conference,https://gohighlanders.com/sports/womens-volleyball/roster/2025,2026-07-20T01:00:03.242238+00:00,72,La Cañada Flintridge,CA,USA,2025
15,Evelyn Hendrix,MB,SO,Whitney HS,Saint Mary's,"University of California, Riverside",DI,Big West,Big West Conference,https://gohighlanders.com/sports/womens-volleyball/roster/2025,2026-07-20T01:00:03.242238+00:00,74,Rocklin,CA,USA,2025
17,Izzy Jeffery,MB,SO,The Archer School for Girls,,"University of California, Riverside",DI,Big West,Big West Conference,https://gohighlanders.com/sports/womens-volleyball/roster/2025,2026-07-20T01:00:03.242238+00:00,71,Carson,CA,USA,2025
18,Kylie Proctor,MB,JR,Yucaipa HS,,"University of California, Riverside",DI,Big West,Big West Conference,https://gohighlanders.com/sports/womens-volleyball/roster/2025,2026-07-20T01:00:03.242238+00:00,75,Yucaipa,CA,USA,2025
19,Misu Nguyen,L/DS,SO,Yerba Buena HS,,"University of California, Riverside",DI,Big West,Big West Conference,https://gohighlanders.com/sports/womens-volleyball/roster/2025,2026-07-20T01:00:03.242238+00:00,64,San Jose,CA,USA,2025
20,Andrea Brewer,OH,JR,Rancho Cucamonga HS,Mt. SAC,"University of California, Riverside",DI,Big West,Big West Conference,https://gohighlanders.com/sports/womens-volleyball/roster/2025,2026-07-20T01:00:03.242238+00:00,68,Rancho Cucamonga,CA,USA,2025
23,Sophia Ewalefo,OH,SR,Bishop Gorman HS,New Orleans,"University of California, Riverside",DI,Big West,Big West Conference,https://gohighlanders.com/sports/womens-volleyball/roster/2025,2026-07-20T01:00:03.242238+00:00,70,Las Vegas,NV,USA,2025
1,Kiersten Schmitt,OH,,Beckman Catholic HS,Iowa State,"University of California, Santa Barbara",DI,Big West,Big West Conference,https://ucsbgauchos.com/sports/womens-volleyball/roster/2025,2026-07-20T01:00:08.550855+00:00,72,Epworth,IA,USA,2025
2,Sandrea Thomas,MB,,Archbishop Mitty HS,,"University of California, Santa Barbara",DI,Big West,Big West Conference,https://ucsbgauchos.com/sports/womens-volleyball/roster/2025,2026-07-20T01:00:08.550855+00:00,72,San Jose,CA,USA,2025
3,Ema Petkovic,OH,,Gimnazija Svetoza Markovic,,"University of California, Santa Barbara",DI,Big West,Big West Conference,https://ucsbgauchos.com/sports/womens-volleyball/roster/2025,2026-07-20T01:00:08.550855+00:00,74,Novi Sad,,Serbia,2025
4,Bianca Nistor,L/DS,,Wayzata HS,,"University of California, Santa Barbara",DI,Big West,Big West Conference,https://ucsbgauchos.com/sports/womens-volleyball/roster/2025,2026-07-20T01:00:08.550855+00:00,69,Plymouth,MN,USA,2025
5,Caroline Foraker,MB,,St. Francis HS,,"University of California, Santa Barbara",DI,Big West,Big West Conference,https://ucsbgauchos.com/sports/womens-volleyball/roster/2025,2026-07-20T01:00:08.550855+00:00,73,Davis,CA,USA,2025
7,Eva Travis,OH,,Laguna Beach HS,,"University of California, Santa Barbara",DI,Big West,Big West Conference,https://ucsbgauchos.com/sports/womens-volleyball/roster/2025,2026-07-20T01:00:08.550855+00:00,70,Aliso Viejo,CA,USA,2025
8,Milan Rex,S,,Alexandria City HS,,"University of California, Santa Barbara",DI,Big West,Big West Conference,https://ucsbgauchos.com/sports/womens-volleyball/roster/2025,2026-07-20T01:00:08.550855+00:00,70,Alexandria,VA,USA,2025
9,Cortni Youngblood,L/DS,,Lakewood HS,,"University of California, Santa Barbara",DI,Big West,Big West Conference,https://ucsbgauchos.com/sports/womens-volleyball/roster/2025,2026-07-20T01:00:08.550855+00:00,65,Los Angeles,CA,USA,2025
10,Kate Martin,OH,,Marymount HS,,"University of California, Santa Barbara",DI,Big West,Big West Conference,https://ucsbgauchos.com/sports/womens-volleyball/roster/2025,2026-07-20T01:00:08.550855+00:00,71,Mar Vista,CA,USA,2025
11,Layanna Green,MB,,Waukee HS,Northern Iowa,"University of California, Santa Barbara",DI,Big West,Big West Conference,https://ucsbgauchos.com/sports/womens-volleyball/roster/2025,2026-07-20T01:00:08.550855+00:00,72,Waukee,IA,USA,2025
12,Avery Gibbs,OPP,,Thompson Valley HS,,"University of California, Santa Barbara",DI,Big West,Big West Conference,https://ucsbgauchos.com/sports/womens-volleyball/roster/2025,2026-07-20T01:00:08.550855+00:00,73,Loveland,CO,USA,2025
14,Sophie Reavis,OH,,Laguna Beach HS,,"University of California, Santa Barbara",DI,Big West,Big West Conference,https://ucsbgauchos.com/sports/womens-volleyball/roster/2025,2026-07-20T01:00:08.550855+00:00,74,Laguna Beach,CA,USA,2025
15,Anna Boatner,MB,,Keller HS,,"University of California, Santa Barbara",DI,Big West,Big West Conference,https://ucsbgauchos.com/sports/womens-volleyball/roster/2025,2026-07-20T01:00:08.550855+00:00,77,Keller,TX,USA,2025
17,Michelle Zhao,S,,La Salle College Preparatory HS,Washington State,"University of California, Santa Barbara",DI,Big West,Big West Conference,https://ucsbgauchos.com/sports/womens-volleyball/roster/2025,2026-07-20T01:00:08.550855+00:00,68,Walnut,CA,USA,2025
18,Gabi Martinez,OH,,Cinco Ranch HS,,"University of California, Santa Barbara",DI,Big West,Big West Conference,https://ucsbgauchos.com/sports/womens-volleyball/roster/2025,2026-07-20T01:00:08.550855+00:00,71,Katy,TX,USA,2025
19,Ayva Ostovar,S,,Mater Dei HS,,"University of California, Santa Barbara",DI,Big West,Big West Conference,https://ucsbgauchos.com/sports/womens-volleyball/roster/2025,2026-07-20T01:00:08.550855+00:00,66,San Clemente,CA,USA,2025
22,Katrina Catalan,S,,Vista Murrieta HS,,"University of California, Santa Barbara",DI,Big West,Big West Conference,https://ucsbgauchos.com/sports/womens-volleyball/roster/2025,2026-07-20T01:00:08.550855+00:00,68,San Diego,CA,USA,2025
23,Jordyn Johnson,MB,,DeLaSalle HS,,"University of California, Santa Barbara",DI,Big West,Big West Conference,https://ucsbgauchos.com/sports/womens-volleyball/roster/2025,2026-07-20T01:00:08.550855+00:00,73,Saint Paul,MN,USA,2025
24,Grace Wuischpard,MB,,Monte Vista HS,,"University of California, Santa Barbara",DI,Big West,Big West Conference,https://ucsbgauchos.com/sports/womens-volleyball/roster/2025,2026-07-20T01:00:08.550855+00:00,74,Danville,CA,USA,2025
33,Emma McDermott,OH,,Redwood HS,,"University of California, Santa Barbara",DI,Big West,Big West Conference,https://ucsbgauchos.com/sports/womens-volleyball/roster/2025,2026-07-20T01:00:08.550855+00:00,74,Larkspur,CA,USA,2025
3,Karlyn Frazier,MB,SO,Summit HS,,University of Central Arkansas,DI,ASUN,Atlantic Sun Conference,https://ucasports.com/sports/womens-volleyball/roster/2025,2026-07-20T01:00:11.140483+00:00,73,Breckenridge,CO,USA,2025
4,Kennady Martindale,MB,FR,Montour HS,,University of Central Arkansas,DI,ASUN,Atlantic Sun Conference,https://ucasports.com/sports/womens-volleyball/roster/2025,2026-07-20T01:00:11.140483+00:00,73,Pittsburgh,PA,USA,2025
5,Cameron McDaniel,L/DS,FR,The Woodlands HS,,University of Central Arkansas,DI,ASUN,Atlantic Sun Conference,https://ucasports.com/sports/womens-volleyball/roster/2025,2026-07-20T01:00:11.140483+00:00,66,The Woodlands,TX,USA,2025
6,Caylan Koons,S,SR,Har Ber HS,,University of Central Arkansas,DI,ASUN,Atlantic Sun Conference,https://ucasports.com/sports/womens-volleyball/roster/2025,2026-07-20T01:00:11.140483+00:00,69,Springdale,AR,USA,2025
8,McKinzee Haas,MB,R-FR,Cabot HS,,University of Central Arkansas,DI,ASUN,Atlantic Sun Conference,https://ucasports.com/sports/womens-volleyball/roster/2025,2026-07-20T01:00:11.140483+00:00,76,Cabot,AR,USA,2025
9,Alexa Carranza,L/DS,SO,Pharr San Juan Alamo HS,,University of Central Arkansas,DI,ASUN,Atlantic Sun Conference,https://ucasports.com/sports/womens-volleyball/roster/2025,2026-07-20T01:00:11.140483+00:00,63,San Juan,TX,USA,2025
10,Ella Chaney,OH,SO,"Prosper, Texas",,University of Central Arkansas,DI,ASUN,Atlantic Sun Conference,https://ucasports.com/sports/womens-volleyball/roster/2025,2026-07-20T01:00:11.140483+00:00,74,Prosper,TX,USA,2025
11,Samantha Cousins,OH,SR,Memorial HS,,University of Central Arkansas,DI,ASUN,Atlantic Sun Conference,https://ucasports.com/sports/womens-volleyball/roster/2025,2026-07-20T01:00:11.140483+00:00,70,Houston,TX,USA,2025
12,Sarah Carnathan,OH,SR,"Flora, Miss.",,University of Central Arkansas,DI,ASUN,Atlantic Sun Conference,https://ucasports.com/sports/womens-volleyball/roster/2025,2026-07-20T01:00:11.140483+00:00,72,Flora,MS,USA,2025
13,Vivian Spradlin,OPP,FR,Bryant HS,,University of Central Arkansas,DI,ASUN,Atlantic Sun Conference,https://ucasports.com/sports/womens-volleyball/roster/2025,2026-07-20T01:00:11.140483+00:00,74,Bryant,AR,USA,2025
15,Brinley Burdette,MB,SR,"Collierville, Tenn.",,University of Central Arkansas,DI,ASUN,Atlantic Sun Conference,https://ucasports.com/sports/womens-volleyball/roster/2025,2026-07-20T01:00:11.140483+00:00,73,Collierville,TN,USA,2025
20,Greyson Button,MB,JR,Grapevine HS,,University of Central Arkansas,DI,ASUN,Atlantic Sun Conference,https://ucasports.com/sports/womens-volleyball/roster/2025,2026-07-20T01:00:11.140483+00:00,75,Grapevine,TX,USA,2025
22,Alexis McDaniel,L/DS,SR,The Woodlands College Park HS,,University of Central Arkansas,DI,ASUN,Atlantic Sun Conference,https://ucasports.com/sports/womens-volleyball/roster/2025,2026-07-20T01:00:11.140483+00:00,63,The Woodlands,TX,USA,2025
23,Sophie Skinner,S,SR,Fountain Lake HS,,University of Central Arkansas,DI,ASUN,Atlantic Sun Conference,https://ucasports.com/sports/womens-volleyball/roster/2025,2026-07-20T01:00:11.140483+00:00,70,Hot Springs,AR,USA,2025
2,Maggie Carley,S,JR,,,University of Connecticut,DI,Big East,Big East Conference,https://uconnhuskies.com/sports/womens-volleyball/roster/2025,2026-07-20T01:00:30.483275+00:00,,Trumbull,CT,USA,2025
3,Jess Perry,OPP,SR,,,University of Connecticut,DI,Big East,Big East Conference,https://uconnhuskies.com/sports/womens-volleyball/roster/2025,2026-07-20T01:00:30.483275+00:00,,Nashville,TN,USA,2025
4,Brenna Wyman,L/DS,SR,,,University of Connecticut,DI,Big East,Big East Conference,https://uconnhuskies.com/sports/womens-volleyball/roster/2025,2026-07-20T01:00:30.483275+00:00,,Louisville,KY,USA,2025
5,Ayva Cebollero,S,SR,,,University of Connecticut,DI,Big East,Big East Conference,https://uconnhuskies.com/sports/womens-volleyball/roster/2025,2026-07-20T01:00:30.483275+00:00,,Nocatee,FL,USA,2025
6,McKenna Brand,L/DS,SO,,,University of Connecticut,DI,Big East,Big East Conference,https://uconnhuskies.com/sports/womens-volleyball/roster/2025,2026-07-20T01:00:30.483275+00:00,,Lucas,TX,USA,2025
7,Eli Adams,MB,SR,,,University of Connecticut,DI,Big East,Big East Conference,https://uconnhuskies.com/sports/womens-volleyball/roster/2025,2026-07-20T01:00:30.483275+00:00,,Clarkston,MI,USA,2025
8,Dajah Williams,OH,SO,,,University of Connecticut,DI,Big East,Big East Conference,https://uconnhuskies.com/sports/womens-volleyball/roster/2025,2026-07-20T01:00:30.483275+00:00,,Williamstown,NJ,USA,2025
9,Anna Herman,MB,SO,,,University of Connecticut,DI,Big East,Big East Conference,https://uconnhuskies.com/sports/womens-volleyball/roster/2025,2026-07-20T01:00:30.483275+00:00,,Vincennes,IN,USA,2025
10,Olivia Pasternak,OH,FR,,,University of Connecticut,DI,Big East,Big East Conference,https://uconnhuskies.com/sports/womens-volleyball/roster/2025,2026-07-20T01:00:30.483275+00:00,,Oakville,,Ontario,2025
11,Doga Kutlu,S,GR,,,University of Connecticut,DI,Big East,Big East Conference,https://uconnhuskies.com/sports/womens-volleyball/roster/2025,2026-07-20T01:00:30.483275+00:00,,Ankara,,Turkey,2025
12,Emma Werkmeister,OH,SR,,,University of Connecticut,DI,Big East,Big East Conference,https://uconnhuskies.com/sports/womens-volleyball/roster/2025,2026-07-20T01:00:30.483275+00:00,,Victor,NY,USA,2025
13,Jordyn Hughes,MB,FR,,,University of Connecticut,DI,Big East,Big East Conference,https://uconnhuskies.com/sports/womens-volleyball/roster/2025,2026-07-20T01:00:30.483275+00:00,,Portage,MI,USA,2025
14,Loren Winn,OPP,SO,,,University of Connecticut,DI,Big East,Big East Conference,https://uconnhuskies.com/sports/womens-volleyball/roster/2025,2026-07-20T01:00:30.483275+00:00,,Dallas,TX,USA,2025
15,Grace Maria,OH,JR,,,University of Connecticut,DI,Big East,Big East Conference,https://uconnhuskies.com/sports/womens-volleyball/roster/2025,2026-07-20T01:00:30.483275+00:00,,Arlington,VA,USA,2025
16,Audrey Rome,MB,SR,,,University of Connecticut,DI,Big East,Big East Conference,https://uconnhuskies.com/sports/womens-volleyball/roster/2025,2026-07-20T01:00:30.483275+00:00,,Sandwich,IL,USA,2025
18,Hanna Tylska,OH,SR,,,University of Connecticut,DI,Big East,Big East Conference,https://uconnhuskies.com/sports/womens-volleyball/roster/2025,2026-07-20T01:00:30.483275+00:00,,Sroda Wielkopolska,,Poland,2025
19,Hailey Maes,MB,FR,,,University of Connecticut,DI,Big East,Big East Conference,https://uconnhuskies.com/sports/womens-volleyball/roster/2025,2026-07-20T01:00:30.483275+00:00,,Whippany,NJ,USA,2025
2,Emma Mirabelli,OH,SR,Traverse City Christian,,University of Denver,DI,Summit,The Summit League,https://denverpioneers.com/sports/womens-volleyball/roster/2025,2026-07-20T01:00:39.723499+00:00,73,Traverse City,MI,USA,2025
5,Izzy Rawlings,S,GR,John Paul II H.S.,,University of Denver,DI,Summit,The Summit League,https://denverpioneers.com/sports/womens-volleyball/roster/2025,2026-07-20T01:00:39.723499+00:00,71,Plano,TX,USA,2025
7,Elise Hart,MB,FR,Sacred Heart Academy,,University of Denver,DI,Summit,The Summit League,https://denverpioneers.com/sports/womens-volleyball/roster/2025,2026-07-20T01:00:39.723499+00:00,73,Louisville,KY,USA,2025
8,Quinlan Jones,OH,FR,Notre Dame H.S.,,University of Denver,DI,Summit,The Summit League,https://denverpioneers.com/sports/womens-volleyball/roster/2025,2026-07-20T01:00:39.723499+00:00,73,Santa Clara,CA,USA,2025
9,Hailey Goebel,OH,FR,St Thomas More H.S.,,University of Denver,DI,Summit,The Summit League,https://denverpioneers.com/sports/womens-volleyball/roster/2025,2026-07-20T01:00:39.723499+00:00,72,Franklin,WI,USA,2025
10,Ilayda Eren,S,SO,Lycée Français Pierre loti d'Istanbul,,University of Denver,DI,Summit,The Summit League,https://denverpioneers.com/sports/womens-volleyball/roster/2025,2026-07-20T01:00:39.723499+00:00,71,Istanbul,,Turkey,2025
11,Ava Reynolds,OH,SR,Ankeny H.S.,,University of Denver,DI,Summit,The Summit League,https://denverpioneers.com/sports/womens-volleyball/roster/2025,2026-07-20T01:00:39.723499+00:00,70,Ankeny,IA,USA,2025
16,Izabela Molina,MB,R-FR,Doral Academy Charter H.S.,,University of Denver,DI,Summit,The Summit League,https://denverpioneers.com/sports/womens-volleyball/roster/2025,2026-07-20T01:00:39.723499+00:00,75,Miami,FL,USA,2025
18,Jamia Johnson,OH,SO,Cedar Hill H.S.,,University of Denver,DI,Summit,The Summit League,https://denverpioneers.com/sports/womens-volleyball/roster/2025,2026-07-20T01:00:39.723499+00:00,73,Cedar Hill,TX,USA,2025
19,Alicia Thibodeau,OH,FR,Cégep de Sherbrooke,,University of Denver,DI,Summit,The Summit League,https://denverpioneers.com/sports/womens-volleyball/roster/2025,2026-07-20T01:00:39.723499+00:00,73,Cap-Sante,,Quebec,2025
21,Kate Perryman,MB,R-SR,North Forsyth H.S.,,University of Denver,DI,Summit,The Summit League,https://denverpioneers.com/sports/womens-volleyball/roster/2025,2026-07-20T01:00:39.723499+00:00,74,Cumming,GA,USA,2025
2,Jenna Heidbreder,OH,SO,Floyd Central HS,,University of Evansville,DI,MVC,Missouri Valley Conference,https://gopurpleaces.com/sports/womens-volleyball/roster/2025,2026-07-20T01:00:42.084623+00:00,72,Floyds Knobs,IN,USA,2025
3,Maddie Hawkins,L/DS,SR,Western Boone HS,,University of Evansville,DI,MVC,Missouri Valley Conference,https://gopurpleaces.com/sports/womens-volleyball/roster/2025,2026-07-20T01:00:42.084623+00:00,66,Lebanon,IN,USA,2025
4,Sabrina Ripple,MB,SO,Reynoldsburg HS,,University of Evansville,DI,MVC,Missouri Valley Conference,https://gopurpleaces.com/sports/womens-volleyball/roster/2025,2026-07-20T01:00:42.084623+00:00,72,Reynoldsburg,OH,USA,2025
5,Angelica Gonzalez Maltes,OH,JR,Lassiter HS,,University of Evansville,DI,MVC,Missouri Valley Conference,https://gopurpleaces.com/sports/womens-volleyball/roster/2025,2026-07-20T01:00:42.084623+00:00,71,Ponce,,Puerto Rico,2025
6,Lexi Owen,S,JR,Daviess County HS,,University of Evansville,DI,MVC,Missouri Valley Conference,https://gopurpleaces.com/sports/womens-volleyball/roster/2025,2026-07-20T01:00:42.084623+00:00,69,Owensboro,KY,USA,2025
8,Josdarilee Caraballo,OH,SO,Notre Dame HS,,University of Evansville,DI,MVC,Missouri Valley Conference,https://gopurpleaces.com/sports/womens-volleyball/roster/2025,2026-07-20T01:00:42.084623+00:00,72,Ceiba,,Puerto Rico,2025
9,Kora Ruff,S,SR,Pleasant Valley HS,,University of Evansville,DI,MVC,Missouri Valley Conference,https://gopurpleaces.com/sports/womens-volleyball/roster/2025,2026-07-20T01:00:42.084623+00:00,67,Bettendorf,IA,USA,2025
10,Brynne Krangnes,S,FR,Collierville HS,,University of Evansville,DI,MVC,Missouri Valley Conference,https://gopurpleaces.com/sports/womens-volleyball/roster/2025,2026-07-20T01:00:42.084623+00:00,68,Collierville,TN,USA,2025
11,Ainoah Cruz,L/DS,JR,"Arecibo, Puerto Rico",,University of Evansville,DI,MVC,Missouri Valley Conference,https://gopurpleaces.com/sports/womens-volleyball/roster/2025,2026-07-20T01:00:42.084623+00:00,63,Arecibo,,Puerto Rico,2025
12,Hinsley Everett,OH,FR,Norris City-Omaha-Enfield HS,,University of Evansville,DI,MVC,Missouri Valley Conference,https://gopurpleaces.com/sports/womens-volleyball/roster/2025,2026-07-20T01:00:42.084623+00:00,72,Norris City,IL,USA,2025
13,Holland Morris,OH,JR,Randall K. Cooper HS,,University of Evansville,DI,MVC,Missouri Valley Conference,https://gopurpleaces.com/sports/womens-volleyball/roster/2025,2026-07-20T01:00:42.084623+00:00,72,Florence,KY,USA,2025
14,Chloe Cline,MB,JR,Pleasant Valley HS,,University of Evansville,DI,MVC,Missouri Valley Conference,https://gopurpleaces.com/sports/womens-volleyball/roster/2025,2026-07-20T01:00:42.084623+00:00,73,Bettendorf,IA,USA,2025
15,Brooke Herdes,OH,FR,Mater Dei HS,,University of Evansville,DI,MVC,Missouri Valley Conference,https://gopurpleaces.com/sports/womens-volleyball/roster/2025,2026-07-20T01:00:42.084623+00:00,70,Evansville,IN,USA,2025
17,Ryan Scheu,OPP,FR,Memorial HS,,University of Evansville,DI,MVC,Missouri Valley Conference,https://gopurpleaces.com/sports/womens-volleyball/roster/2025,2026-07-20T01:00:42.084623+00:00,70,Evansville,IN,USA,2025
18,Makenzie Miller,MB,FR,Liberty North HS,,University of Evansville,DI,MVC,Missouri Valley Conference,https://gopurpleaces.com/sports/womens-volleyball/roster/2025,2026-07-20T01:00:42.084623+00:00,72,Kansas City,MO,USA,2025
20,Kendall Agler,L/DS,FR,Memorial HS,,University of Evansville,DI,MVC,Missouri Valley Conference,https://gopurpleaces.com/sports/womens-volleyball/roster/2025,2026-07-20T01:00:42.084623+00:00,63,Evansville,IN,USA,2025
21,McKenzie Laubach,MB,JR,Eastern Kentucky,,University of Evansville,DI,MVC,Missouri Valley Conference,https://gopurpleaces.com/sports/womens-volleyball/roster/2025,2026-07-20T01:00:42.084623+00:00,72,Sanford,FL,USA,2025
1,De'Andrea McMillian,MB,FR,,,University of Florida,DI,SEC,Southeastern Conference,https://floridagators.com/sports/womens-volleyball/roster/2025,2026-07-20T01:00:44.655101+00:00,,Mansfield,TX,USA,2025
3,Emerson Hoyle,L/DS,SR,,,University of Florida,DI,SEC,Southeastern Conference,https://floridagators.com/sports/womens-volleyball/roster/2025,2026-07-20T01:00:44.655101+00:00,,Arden,NC,USA,2025
4,Jaela Auguste,MB,SO,,,University of Florida,DI,SEC,Southeastern Conference,https://floridagators.com/sports/womens-volleyball/roster/2025,2026-07-20T01:00:44.655101+00:00,,Spring,TX,USA,2025
5,Alexis Stucky,S,R-JR,,,University of Florida,DI,SEC,Southeastern Conference,https://floridagators.com/sports/womens-volleyball/roster/2025,2026-07-20T01:00:44.655101+00:00,,Laramie,WY,USA,2025
6,Ella Vogel,L/DS,R-FR,,,University of Florida,DI,SEC,Southeastern Conference,https://floridagators.com/sports/womens-volleyball/roster/2025,2026-07-20T01:00:44.655101+00:00,,Aurora,CO,USA,2025
7,Emily Canaan,L/DS,SR,,,University of Florida,DI,SEC,Southeastern Conference,https://floridagators.com/sports/womens-volleyball/roster/2025,2026-07-20T01:00:44.655101+00:00,,Allen,TX,USA,2025
9,Aniya Madkin,OH,R-SO,,,University of Florida,DI,SEC,Southeastern Conference,https://floridagators.com/sports/womens-volleyball/roster/2025,2026-07-20T01:00:44.655101+00:00,,Clinton,MS,USA,2025
10,Milica Vidacic,OPP,FR,,,University of Florida,DI,SEC,Southeastern Conference,https://floridagators.com/sports/womens-volleyball/roster/2025,2026-07-20T01:00:44.655101+00:00,,Belgrade,,Serbia,2025
12,Kira Hutson,OH,R-FR,,,University of Florida,DI,SEC,Southeastern Conference,https://floridagators.com/sports/womens-volleyball/roster/2025,2026-07-20T01:00:44.655101+00:00,,Aurora,IL,USA,2025
13,Lily Hayes,L/DS,FR,,,University of Florida,DI,SEC,Southeastern Conference,https://floridagators.com/sports/womens-volleyball/roster/2025,2026-07-20T01:00:44.655101+00:00,,Tampa,FL,USA,2025
14,Jordyn Byrd,OH,R-SO,,,University of Florida,DI,SEC,Southeastern Conference,https://floridagators.com/sports/womens-volleyball/roster/2025,2026-07-20T01:00:44.655101+00:00,,Sarasota,FL,USA,2025
15,Madi Gravlee,OH,R-SO,,,University of Florida,DI,SEC,Southeastern Conference,https://floridagators.com/sports/womens-volleyball/roster/2025,2026-07-20T01:00:44.655101+00:00,,Vero Beach,FL,USA,2025
20,Taylor Parks,S,SO,,,University of Florida,DI,SEC,Southeastern Conference,https://floridagators.com/sports/womens-volleyball/roster/2025,2026-07-20T01:00:44.655101+00:00,,Clearwater,FL,USA,2025
21,Bella Lee,L/DS,SO,,,University of Florida,DI,SEC,Southeastern Conference,https://floridagators.com/sports/womens-volleyball/roster/2025,2026-07-20T01:00:44.655101+00:00,,Tampa,FL,USA,2025
24,Lauren Harden,OH,SO,,,University of Florida,DI,SEC,Southeastern Conference,https://floridagators.com/sports/womens-volleyball/roster/2025,2026-07-20T01:00:44.655101+00:00,,Fishers,IN,USA,2025
25,Alec Rothe,MB,SO,,,University of Florida,DI,SEC,Southeastern Conference,https://floridagators.com/sports/womens-volleyball/roster/2025,2026-07-20T01:00:44.655101+00:00,,Dublin,OH,USA,2025
55,Amaya Thomas,MB,SR,,,University of Florida,DI,SEC,Southeastern Conference,https://floridagators.com/sports/womens-volleyball/roster/2025,2026-07-20T01:00:44.655101+00:00,,Orlando,FL,USA,2025
4,Sara Hiebert,MB,SR,Molloy,,University of Idaho,DI,Big Sky,Big Sky Conference,https://govandals.com/sports/womens-volleyball/roster/2025,2026-07-20T01:00:56.311207+00:00,72,Goldendale,WA,USA,2025
5,Sarah Sullivan,OH,JR,Coronado HS,,University of Idaho,DI,Big Sky,Big Sky Conference,https://govandals.com/sports/womens-volleyball/roster/2025,2026-07-20T01:00:56.311207+00:00,71,Henderson,NV,USA,2025
6,Gabi Smith,MB,FR,Seattle Prep,,University of Idaho,DI,Big Sky,Big Sky Conference,https://govandals.com/sports/womens-volleyball/roster/2025,2026-07-20T01:00:56.311207+00:00,72,Issaquah,WA,USA,2025
9,Kiana Greer,OH,FR,Torrance HS,,University of Idaho,DI,Big Sky,Big Sky Conference,https://govandals.com/sports/womens-volleyball/roster/2025,2026-07-20T01:00:56.311207+00:00,68,Torrance,CA,USA,2025
10,Natalia Wielgus,S,JR,LKS Lódz,,University of Idaho,DI,Big Sky,Big Sky Conference,https://govandals.com/sports/womens-volleyball/roster/2025,2026-07-20T01:00:56.311207+00:00,73,Lódz,,Poland,2025
11,Koen Makaula,MB,JR,Punahou School,,University of Idaho,DI,Big Sky,Big Sky Conference,https://govandals.com/sports/womens-volleyball/roster/2025,2026-07-20T01:00:56.311207+00:00,70,Kailua,HI,USA,2025
15,Madu Fontes,OH,SR,Padre Machado,,University of Idaho,DI,Big Sky,Big Sky Conference,https://govandals.com/sports/womens-volleyball/roster/2025,2026-07-20T01:00:56.311207+00:00,72,Palmas Tocantins,,Brazil,2025
20,Zuzanna Whitman,MB,JR,Secondary School of Sports Championship,,University of Idaho,DI,Big Sky,Big Sky Conference,https://govandals.com/sports/womens-volleyball/roster/2025,2026-07-20T01:00:56.311207+00:00,73,Luban,,Poland,2025
21,Csenge Krakoczki,S,FR,Vehir-Vesc Sport Club,,University of Idaho,DI,Big Sky,Big Sky Conference,https://govandals.com/sports/womens-volleyball/roster/2025,2026-07-20T01:00:56.311207+00:00,70,Balatonfured,,Hungary,2025
22,Chloe Sanders,MB,FR,Helena HS,,University of Idaho,DI,Big Sky,Big Sky Conference,https://govandals.com/sports/womens-volleyball/roster/2025,2026-07-20T01:00:56.311207+00:00,73,Clancy,MT,USA,2025
23,Aleina Manaois,S,FR,Glendale HS,,University of Idaho,DI,Big Sky,Big Sky Conference,https://govandals.com/sports/womens-volleyball/roster/2025,2026-07-20T01:00:56.311207+00:00,68,Glendale,CA,USA,2025
1,Beatrice Carulli,OH,SR,Pacinotti-Archimede High School,,University of Illinois Chicago,DI,MVC,Missouri Valley Conference,https://uicflames.com/sports/womens-volleyball/roster/2025,2026-07-20T01:00:58.481236+00:00,70,Rome,,Italy,2025
2,Cleo Lorenzo,OH,SR,Elite,,University of Illinois Chicago,DI,MVC,Missouri Valley Conference,https://uicflames.com/sports/womens-volleyball/roster/2025,2026-07-20T01:00:58.481236+00:00,71,Belo Horizonte,,Brazil,2025
3,Francesca Venturini,S,SR,Liceo Classico Paolo Sarpi,,University of Illinois Chicago,DI,MVC,Missouri Valley Conference,https://uicflames.com/sports/womens-volleyball/roster/2025,2026-07-20T01:00:58.481236+00:00,71,Bergamo,,Italy,2025
4,Jada Young,L/DS,SR,Central,,University of Illinois Chicago,DI,MVC,Missouri Valley Conference,https://uicflames.com/sports/womens-volleyball/roster/2025,2026-07-20T01:00:58.481236+00:00,66,St. Paul,MN,USA,2025
5,Hannah Ditsworth,MB,R-SO,Bondurant-Farrar High School,,University of Illinois Chicago,DI,MVC,Missouri Valley Conference,https://uicflames.com/sports/womens-volleyball/roster/2025,2026-07-20T01:00:58.481236+00:00,74,Bondurant,IA,USA,2025
8,Tamara Kisic,OH,JR,,,University of Illinois Chicago,DI,MVC,Missouri Valley Conference,https://uicflames.com/sports/womens-volleyball/roster/2025,2026-07-20T01:00:58.481236+00:00,67,Belgrade,,Serbia,2025
9,Gabi Peter,OH,JR,Hampshire High School,,University of Illinois Chicago,DI,MVC,Missouri Valley Conference,https://uicflames.com/sports/womens-volleyball/roster/2025,2026-07-20T01:00:58.481236+00:00,72,Gilbert,IL,USA,2025
10,Mihaela Harizanova,S,R-SO,,,University of Illinois Chicago,DI,MVC,Missouri Valley Conference,https://uicflames.com/sports/womens-volleyball/roster/2025,2026-07-20T01:00:58.481236+00:00,72,Sofia,,Bulgaria,2025
11,Sasha Pellettieri,OH,FR,Instituto San Jose de Villa del Parque,,University of Illinois Chicago,DI,MVC,Missouri Valley Conference,https://uicflames.com/sports/womens-volleyball/roster/2025,2026-07-20T01:00:58.481236+00:00,70,Buenos Aires,,Argentina,2025
12,Hannah Howard,L/DS,JR,Saint Ursula Academy,,University of Illinois Chicago,DI,MVC,Missouri Valley Conference,https://uicflames.com/sports/womens-volleyball/roster/2025,2026-07-20T01:00:58.481236+00:00,65,Toledo,OH,USA,2025
13,Ayat Amin,OH,SR,Al Waha International School,,University of Illinois Chicago,DI,MVC,Missouri Valley Conference,https://uicflames.com/sports/womens-volleyball/roster/2025,2026-07-20T01:00:58.481236+00:00,71,Cairo,,Egypt,2025
16,Antonie Kelnárová,OH,SO,,,University of Illinois Chicago,DI,MVC,Missouri Valley Conference,https://uicflames.com/sports/womens-volleyball/roster/2025,2026-07-20T01:00:58.481236+00:00,70,Prague,,Czech Republic,2025
17,Jillian Gibbons,MB,SO,Lake Park,,University of Illinois Chicago,DI,MVC,Missouri Valley Conference,https://uicflames.com/sports/womens-volleyball/roster/2025,2026-07-20T01:00:58.481236+00:00,76,Roselle,IL,USA,2025
18,Ana Petrides,MB,FR,Maine South,,University of Illinois Chicago,DI,MVC,Missouri Valley Conference,https://uicflames.com/sports/womens-volleyball/roster/2025,2026-07-20T01:00:58.481236+00:00,74,Park Ridge,IL,USA,2025
19,Emma Colombari,OH,FR,,,University of Illinois Chicago,DI,MVC,Missouri Valley Conference,https://uicflames.com/sports/womens-volleyball/roster/2025,2026-07-20T01:00:58.481236+00:00,70,Bergamo,,Italy,2025
23,Mia Telechbush,L/DS,SO,Dunbar,,University of Illinois Chicago,DI,MVC,Missouri Valley Conference,https://uicflames.com/sports/womens-volleyball/roster/2025,2026-07-20T01:00:58.481236+00:00,65,Lexington,KY,USA,2025
24,Julieta Sandez,MB,SR,,,University of Illinois Chicago,DI,MVC,Missouri Valley Conference,https://uicflames.com/sports/womens-volleyball/roster/2025,2026-07-20T01:00:58.481236+00:00,76,Buenos Aires,,Argentina,2025
27,Ava Young,L/DS,FR,Hinsdale Central,,University of Illinois Chicago,DI,MVC,Missouri Valley Conference,https://uicflames.com/sports/womens-volleyball/roster/2025,2026-07-20T01:00:58.481236+00:00,67,Clarendon Hills,IL,USA,2025
1,Auburn Tomkinson,OPP,R-SO,Carlsbad HS,,University of Illinois Urbana-Champaign,DI,B10,Big Ten Conference,https://fightingillini.com/sports/womens-volleyball/roster/2025,2026-07-20T01:01:01.131008+00:00,77,Carlsbad,CA,USA,2025
2,Taryn Kirsch,L/DS,FR,Washington HS,,University of Illinois Urbana-Champaign,DI,B10,Big Ten Conference,https://fightingillini.com/sports/womens-volleyball/roster/2025,2026-07-20T01:01:01.131008+00:00,70,Sioux Falls,SD,USA,2025
3,Devin Dzienny,L/DS,FR,St. Ursula Academy,,University of Illinois Urbana-Champaign,DI,B10,Big Ten Conference,https://fightingillini.com/sports/womens-volleyball/roster/2025,2026-07-20T01:01:01.131008+00:00,68,Oregon,OH,USA,2025
4,Bianca May,S,SR,Carl Sandburg HS,,University of Illinois Urbana-Champaign,DI,B10,Big Ten Conference,https://fightingillini.com/sports/womens-volleyball/roster/2025,2026-07-20T01:01:01.131008+00:00,68,Orland Park,IL,USA,2025
5,Taylor de Boer,OH,R-SO,Okanagan Mission Secondary School,,University of Illinois Urbana-Champaign,DI,B10,Big Ten Conference,https://fightingillini.com/sports/womens-volleyball/roster/2025,2026-07-20T01:01:01.131008+00:00,76,Kelowna,,British Columbia,2025
6,Gabriella Pitcel,MB,FR,Mukwonago HS,,University of Illinois Urbana-Champaign,DI,B10,Big Ten Conference,https://fightingillini.com/sports/womens-volleyball/roster/2025,2026-07-20T01:01:01.131008+00:00,73,Mukwonago,WI,USA,2025
7,Kenna Phelan,S,JR,Fayetteville HS,,University of Illinois Urbana-Champaign,DI,B10,Big Ten Conference,https://fightingillini.com/sports/womens-volleyball/roster/2025,2026-07-20T01:01:01.131008+00:00,67,Fayetteville,AR,USA,2025
8,Averie Hernandez,OH,SR,Normal Community West HS,,University of Illinois Urbana-Champaign,DI,B10,Big Ten Conference,https://fightingillini.com/sports/womens-volleyball/roster/2025,2026-07-20T01:01:01.131008+00:00,74,Bloomington,IL,USA,2025
9,Kayla Burbage,MB,GR,Clayton HS,,University of Illinois Urbana-Champaign,DI,B10,Big Ten Conference,https://fightingillini.com/sports/womens-volleyball/roster/2025,2026-07-20T01:01:01.131008+00:00,76,Clayton,NC,USA,2025
10,Sophi Randall,S,FR,Dell Rapids HS,,University of Illinois Urbana-Champaign,DI,B10,Big Ten Conference,https://fightingillini.com/sports/womens-volleyball/roster/2025,2026-07-20T01:01:01.131008+00:00,72,Dell Rapids,SD,USA,2025
11,Cari Bohm,MB,SR,Skyline HS,,University of Illinois Urbana-Champaign,DI,B10,Big Ten Conference,https://fightingillini.com/sports/womens-volleyball/roster/2025,2026-07-20T01:01:01.131008+00:00,76,Ann Arbor,MI,USA,2025
13,Kenzie Cogan,L/DS,SO,Mount Notre Dame HS,,University of Illinois Urbana-Champaign,DI,B10,Big Ten Conference,https://fightingillini.com/sports/womens-volleyball/roster/2025,2026-07-20T01:01:01.131008+00:00,67,Cincinnati,OH,USA,2025
15,Gabby Dean,MB,R-SO,Columbus East HS,,University of Illinois Urbana-Champaign,DI,B10,Big Ten Conference,https://fightingillini.com/sports/womens-volleyball/roster/2025,2026-07-20T01:01:01.131008+00:00,76,Columbus,IN,USA,2025
17,Vivian Campbell,S,JR,Oswego East,,University of Illinois Urbana-Champaign,DI,B10,Big Ten Conference,https://fightingillini.com/sports/womens-volleyball/roster/2025,2026-07-20T01:01:01.131008+00:00,70,Oswego,IL,USA,2025
19,Alyssa Aguayo,OH,FR,Corona del Sol HS,,University of Illinois Urbana-Champaign,DI,B10,Big Ten Conference,https://fightingillini.com/sports/womens-volleyball/roster/2025,2026-07-20T01:01:01.131008+00:00,72,Phoenix,AZ,USA,2025
22,Ava Wysocki,OPP,FR,Stevenson HS,,University of Illinois Urbana-Champaign,DI,B10,Big Ten Conference,https://fightingillini.com/sports/womens-volleyball/roster/2025,2026-07-20T01:01:01.131008+00:00,72,Kildeer,IL,USA,2025
23,Lara Žigic,L/DS,FR,SPARTAK - Subotica,,University of Illinois Urbana-Champaign,DI,B10,Big Ten Conference,https://fightingillini.com/sports/womens-volleyball/roster/2025,2026-07-20T01:01:01.131008+00:00,63,Subotica,,Serbia,2025
1,Grace Nelson,,SO,River Forest HS,,University of Kansas,DI,B12,Big 12 Conference,https://kuathletics.com/sports/womens-volleyball/roster/2025,2026-07-20T01:01:13.956416+00:00,73,River Forest,IL,USA,2025
2,Kenzie Dean,,SO,Dowling Catholic HS,,University of Kansas,DI,B12,Big 12 Conference,https://kuathletics.com/sports/womens-volleyball/roster/2025,2026-07-20T01:01:13.956416+00:00,75,Johnston,IA,USA,2025
3,Raegan Burns,L/DS,JR,McCutcheon HS,,University of Kansas,DI,B12,Big 12 Conference,https://kuathletics.com/sports/womens-volleyball/roster/2025,2026-07-20T01:01:13.956416+00:00,65,Lafayette,IN,USA,2025
4,Rhian Swanson,,SR,McPherson HS,,University of Kansas,DI,B12,Big 12 Conference,https://kuathletics.com/sports/womens-volleyball/roster/2025,2026-07-20T01:01:13.956416+00:00,74,McPherson,KS,USA,2025
5,Selena Leban,,FR,Gimnazija Šiška,,University of Kansas,DI,B12,Big 12 Conference,https://kuathletics.com/sports/womens-volleyball/roster/2025,2026-07-20T01:01:13.956416+00:00,72,Nova Gorica,,Slovenia,2025
7,Katie Dalton,S,SR,Chaparral HS,,University of Kansas,DI,B12,Big 12 Conference,https://kuathletics.com/sports/womens-volleyball/roster/2025,2026-07-20T01:01:13.956416+00:00,73,Parker,CO,USA,2025
8,Ellie Moore,S,SO,Darien HS,,University of Kansas,DI,B12,Big 12 Conference,https://kuathletics.com/sports/womens-volleyball/roster/2025,2026-07-20T01:01:13.956416+00:00,69,Darien,CT,USA,2025
9,Jovana Zelenovic,,FR,OK Železnicar,,University of Kansas,DI,B12,Big 12 Conference,https://kuathletics.com/sports/womens-volleyball/roster/2025,2026-07-20T01:01:13.956416+00:00,79,Novi Sad,,Serbia,2025
10,Reese Ptacek,MB,SO,Prescott High School,,University of Kansas,DI,B12,Big 12 Conference,https://kuathletics.com/sports/womens-volleyball/roster/2025,2026-07-20T01:01:13.956416+00:00,75,Prescott,WI,USA,2025
11,Cristin Cline,S,SO,Hickory Grove Christian School,Oregon,University of Kansas,DI,B12,Big 12 Conference,https://kuathletics.com/sports/womens-volleyball/roster/2025,2026-07-20T01:01:13.956416+00:00,71,Stanfield,NC,USA,2025
12,Heidi Devers,L/DS,SO,Saint James Academy,,University of Kansas,DI,B12,Big 12 Conference,https://kuathletics.com/sports/womens-volleyball/roster/2025,2026-07-20T01:01:13.956416+00:00,64,Olathe,KS,USA,2025
15,Ellie Schneider,MB,JR,Metairie Country Day School,,University of Kansas,DI,B12,Big 12 Conference,https://kuathletics.com/sports/womens-volleyball/roster/2025,2026-07-20T01:01:13.956416+00:00,77,Metairie,LA,USA,2025
17,Aurora Papac,MB,FR,Sport Gymnasium Zagreb,,University of Kansas,DI,B12,Big 12 Conference,https://kuathletics.com/sports/womens-volleyball/roster/2025,2026-07-20T01:01:13.956416+00:00,76,Požega,,Croatia,2025
19,Molly McCarthy,L/DS,R-JR,Palm Desert HS,,University of Kansas,DI,B12,Big 12 Conference,https://kuathletics.com/sports/womens-volleyball/roster/2025,2026-07-20T01:01:13.956416+00:00,71,Rancho Mirage,CA,USA,2025
20,Brynn Kirsch,L/DS,SR,Lincoln HS,,University of Kansas,DI,B12,Big 12 Conference,https://kuathletics.com/sports/womens-volleyball/roster/2025,2026-07-20T01:01:13.956416+00:00,68,Sioux Falls,SD,USA,2025
22,Ryan White,L/DS,SR,Richland HS,Oregon State,University of Kansas,DI,B12,Big 12 Conference,https://kuathletics.com/sports/womens-volleyball/roster/2025,2026-07-20T01:01:13.956416+00:00,69,Richland,WA,USA,2025
24,Aisha Aiono,MB,JR,Liberty HS,,University of Kansas,DI,B12,Big 12 Conference,https://kuathletics.com/sports/womens-volleyball/roster/2025,2026-07-20T01:01:13.956416+00:00,75,Liberty,MO,USA,2025
25,Logan Bell,,FR,Roncalli HS,,University of Kansas,DI,B12,Big 12 Conference,https://kuathletics.com/sports/womens-volleyball/roster/2025,2026-07-20T01:01:13.956416+00:00,71,Beech Grove,IN,USA,2025
3,Amelia Piekut,OPP,SR,Lo Aleksandra Kaminskiego,,University of Louisiana Monroe,DI,SBC,Sun Belt Conference,https://ulmwarhawks.com/sports/womens-volleyball/roster/2025,2026-07-20T01:01:30.167358+00:00,71,Warsaw,,Poland,2025
4,Briana Raney,L/DS,R-JR,Oak Ridge,,University of Louisiana Monroe,DI,SBC,Sun Belt Conference,https://ulmwarhawks.com/sports/womens-volleyball/roster/2025,2026-07-20T01:01:30.167358+00:00,65,Spring,TX,USA,2025
6,Aniya Hall,OH,FR,Cornerstone Christian School,,University of Louisiana Monroe,DI,SBC,Sun Belt Conference,https://ulmwarhawks.com/sports/womens-volleyball/roster/2025,2026-07-20T01:01:30.167358+00:00,70,San Antonio,TX,USA,2025
7,Kenzie Behl,MB,JR,Buda Johnson,,University of Louisiana Monroe,DI,SBC,Sun Belt Conference,https://ulmwarhawks.com/sports/womens-volleyball/roster/2025,2026-07-20T01:01:30.167358+00:00,72,Buda,TX,USA,2025
10,Madison Derden,OH,FR,Conway HS,,University of Louisiana Monroe,DI,SBC,Sun Belt Conference,https://ulmwarhawks.com/sports/womens-volleyball/roster/2025,2026-07-20T01:01:30.167358+00:00,71,Conway,AR,USA,2025
12,Molly Muller,MB,FR,Acellus Academy,,University of Louisiana Monroe,DI,SBC,Sun Belt Conference,https://ulmwarhawks.com/sports/womens-volleyball/roster/2025,2026-07-20T01:01:30.167358+00:00,74,Gulfport,MS,USA,2025
13,Jaliyah Cohnes,OH,JR,Plant HS,,University of Louisiana Monroe,DI,SBC,Sun Belt Conference,https://ulmwarhawks.com/sports/womens-volleyball/roster/2025,2026-07-20T01:01:30.167358+00:00,71,Tampa,FL,USA,2025
15,Morgan Howard,S,JR,Colleyville Heritage,,University of Louisiana Monroe,DI,SBC,Sun Belt Conference,https://ulmwarhawks.com/sports/womens-volleyball/roster/2025,2026-07-20T01:01:30.167358+00:00,72,Grapevine,TX,USA,2025
17,Paige Meins,S,JR,Robinson Secondary,,University of Louisiana Monroe,DI,SBC,Sun Belt Conference,https://ulmwarhawks.com/sports/womens-volleyball/roster/2025,2026-07-20T01:01:30.167358+00:00,68,Fairfax,VA,USA,2025
19,Beril Celik,MB,JR,Okyanus Koleji,,University of Louisiana Monroe,DI,SBC,Sun Belt Conference,https://ulmwarhawks.com/sports/womens-volleyball/roster/2025,2026-07-20T01:01:30.167358+00:00,71,Izmir,,Turkey,2025
2,Gabrielle McCoy,OPP,SO,Eagles Landing High School,,University of Maryland Eastern Shore,DI,MEAC,Mid-Eastern Athletic Conf.,https://umeshawksports.com/sports/womens-volleyball/roster/2025,2026-07-20T01:01:40.088818+00:00,70,McDonough,GA,USA,2025
3,Kate-Linh Eden,S,JR,Arcellus Academy,,University of Maryland Eastern Shore,DI,MEAC,Mid-Eastern Athletic Conf.,https://umeshawksports.com/sports/womens-volleyball/roster/2025,2026-07-20T01:01:40.088818+00:00,72,Fort Worth,TX,USA,2025
4,Jocelyn Torres,S,SO,Georgetown Day School,,University of Maryland Eastern Shore,DI,MEAC,Mid-Eastern Athletic Conf.,https://umeshawksports.com/sports/womens-volleyball/roster/2025,2026-07-20T01:01:40.088818+00:00,67,Brookeville,MD,USA,2025
5,Alivia Proctor,L/DS,SO,Mountain Pointe High School,,University of Maryland Eastern Shore,DI,MEAC,Mid-Eastern Athletic Conf.,https://umeshawksports.com/sports/womens-volleyball/roster/2025,2026-07-20T01:01:40.088818+00:00,67,Phoenix,AZ,USA,2025
6,Margarette Vasquez,L/DS,FR,Gaithersburg High School,,University of Maryland Eastern Shore,DI,MEAC,Mid-Eastern Athletic Conf.,https://umeshawksports.com/sports/womens-volleyball/roster/2025,2026-07-20T01:01:40.088818+00:00,64,Gaithersburg,MD,USA,2025
7,Jayda Hutchins,S,FR,Liberty High School,,University of Maryland Eastern Shore,DI,MEAC,Mid-Eastern Athletic Conf.,https://umeshawksports.com/sports/womens-volleyball/roster/2025,2026-07-20T01:01:40.088818+00:00,67,Henderson,NV,USA,2025
9,Anjola Omolewa,MB,SR,Reservoir High School,,University of Maryland Eastern Shore,DI,MEAC,Mid-Eastern Athletic Conf.,https://umeshawksports.com/sports/womens-volleyball/roster/2025,2026-07-20T01:01:40.088818+00:00,70,Laurel,MD,USA,2025
12,Nkemjika Ikemefuna,OH,SR,Austin High School (Fort Bend),,University of Maryland Eastern Shore,DI,MEAC,Mid-Eastern Athletic Conf.,https://umeshawksports.com/sports/womens-volleyball/roster/2025,2026-07-20T01:01:40.088818+00:00,71,Richmond,TX,USA,2025
15,Jaelyn Stewart,L/DS,SO,Crofton High School,,University of Maryland Eastern Shore,DI,MEAC,Mid-Eastern Athletic Conf.,https://umeshawksports.com/sports/womens-volleyball/roster/2025,2026-07-20T01:01:40.088818+00:00,68,Crofton,MD,USA,2025
18,Lilliana Montes,MB,SO,Vista Murrieta High School,,University of Maryland Eastern Shore,DI,MEAC,Mid-Eastern Athletic Conf.,https://umeshawksports.com/sports/womens-volleyball/roster/2025,2026-07-20T01:01:40.088818+00:00,76,Murrieta,CA,USA,2025
1,Olivia Liermann,OH,JR,Lake City HS,,University of Montana,DI,Big Sky,Big Sky Conference,https://gogriz.com/sports/womens-volleyball/roster/2025,2026-07-20T01:02:18.898657+00:00,70,Coeur d'Alene,ID,USA,2025
2,Emma Williams,OH,SO,Jesuit HS,,University of Montana,DI,Big Sky,Big Sky Conference,https://gogriz.com/sports/womens-volleyball/roster/2025,2026-07-20T01:02:18.898657+00:00,72,Portland,OR,USA,2025
3,Grace Ryland,L/DS,R-FR,North Platte HS,,University of Montana,DI,Big Sky,Big Sky Conference,https://gogriz.com/sports/womens-volleyball/roster/2025,2026-07-20T01:02:18.898657+00:00,65,North Platte,NE,USA,2025
4,Josie Blazina,OH,SO,Belgrade HS,,University of Montana,DI,Big Sky,Big Sky Conference,https://gogriz.com/sports/womens-volleyball/roster/2025,2026-07-20T01:02:18.898657+00:00,69,Belgrade,MT,USA,2025
5,Alex Stone,OH,R-FR,San Juan Hills HS,,University of Montana,DI,Big Sky,Big Sky Conference,https://gogriz.com/sports/womens-volleyball/roster/2025,2026-07-20T01:02:18.898657+00:00,70,Austin,TX,USA,2025
6,Annika Wright,S,FR,Tahoma HS,,University of Montana,DI,Big Sky,Big Sky Conference,https://gogriz.com/sports/womens-volleyball/roster/2025,2026-07-20T01:02:18.898657+00:00,69,Maple Valley,WA,USA,2025
7,Alexis Batezel,L/DS,SR,Nevada State HS,,University of Montana,DI,Big Sky,Big Sky Conference,https://gogriz.com/sports/womens-volleyball/roster/2025,2026-07-20T01:02:18.898657+00:00,68,Las Vegas,NV,USA,2025
8,Maddie Pyles,OH,SR,Kennedale HS,,University of Montana,DI,Big Sky,Big Sky Conference,https://gogriz.com/sports/womens-volleyball/roster/2025,2026-07-20T01:02:18.898657+00:00,70,Fort Worth,TX,USA,2025
9,Gracie Cagle,S,JR,Reedy HS,,University of Montana,DI,Big Sky,Big Sky Conference,https://gogriz.com/sports/womens-volleyball/roster/2025,2026-07-20T01:02:18.898657+00:00,71,Frisco,TX,USA,2025
10,Delaney Russell,OH,SO,Valor Christian,,University of Montana,DI,Big Sky,Big Sky Conference,https://gogriz.com/sports/womens-volleyball/roster/2025,2026-07-20T01:02:18.898657+00:00,68,Denver,CO,USA,2025
11,Sophia Vella,MB,FR,San Ramon Valley HS,,University of Montana,DI,Big Sky,Big Sky Conference,https://gogriz.com/sports/womens-volleyball/roster/2025,2026-07-20T01:02:18.898657+00:00,73,Danville,CA,USA,2025
12,Madeline Sanderson,L/DS,FR,Lewis Palmer HS,,University of Montana,DI,Big Sky,Big Sky Conference,https://gogriz.com/sports/womens-volleyball/roster/2025,2026-07-20T01:02:18.898657+00:00,66,Colorado Springs,CO,USA,2025
13,Sydney Pierce,MB,SO,Billings West HS,,University of Montana,DI,Big Sky,Big Sky Conference,https://gogriz.com/sports/womens-volleyball/roster/2025,2026-07-20T01:02:18.898657+00:00,76,Billings,MT,USA,2025
16,Mylee Blake,OH,FR,West Albany HS,,University of Montana,DI,Big Sky,Big Sky Conference,https://gogriz.com/sports/womens-volleyball/roster/2025,2026-07-20T01:02:18.898657+00:00,73,Albany,OR,USA,2025
18,Olivia LaBeau,MB,GR,Billings Senior HS,,University of Montana,DI,Big Sky,Big Sky Conference,https://gogriz.com/sports/womens-volleyball/roster/2025,2026-07-20T01:02:18.898657+00:00,73,Billings,MT,USA,2025
20,Carley Spachman,MB,GR,Blue Valley North HS,,University of Montana,DI,Big Sky,Big Sky Conference,https://gogriz.com/sports/womens-volleyball/roster/2025,2026-07-20T01:02:18.898657+00:00,74,Leawood,KS,USA,2025
21,Halle Walker,OH,SO,Twin Falls HS,,University of Montana,DI,Big Sky,Big Sky Conference,https://gogriz.com/sports/womens-volleyball/roster/2025,2026-07-20T01:02:18.898657+00:00,69,Twin Falls,ID,USA,2025
22,Avery Merritt,OH,FR,Eastside Catholic HS,,University of Montana,DI,Big Sky,Big Sky Conference,https://gogriz.com/sports/womens-volleyball/roster/2025,2026-07-20T01:02:18.898657+00:00,73,Kirkland,WA,USA,2025
2,Julia Owens,S,SO,Corona del Sol,,University of Nebraska at Omaha,DI,Summit,The Summit League,https://omavs.com/sports/womens-volleyball/roster/2025,2026-07-20T01:02:21.434257+00:00,68,Tempe,AZ,USA,2025
3,Kali Jurgensmeier,OH,SR,Bishop Neumann,,University of Nebraska at Omaha,DI,Summit,The Summit League,https://omavs.com/sports/womens-volleyball/roster/2025,2026-07-20T01:02:21.434257+00:00,73,Wahoo,NE,USA,2025
4,Davis Guetterman,S,GR,Louisburg,,University of Nebraska at Omaha,DI,Summit,The Summit League,https://omavs.com/sports/womens-volleyball/roster/2025,2026-07-20T01:02:21.434257+00:00,68,Louisburg,KS,USA,2025
5,Faith Venable,OH,FR,Pius X,,University of Nebraska at Omaha,DI,Summit,The Summit League,https://omavs.com/sports/womens-volleyball/roster/2025,2026-07-20T01:02:21.434257+00:00,74,Lincoln,NE,USA,2025
8,Morgan DeBow,OH,SR,Blue Valley North,,University of Nebraska at Omaha,DI,Summit,The Summit League,https://omavs.com/sports/womens-volleyball/roster/2025,2026-07-20T01:02:21.434257+00:00,74,Overland Park,KS,USA,2025
10,Ella Tiarks,OPP,SO,Treynor,,University of Nebraska at Omaha,DI,Summit,The Summit League,https://omavs.com/sports/womens-volleyball/roster/2025,2026-07-20T01:02:21.434257+00:00,77,Treynor,IA,USA,2025
14,Jordyn Anderson,S,FR,Ludington,,University of Nebraska at Omaha,DI,Summit,The Summit League,https://omavs.com/sports/womens-volleyball/roster/2025,2026-07-20T01:02:21.434257+00:00,76,Ludington,MI,USA,2025
16,Emily Huss,MB,JR,Fairbury,,University of Nebraska at Omaha,DI,Summit,The Summit League,https://omavs.com/sports/womens-volleyball/roster/2025,2026-07-20T01:02:21.434257+00:00,77,Fairbury,NE,USA,2025
20,Makayla Tiahrt,L/DS,JR,O'Gorman,,University of Nebraska at Omaha,DI,Summit,The Summit League,https://omavs.com/sports/womens-volleyball/roster/2025,2026-07-20T01:02:21.434257+00:00,65,Sioux Falls,SD,USA,2025
23,Alizabeth Jacobsen,OH,SO,Underwood,,University of Nebraska at Omaha,DI,Summit,The Summit League,https://omavs.com/sports/womens-volleyball/roster/2025,2026-07-20T01:02:21.434257+00:00,75,Neola,IA,USA,2025
26,Torrey Tkach,MB,JR,Oxford,,University of Nebraska at Omaha,DI,Summit,The Summit League,https://omavs.com/sports/womens-volleyball/roster/2025,2026-07-20T01:02:21.434257+00:00,75,Oxford,MS,USA,2025
2,Maya Banks,OPP,FR,Chino Hills,,"University of Nevada, Las Vegas",DI,Mountain West,Mountain West Conference,https://unlvrebels.com/sports/womens-volleyball/roster/2025,2026-07-20T01:02:34.675399+00:00,73,Chino,CA,USA,2025
3,Tia Traudt,OH,FR,Grand Island HS,,"University of Nevada, Las Vegas",DI,Mountain West,Mountain West Conference,https://unlvrebels.com/sports/womens-volleyball/roster/2025,2026-07-20T01:02:34.675399+00:00,72,Grand Island,NE,USA,2025
4,Kaelynn Sims,MB,FR,Sachse,,"University of Nevada, Las Vegas",DI,Mountain West,Mountain West Conference,https://unlvrebels.com/sports/womens-volleyball/roster/2025,2026-07-20T01:02:34.675399+00:00,72,Garland,TX,USA,2025
8,Caleigh King,L/DS,JR,Southlake Carroll HS,,"University of Nevada, Las Vegas",DI,Mountain West,Mountain West Conference,https://unlvrebels.com/sports/womens-volleyball/roster/2025,2026-07-20T01:02:34.675399+00:00,66,Southlake,TX,USA,2025
9,Rheanna Deen-Jackson,MB,SO,Atascocita HS,,"University of Nevada, Las Vegas",DI,Mountain West,Mountain West Conference,https://unlvrebels.com/sports/womens-volleyball/roster/2025,2026-07-20T01:02:34.675399+00:00,73,Houston,TX,USA,2025
10,Alondra Alarcon,OH,SR,Saco Oliveros High School,,"University of Nevada, Las Vegas",DI,Mountain West,Mountain West Conference,https://unlvrebels.com/sports/womens-volleyball/roster/2025,2026-07-20T01:02:34.675399+00:00,71,Lima,,Peru,2025
11,Logan Lindsay,OPP,JR,Layton HS,,"University of Nevada, Las Vegas",DI,Mountain West,Mountain West Conference,https://unlvrebels.com/sports/womens-volleyball/roster/2025,2026-07-20T01:02:34.675399+00:00,74,Layton,UT,USA,2025
13,Alexa Ankerstar,S,FR,Round Rock HS,,"University of Nevada, Las Vegas",DI,Mountain West,Mountain West Conference,https://unlvrebels.com/sports/womens-volleyball/roster/2025,2026-07-20T01:02:34.675399+00:00,70,Round Rock,TX,USA,2025
14,Simi Elliott,MB,FR,Tompkins HS,,"University of Nevada, Las Vegas",DI,Mountain West,Mountain West Conference,https://unlvrebels.com/sports/womens-volleyball/roster/2025,2026-07-20T01:02:34.675399+00:00,73,Katy,TX,USA,2025
15,Jaida Harris,OH,R-SO,Lake Mead Christian Academy,,"University of Nevada, Las Vegas",DI,Mountain West,Mountain West Conference,https://unlvrebels.com/sports/womens-volleyball/roster/2025,2026-07-20T01:02:34.675399+00:00,74,Las Vegas,NV,USA,2025
16,Sloan Cleveland,L/DS,FR,Prestonwood Christian Academy,,"University of Nevada, Las Vegas",DI,Mountain West,Mountain West Conference,https://unlvrebels.com/sports/womens-volleyball/roster/2025,2026-07-20T01:02:34.675399+00:00,67,Prosper,TX,USA,2025
18,Brooklynn Williams,MB,FR,Bishop Gorman HS,,"University of Nevada, Las Vegas",DI,Mountain West,Mountain West Conference,https://unlvrebels.com/sports/womens-volleyball/roster/2025,2026-07-20T01:02:34.675399+00:00,71,Las Vegas,NV,USA,2025
19,Agata Makowska,S,JR,Enea Energetyk Poznan,,"University of Nevada, Las Vegas",DI,Mountain West,Mountain West Conference,https://unlvrebels.com/sports/womens-volleyball/roster/2025,2026-07-20T01:02:34.675399+00:00,70,Ponzan,,Poland,2025
20,Isha Knight,L/DS,GR,Kamehameha Kapalama HS,,"University of Nevada, Las Vegas",DI,Mountain West,Mountain West Conference,https://unlvrebels.com/sports/womens-volleyball/roster/2025,2026-07-20T01:02:34.675399+00:00,67,Miliani,HI,USA,2025
21,Basia Latos,OH,SO,School of Sports Championship,,"University of Nevada, Las Vegas",DI,Mountain West,Mountain West Conference,https://unlvrebels.com/sports/womens-volleyball/roster/2025,2026-07-20T01:02:34.675399+00:00,71,Lazy,,Poland,2025
22,Kaia Thiele,S,FR,Cornerstone Christian,,"University of Nevada, Las Vegas",DI,Mountain West,Mountain West Conference,https://unlvrebels.com/sports/womens-volleyball/roster/2025,2026-07-20T01:02:34.675399+00:00,71,San Antonio,TX,USA,2025
2,Mckaley Herr,OH,FR,Perry HS,,"University of Nevada, Reno",DI,Mountain West,Mountain West Conference,https://nevadawolfpack.com/sports/womens-volleyball/roster/2025,2026-07-20T01:02:37.607109+00:00,71,Gilbert,AZ,USA,2025
4,Bella Snyder,MB,SR,West Salem HS,,"University of Nevada, Reno",DI,Mountain West,Mountain West Conference,https://nevadawolfpack.com/sports/womens-volleyball/roster/2025,2026-07-20T01:02:37.607109+00:00,72,Salem,OR,USA,2025
7,Ceren Sert,MB,JR,TVF Sport,,"University of Nevada, Reno",DI,Mountain West,Mountain West Conference,https://nevadawolfpack.com/sports/womens-volleyball/roster/2025,2026-07-20T01:02:37.607109+00:00,73,Ankara,,Turkey,2025
11,Ambri Hanohano,S,R-FR,'Iolani School,,"University of Nevada, Reno",DI,Mountain West,Mountain West Conference,https://nevadawolfpack.com/sports/womens-volleyball/roster/2025,2026-07-20T01:02:37.607109+00:00,70,Honolulu,HI,USA,2025
12,Audrey Jensen,S,FR,Chaparral HS,,"University of Nevada, Reno",DI,Mountain West,Mountain West Conference,https://nevadawolfpack.com/sports/womens-volleyball/roster/2025,2026-07-20T01:02:37.607109+00:00,72,Parker,CO,USA,2025
15,Lara Pacheco,L/DS,SO,Reno HS,,"University of Nevada, Reno",DI,Mountain West,Mountain West Conference,https://nevadawolfpack.com/sports/womens-volleyball/roster/2025,2026-07-20T01:02:37.607109+00:00,68,Joao Pessoa,,Brasil,2025
16,Kamryn Tifft,OH,FR,Oaks Christian HS,,"University of Nevada, Reno",DI,Mountain West,Mountain West Conference,https://nevadawolfpack.com/sports/womens-volleyball/roster/2025,2026-07-20T01:02:37.607109+00:00,72,Thousand Oaks,CA,USA,2025
17,Alexa Ham,OH,FR,Bishop Gorman High School,,"University of Nevada, Reno",DI,Mountain West,Mountain West Conference,https://nevadawolfpack.com/sports/womens-volleyball/roster/2025,2026-07-20T01:02:37.607109+00:00,71,Las Vegas,NV,USA,2025
19,Jess Walkenhorst,OH,R-FR,Lakota West HS,,"University of Nevada, Reno",DI,Mountain West,Mountain West Conference,https://nevadawolfpack.com/sports/womens-volleyball/roster/2025,2026-07-20T01:02:37.607109+00:00,74,West Chester,OH,USA,2025
21,Haylee Brown,OH,JR,Maricopa HS,,"University of Nevada, Reno",DI,Mountain West,Mountain West Conference,https://nevadawolfpack.com/sports/womens-volleyball/roster/2025,2026-07-20T01:02:37.607109+00:00,74,Maricopa,AZ,USA,2025
2,Estrella Vazquez,S,FR,Baton Rouge Magnet HS,,University of New Orleans,DI,Southland,Southland Conference,https://privateersports.com/sports/womens-volleyball/roster/2025,2026-07-20T01:02:53.093654+00:00,67,Baton Rouge,LA,USA,2025
5,Ryan Williams,OH,JR,William B. Travis HS,,University of New Orleans,DI,Southland,Southland Conference,https://privateersports.com/sports/womens-volleyball/roster/2025,2026-07-20T01:02:53.093654+00:00,70,Richmond,TX,USA,2025
8,Defne Eciroglu,S,JR,Bahcesehir College,,University of New Orleans,DI,Southland,Southland Conference,https://privateersports.com/sports/womens-volleyball/roster/2025,2026-07-20T01:02:53.093654+00:00,69,Ankara,,Türkiye,2025
9,Celia Mbaya,OH,JR,Colby JC,,University of New Orleans,DI,Southland,Southland Conference,https://privateersports.com/sports/womens-volleyball/roster/2025,2026-07-20T01:02:53.093654+00:00,69,Saint Brieuc,,France,2025
11,Laura Piva,OH,JR,Hartford CC,,University of New Orleans,DI,Southland,Southland Conference,https://privateersports.com/sports/womens-volleyball/roster/2025,2026-07-20T01:02:53.093654+00:00,71,Trecate,,Italy,2025
12,Vanae Sapp,OH,GR,Dillard,,University of New Orleans,DI,Southland,Southland Conference,https://privateersports.com/sports/womens-volleyball/roster/2025,2026-07-20T01:02:53.093654+00:00,69,Austin,TX,USA,2025
13,Ania Anderson,OH,FR,Dutchtown HS,,University of New Orleans,DI,Southland,Southland Conference,https://privateersports.com/sports/womens-volleyball/roster/2025,2026-07-20T01:02:53.093654+00:00,70,Geismar,LA,USA,2025
21,Elani Ratchkovska,MB,JR,Etowah HS,,University of New Orleans,DI,Southland,Southland Conference,https://privateersports.com/sports/womens-volleyball/roster/2025,2026-07-20T01:02:53.093654+00:00,74,Woodstock,GA,USA,2025
2,Olivia Fenoff,OH,JR,Lake Mary HS,,University of North Alabama,DI,ASUN,Atlantic Sun Conference,https://roarlions.com/sports/wvball/roster/2025,2026-07-20T01:02:55.732149+00:00,72,Lake Mary,FL,USA,2025
3,Ally Greenwell,OH,FR,Independence HS,,University of North Alabama,DI,ASUN,Atlantic Sun Conference,https://roarlions.com/sports/wvball/roster/2025,2026-07-20T01:02:55.732149+00:00,68,Spring Hill,TN,USA,2025
4,Kinslee McGowan,S,SO,Cleveland HS,,University of North Alabama,DI,ASUN,Atlantic Sun Conference,https://roarlions.com/sports/wvball/roster/2025,2026-07-20T01:02:55.732149+00:00,70,Cleveland,TN,USA,2025
5,Lankford Gurner,L/DS,SO,Vestavia Hills HS,,University of North Alabama,DI,ASUN,Atlantic Sun Conference,https://roarlions.com/sports/wvball/roster/2025,2026-07-20T01:02:55.732149+00:00,67,Birmingham,AL,USA,2025
7,Kendall Barnes,OH,JR,Briarcrest Christian School,,University of North Alabama,DI,ASUN,Atlantic Sun Conference,https://roarlions.com/sports/wvball/roster/2025,2026-07-20T01:02:55.732149+00:00,73,Memphis,TN,USA,2025
10,Landri Ross,S,FR,Maclay School,,University of North Alabama,DI,ASUN,Atlantic Sun Conference,https://roarlions.com/sports/wvball/roster/2025,2026-07-20T01:02:55.732149+00:00,70,Tallahassee,FL,USA,2025
11,Reese Ricketts,OH,SO,Harrison HS,,University of North Alabama,DI,ASUN,Atlantic Sun Conference,https://roarlions.com/sports/wvball/roster/2025,2026-07-20T01:02:55.732149+00:00,74,Harrison,AR,USA,2025
14,Paris McQuirter,OH,FR,McGill Toolen HS,,University of North Alabama,DI,ASUN,Atlantic Sun Conference,https://roarlions.com/sports/wvball/roster/2025,2026-07-20T01:02:55.732149+00:00,70,Mobile,AL,USA,2025
15,Jenna Kolosta,MB,FR,Lockport HS,,University of North Alabama,DI,ASUN,Atlantic Sun Conference,https://roarlions.com/sports/wvball/roster/2025,2026-07-20T01:02:55.732149+00:00,74,Lockport,IL,USA,2025
24,Dylann Garner,OH,SO,Franklin HS,,University of North Alabama,DI,ASUN,Atlantic Sun Conference,https://roarlions.com/sports/wvball/roster/2025,2026-07-20T01:02:55.732149+00:00,74,Franklin,TN,USA,2025
25,Amelia Keating,MB,SO,Oakland HS,,University of North Alabama,DI,ASUN,Atlantic Sun Conference,https://roarlions.com/sports/wvball/roster/2025,2026-07-20T01:02:55.732149+00:00,74,Murfreesboro,TN,USA,2025
1,Marnie Ursem,MB,SO,Orewa College,,University of North Carolina Wilmington,DI,CAA,Coastal Athletic Association,https://uncwsports.com/sports/womens-volleyball/roster/2025,2026-07-20T01:03:02.397414+00:00,75,Auckland,,New Zealand,2025
2,Lauren Young,S,GR,Olentangy Berlin,Jacksonville,University of North Carolina Wilmington,DI,CAA,Coastal Athletic Association,https://uncwsports.com/sports/womens-volleyball/roster/2025,2026-07-20T01:03:02.397414+00:00,71,Delaware,OH,USA,2025
3,Macy Leyda,OH,SO,Cardinal Gibbons,,University of North Carolina Wilmington,DI,CAA,Coastal Athletic Association,https://uncwsports.com/sports/womens-volleyball/roster/2025,2026-07-20T01:03:02.397414+00:00,74,Apex,NC,USA,2025
4,Noe Gaeta,S,SR,Northwood,,University of North Carolina Wilmington,DI,CAA,Coastal Athletic Association,https://uncwsports.com/sports/womens-volleyball/roster/2025,2026-07-20T01:03:02.397414+00:00,69,Mooresville,NC,USA,2025
5,Morgan Esmie,L/DS,SO,Blessed Trinity,,University of North Carolina Wilmington,DI,CAA,Coastal Athletic Association,https://uncwsports.com/sports/womens-volleyball/roster/2025,2026-07-20T01:03:02.397414+00:00,66,Milton,GA,USA,2025
6,Azaria Sweet,L/DS,FR,Boone County,,University of North Carolina Wilmington,DI,CAA,Coastal Athletic Association,https://uncwsports.com/sports/womens-volleyball/roster/2025,2026-07-20T01:03:02.397414+00:00,65,Florence,KY,USA,2025
7,Sarah Thompson,OH,SR,Kellam,,University of North Carolina Wilmington,DI,CAA,Coastal Athletic Association,https://uncwsports.com/sports/womens-volleyball/roster/2025,2026-07-20T01:03:02.397414+00:00,70,Virginia Beach,VA,USA,2025
8,Meredith Keefer,OH,FR,Delone Catholic,,University of North Carolina Wilmington,DI,CAA,Coastal Athletic Association,https://uncwsports.com/sports/womens-volleyball/roster/2025,2026-07-20T01:03:02.397414+00:00,72,Hanover,PA,USA,2025
9,Maris Grant,S,JR,Coastal Christian,,University of North Carolina Wilmington,DI,CAA,Coastal Athletic Association,https://uncwsports.com/sports/womens-volleyball/roster/2025,2026-07-20T01:03:02.397414+00:00,71,Wilmington,NC,USA,2025
10,Larisa Lehtoranta,MB,SR,Ounasvaaran lukio,West Virginia State,University of North Carolina Wilmington,DI,CAA,Coastal Athletic Association,https://uncwsports.com/sports/womens-volleyball/roster/2025,2026-07-20T01:03:02.397414+00:00,73,Villahde,,Finland,2025
11,Olivia Heidel,S,SR,Hononegah Community High School,IUP,University of North Carolina Wilmington,DI,CAA,Coastal Athletic Association,https://uncwsports.com/sports/womens-volleyball/roster/2025,2026-07-20T01:03:02.397414+00:00,71,Roscoe,IL,USA,2025
12,Lilly Sullivan,MB,FR,South Western,,University of North Carolina Wilmington,DI,CAA,Coastal Athletic Association,https://uncwsports.com/sports/womens-volleyball/roster/2025,2026-07-20T01:03:02.397414+00:00,74,Hanover,PA,USA,2025
13,Rania Chimonides,MB,FR,Akropolis Lyceum,,University of North Carolina Wilmington,DI,CAA,Coastal Athletic Association,https://uncwsports.com/sports/womens-volleyball/roster/2025,2026-07-20T01:03:02.397414+00:00,74,Nicosia,,Cyprus,2025
14,Hannah Forbes,OH,R-JR,Northwood,,University of North Carolina Wilmington,DI,CAA,Coastal Athletic Association,https://uncwsports.com/sports/womens-volleyball/roster/2025,2026-07-20T01:03:02.397414+00:00,72,Pittsboro,NC,USA,2025
15,Lilly Kirtley-Peyton,L/DS,SR,Mortimer Jordan,,University of North Carolina Wilmington,DI,CAA,Coastal Athletic Association,https://uncwsports.com/sports/womens-volleyball/roster/2025,2026-07-20T01:03:02.397414+00:00,68,Birmingham,AL,USA,2025
16,Coley Shiflet,L/DS,R-FR,Southwestern Randolph,Houston,University of North Carolina Wilmington,DI,CAA,Coastal Athletic Association,https://uncwsports.com/sports/womens-volleyball/roster/2025,2026-07-20T01:03:02.397414+00:00,64,Asheboro,NC,USA,2025
18,Avery Markham,OH,R-SO,Apex Friendship,North Alabama,University of North Carolina Wilmington,DI,CAA,Coastal Athletic Association,https://uncwsports.com/sports/womens-volleyball/roster/2025,2026-07-20T01:03:02.397414+00:00,72,Apex,NC,USA,2025
20,Ayla Johnson,,GR,Hoggard,Georgia State,University of North Carolina Wilmington,DI,CAA,Coastal Athletic Association,https://uncwsports.com/sports/womens-volleyball/roster/2025,2026-07-20T01:03:02.397414+00:00,69,Wilmington,NC,USA,2025
0,Mackenzie Boyer,MB,R-SO,,,"University of North Carolina, Chapel Hill",DI,ACC,Atlantic Coast Conference,https://goheels.com/sports/womens-volleyball/roster/2025,2026-07-20T01:03:05.010380+00:00,,Austin,TX,USA,2025
1,Zoe Behrendt,S,JR,,,"University of North Carolina, Chapel Hill",DI,ACC,Atlantic Coast Conference,https://goheels.com/sports/womens-volleyball/roster/2025,2026-07-20T01:03:05.010380+00:00,,Whitefish Bay,WI,USA,2025
3,Lauren Schutter,MB,R-JR,,,"University of North Carolina, Chapel Hill",DI,ACC,Atlantic Coast Conference,https://goheels.com/sports/womens-volleyball/roster/2025,2026-07-20T01:03:05.010380+00:00,,Alma,KS,USA,2025
4,Erin Curtis,OH,SO,,,"University of North Carolina, Chapel Hill",DI,ACC,Atlantic Coast Conference,https://goheels.com/sports/womens-volleyball/roster/2025,2026-07-20T01:03:05.010380+00:00,,Los Altos,CA,USA,2025
5,Meghan Clifford,MB,R-FR,,,"University of North Carolina, Chapel Hill",DI,ACC,Atlantic Coast Conference,https://goheels.com/sports/womens-volleyball/roster/2025,2026-07-20T01:03:05.010380+00:00,,Fairport,NY,USA,2025
6,Julia Bohlinger,L/DS,SO,,,"University of North Carolina, Chapel Hill",DI,ACC,Atlantic Coast Conference,https://goheels.com/sports/womens-volleyball/roster/2025,2026-07-20T01:03:05.010380+00:00,,Windsor,CO,USA,2025
7,Sadie Swift,MB,SR,,,"University of North Carolina, Chapel Hill",DI,ACC,Atlantic Coast Conference,https://goheels.com/sports/womens-volleyball/roster/2025,2026-07-20T01:03:05.010380+00:00,,Austin,TX,USA,2025
8,Sienna Cozza,S,FR,,,"University of North Carolina, Chapel Hill",DI,ACC,Atlantic Coast Conference,https://goheels.com/sports/womens-volleyball/roster/2025,2026-07-20T01:03:05.010380+00:00,,Mars,PA,USA,2025
10,Bridget Malone,OH,FR,,,"University of North Carolina, Chapel Hill",DI,ACC,Atlantic Coast Conference,https://goheels.com/sports/womens-volleyball/roster/2025,2026-07-20T01:03:05.010380+00:00,,Highlands Ranch,CO,USA,2025
14,Emily Bobbitt,S,SO,,,"University of North Carolina, Chapel Hill",DI,ACC,Atlantic Coast Conference,https://goheels.com/sports/womens-volleyball/roster/2025,2026-07-20T01:03:05.010380+00:00,,Clayton,NC,USA,2025
21,Jackie Taylor,MB,SO,,,"University of North Carolina, Chapel Hill",DI,ACC,Atlantic Coast Conference,https://goheels.com/sports/womens-volleyball/roster/2025,2026-07-20T01:03:05.010380+00:00,,Miami,FL,USA,2025
22,Safi Hampton,OH,JR,,,"University of North Carolina, Chapel Hill",DI,ACC,Atlantic Coast Conference,https://goheels.com/sports/womens-volleyball/roster/2025,2026-07-20T01:03:05.010380+00:00,,Jessup,MD,USA,2025
23,Laynie Smith,OH,SO,,,"University of North Carolina, Chapel Hill",DI,ACC,Atlantic Coast Conference,https://goheels.com/sports/womens-volleyball/roster/2025,2026-07-20T01:03:05.010380+00:00,,Durham,NC,USA,2025
25,Maddy May,L/DS,SR,,,"University of North Carolina, Chapel Hill",DI,ACC,Atlantic Coast Conference,https://goheels.com/sports/womens-volleyball/roster/2025,2026-07-20T01:03:05.010380+00:00,,Winterville,NC,USA,2025
33,Hailey Pearce,OPP,JR,,,"University of North Carolina, Chapel Hill",DI,ACC,Atlantic Coast Conference,https://goheels.com/sports/womens-volleyball/roster/2025,2026-07-20T01:03:05.010380+00:00,,Charlotte,NC,USA,2025
36,Cadence Shea,OH,R-JR,,,"University of North Carolina, Chapel Hill",DI,ACC,Atlantic Coast Conference,https://goheels.com/sports/womens-volleyball/roster/2025,2026-07-20T01:03:05.010380+00:00,,Westlake,OH,USA,2025
77,Chelsea Thorpe,OH,R-JR,,,"University of North Carolina, Chapel Hill",DI,ACC,Atlantic Coast Conference,https://goheels.com/sports/womens-volleyball/roster/2025,2026-07-20T01:03:05.010380+00:00,,Chicago,IL,USA,2025
3,Kimanni Rugley,MB,FR,Pearland HS,,University of North Dakota,DI,Summit,The Summit League,https://fightinghawks.com/sports/womens-volleyball/roster/2025,2026-07-20T01:03:07.629426+00:00,72,Pearland,TX,USA,2025
4,An den Hamer,OPP,SO,Veluws College Walterbosch,,University of North Dakota,DI,Summit,The Summit League,https://fightinghawks.com/sports/womens-volleyball/roster/2025,2026-07-20T01:03:07.629426+00:00,72,Apeldoorn,,Netherlands,2025
5,Matthea Dalton,OH,FR,Fremont HS,,University of North Dakota,DI,Summit,The Summit League,https://fightinghawks.com/sports/womens-volleyball/roster/2025,2026-07-20T01:03:07.629426+00:00,69,Fremont,NE,USA,2025
8,Lauren Perugini,OH,JR,St. Marcellinus Secondary,,University of North Dakota,DI,Summit,The Summit League,https://fightinghawks.com/sports/womens-volleyball/roster/2025,2026-07-20T01:03:07.629426+00:00,71,Mississauga,,Ontario,2025
9,Reagan McIntosh,S,SO,Verona Area HS,,University of North Dakota,DI,Summit,The Summit League,https://fightinghawks.com/sports/womens-volleyball/roster/2025,2026-07-20T01:03:07.629426+00:00,72,Verona,WI,USA,2025
11,Marianna Rivera,MB,SO,Williamston HS,,University of North Dakota,DI,Summit,The Summit League,https://fightinghawks.com/sports/womens-volleyball/roster/2025,2026-07-20T01:03:07.629426+00:00,76,Williamston,MI,USA,2025
12,Olivia Edlund,OH,R-SO,Vauxhall HS,,University of North Dakota,DI,Summit,The Summit League,https://fightinghawks.com/sports/womens-volleyball/roster/2025,2026-07-20T01:03:07.629426+00:00,74,Barnwell,,Alberta,2025
15,Paige Barber,OH,SR,Brecksville-Broadview Heights HS,,University of North Dakota,DI,Summit,The Summit League,https://fightinghawks.com/sports/womens-volleyball/roster/2025,2026-07-20T01:03:07.629426+00:00,72,Brecksville,OH,USA,2025
16,Vanessa Washington,MB,SO,Kell HS,,University of North Dakota,DI,Summit,The Summit League,https://fightinghawks.com/sports/womens-volleyball/roster/2025,2026-07-20T01:03:07.629426+00:00,72,Marietta,GA,USA,2025
19,Katie Paez,L/DS,JR,Bishop Gorman HS,,University of North Dakota,DI,Summit,The Summit League,https://fightinghawks.com/sports/womens-volleyball/roster/2025,2026-07-20T01:03:07.629426+00:00,65,Las Vegas,NV,USA,2025
21,Sadie White,S,FR,Mountain Ridge HS,,University of North Dakota,DI,Summit,The Summit League,https://fightinghawks.com/sports/womens-volleyball/roster/2025,2026-07-20T01:03:07.629426+00:00,68,Herriman,UT,USA,2025
22,Ava Galvan,MB,FR,Agoura Hills HS,,University of North Dakota,DI,Summit,The Summit League,https://fightinghawks.com/sports/womens-volleyball/roster/2025,2026-07-20T01:03:07.629426+00:00,75,Agoura Hills,CA,USA,2025
23,Kelly Kelsick,L/DS,FR,Shadow Creek HS,,University of North Dakota,DI,Summit,The Summit League,https://fightinghawks.com/sports/womens-volleyball/roster/2025,2026-07-20T01:03:07.629426+00:00,68,Pearland,TX,USA,2025
1,Sofia Dawson,S,FR,Marist,,University of North Florida,DI,ASUN,Atlantic Sun Conference,https://unfospreys.com/sports/womens-volleyball/roster/2025,2026-07-20T01:03:10.348772+00:00,73,Atlanta,GA,USA,2025
2,Kailey McKnight,OH,GR,St. Lucie West Centennial,,University of North Florida,DI,ASUN,Atlantic Sun Conference,https://unfospreys.com/sports/womens-volleyball/roster/2025,2026-07-20T01:03:10.348772+00:00,70,Port St. Lucie,FL,USA,2025
3,Dakota Spurrier,OH,R-FR,Indian Hill,,University of North Florida,DI,ASUN,Atlantic Sun Conference,https://unfospreys.com/sports/womens-volleyball/roster/2025,2026-07-20T01:03:10.348772+00:00,73,Cincinnati,OH,USA,2025
4,Maymie Guthrie,L/DS,SR,Nolensville,,University of North Florida,DI,ASUN,Atlantic Sun Conference,https://unfospreys.com/sports/womens-volleyball/roster/2025,2026-07-20T01:03:10.348772+00:00,66,Nolensville,TN,USA,2025
5,Katelyn Bowman,MB,FR,Allen,,University of North Florida,DI,ASUN,Atlantic Sun Conference,https://unfospreys.com/sports/womens-volleyball/roster/2025,2026-07-20T01:03:10.348772+00:00,72,Allen,TX,USA,2025
6,Janelly Ceopa,OH,GR,Saco Oliveros,Miami Dade College,University of North Florida,DI,ASUN,Atlantic Sun Conference,https://unfospreys.com/sports/womens-volleyball/roster/2025,2026-07-20T01:03:10.348772+00:00,70,Lima,,Peru,2025
7,Kacey Kazmierski,S,SO,Lake Travis,,University of North Florida,DI,ASUN,Atlantic Sun Conference,https://unfospreys.com/sports/womens-volleyball/roster/2025,2026-07-20T01:03:10.348772+00:00,72,Lakeway,TX,USA,2025
8,Mackenzie Piester,OPP,SR,La Costa Canyon,,University of North Florida,DI,ASUN,Atlantic Sun Conference,https://unfospreys.com/sports/womens-volleyball/roster/2025,2026-07-20T01:03:10.348772+00:00,75,San Diego,CA,USA,2025
9,Haleina Bowers,MB,FR,Queen Creek,,University of North Florida,DI,ASUN,Atlantic Sun Conference,https://unfospreys.com/sports/womens-volleyball/roster/2025,2026-07-20T01:03:10.348772+00:00,76,Queen Creek,AZ,USA,2025
10,Fallon Humphries,OH,FR,Madison Ridgeland Academy,,University of North Florida,DI,ASUN,Atlantic Sun Conference,https://unfospreys.com/sports/womens-volleyball/roster/2025,2026-07-20T01:03:10.348772+00:00,73,Ridgeland,MS,USA,2025
11,Yarimar Francis Garay,MB,JR,Saint Francis,,University of North Florida,DI,ASUN,Atlantic Sun Conference,https://unfospreys.com/sports/womens-volleyball/roster/2025,2026-07-20T01:03:10.348772+00:00,73,Carolina,,Puerto Rico,2025
12,Leah McDonald,OH,FR,Bishop Moore Catholic,,University of North Florida,DI,ASUN,Atlantic Sun Conference,https://unfospreys.com/sports/womens-volleyball/roster/2025,2026-07-20T01:03:10.348772+00:00,71,Orlando,FL,USA,2025
13,Kaili Doctor,OH,JR,Pine-Richland,Eastern Michigan / North Carolina A&T,University of North Florida,DI,ASUN,Atlantic Sun Conference,https://unfospreys.com/sports/womens-volleyball/roster/2025,2026-07-20T01:03:10.348772+00:00,71,Pittsburgh,PA,USA,2025
18,Julianna Santiago,L/DS,R-FR,Battle Ground Academy,Tennessee,University of North Florida,DI,ASUN,Atlantic Sun Conference,https://unfospreys.com/sports/womens-volleyball/roster/2025,2026-07-20T01:03:10.348772+00:00,64,Spring Hill,TN,USA,2025
19,Emma Pohlmann,L/DS,JR,Chelsea,,University of North Florida,DI,ASUN,Atlantic Sun Conference,https://unfospreys.com/sports/womens-volleyball/roster/2025,2026-07-20T01:03:10.348772+00:00,69,Chelsea,AL,USA,2025
21,Evelina Gerogianni,S,R-FR,Moraitis School,Oregon,University of North Florida,DI,ASUN,Atlantic Sun Conference,https://unfospreys.com/sports/womens-volleyball/roster/2025,2026-07-20T01:03:10.348772+00:00,69,Athens,,Greece,2025
23,Kierstyn McFall,MB,SR,Klein,,University of North Florida,DI,ASUN,Atlantic Sun Conference,https://unfospreys.com/sports/womens-volleyball/roster/2025,2026-07-20T01:03:10.348772+00:00,76,Klein,TX,USA,2025
27,Kendall Newbold,OPP,FR,Global Impact Academy,,University of North Florida,DI,ASUN,Atlantic Sun Conference,https://unfospreys.com/sports/womens-volleyball/roster/2025,2026-07-20T01:03:10.348772+00:00,75,Atlanta,GA,USA,2025
1,Taryn Rice,L/DS,R-SO,,,University of Northern Iowa,DI,MVC,Missouri Valley Conference,https://unipanthers.com/sports/womens-volleyball/roster/2025,2026-07-20T01:03:19.696595+00:00,,Northville,MI,USA,2025
2,Cassidy Hartman,OH,JR,,,University of Northern Iowa,DI,MVC,Missouri Valley Conference,https://unipanthers.com/sports/womens-volleyball/roster/2025,2026-07-20T01:03:19.696595+00:00,,North Liberty,IA,USA,2025
3,Kiana Landers,MB,FR,,,University of Northern Iowa,DI,MVC,Missouri Valley Conference,https://unipanthers.com/sports/womens-volleyball/roster/2025,2026-07-20T01:03:19.696595+00:00,,Chandler,AZ,USA,2025
5,Molly Shafer,OH,FR,,,University of Northern Iowa,DI,MVC,Missouri Valley Conference,https://unipanthers.com/sports/womens-volleyball/roster/2025,2026-07-20T01:03:19.696595+00:00,,Eddyville,IA,USA,2025
6,Reese Booth,S,SO,,,University of Northern Iowa,DI,MVC,Missouri Valley Conference,https://unipanthers.com/sports/womens-volleyball/roster/2025,2026-07-20T01:03:19.696595+00:00,,Omaha,NE,USA,2025
8,Lindsay Oldendorf,MB,SR,,,University of Northern Iowa,DI,MVC,Missouri Valley Conference,https://unipanthers.com/sports/womens-volleyball/roster/2025,2026-07-20T01:03:19.696595+00:00,,Homer Glen,IL,USA,2025
10,Maryn Bixby,MB,R-FR,,,University of Northern Iowa,DI,MVC,Missouri Valley Conference,https://unipanthers.com/sports/womens-volleyball/roster/2025,2026-07-20T01:03:19.696595+00:00,,Dike,IA,USA,2025
11,Isabelle Elliott,OH,R-FR,,,University of Northern Iowa,DI,MVC,Missouri Valley Conference,https://unipanthers.com/sports/womens-volleyball/roster/2025,2026-07-20T01:03:19.696595+00:00,,Sumner,IA,USA,2025
12,Kate Shafer,S,FR,,,University of Northern Iowa,DI,MVC,Missouri Valley Conference,https://unipanthers.com/sports/womens-volleyball/roster/2025,2026-07-20T01:03:19.696595+00:00,,Eddyville,IA,USA,2025
13,Calia Clubb,OPP,SR,,,University of Northern Iowa,DI,MVC,Missouri Valley Conference,https://unipanthers.com/sports/womens-volleyball/roster/2025,2026-07-20T01:03:19.696595+00:00,,Tiffin,IA,USA,2025
14,Sophie Buysse,L/DS,FR,,,University of Northern Iowa,DI,MVC,Missouri Valley Conference,https://unipanthers.com/sports/womens-volleyball/roster/2025,2026-07-20T01:03:19.696595+00:00,,West Liberty,IA,USA,2025
15,Lily Dykstra,OH,JR,,,University of Northern Iowa,DI,MVC,Missouri Valley Conference,https://unipanthers.com/sports/womens-volleyball/roster/2025,2026-07-20T01:03:19.696595+00:00,,Urbandale,IA,USA,2025
16,Grace Hannam,MB,FR,,,University of Northern Iowa,DI,MVC,Missouri Valley Conference,https://unipanthers.com/sports/womens-volleyball/roster/2025,2026-07-20T01:03:19.696595+00:00,,Cedar Falls,IA,USA,2025
18,Sydney Golden,S,SR,,,University of Northern Iowa,DI,MVC,Missouri Valley Conference,https://unipanthers.com/sports/womens-volleyball/roster/2025,2026-07-20T01:03:19.696595+00:00,,Nixa,MO,USA,2025
19,Payton Askelsen,L/DS,FR,,,University of Northern Iowa,DI,MVC,Missouri Valley Conference,https://unipanthers.com/sports/womens-volleyball/roster/2025,2026-07-20T01:03:19.696595+00:00,,Cambridge,IA,USA,2025
20,Kamryn Vogt,OPP,R-FR,,,University of Northern Iowa,DI,MVC,Missouri Valley Conference,https://unipanthers.com/sports/womens-volleyball/roster/2025,2026-07-20T01:03:19.696595+00:00,,Urbandale,IA,USA,2025
21,Jadyn Petersen,L/DS,R-FR,,,University of Northern Iowa,DI,MVC,Missouri Valley Conference,https://unipanthers.com/sports/womens-volleyball/roster/2025,2026-07-20T01:03:19.696595+00:00,,Dike,IA,USA,2025
22,Kaitlyn Sellner,MB,R-SO,,,University of Northern Iowa,DI,MVC,Missouri Valley Conference,https://unipanthers.com/sports/womens-volleyball/roster/2025,2026-07-20T01:03:19.696595+00:00,,Eagan,MN,USA,2025
3,Abigail Reid,L/DS,SR,Nazareth Academy,,University of Pennsylvania,DI,IVY,The Ivy League,https://pennathletics.com/sports/womens-volleyball/roster/2025,2026-07-20T01:03:40.151526+00:00,68,Clarendon Hills,IL,USA,2025
4,Jenniya Lane,OPP,SO,Episcopal,,University of Pennsylvania,DI,IVY,The Ivy League,https://pennathletics.com/sports/womens-volleyball/roster/2025,2026-07-20T01:03:40.151526+00:00,73,Houston,TX,USA,2025
5,Jalen Tennyson,MB,SR,Marlborough School,,University of Pennsylvania,DI,IVY,The Ivy League,https://pennathletics.com/sports/womens-volleyball/roster/2025,2026-07-20T01:03:40.151526+00:00,74,Los Angeles,CA,USA,2025
7,Nathalie Tsai,S,FR,Chamblee,,University of Pennsylvania,DI,IVY,The Ivy League,https://pennathletics.com/sports/womens-volleyball/roster/2025,2026-07-20T01:03:40.151526+00:00,67,Atlanta,GA,USA,2025
8,Zada Sanger,OH,JR,Berkeley,,University of Pennsylvania,DI,IVY,The Ivy League,https://pennathletics.com/sports/womens-volleyball/roster/2025,2026-07-20T01:03:40.151526+00:00,73,Berkeley,CA,USA,2025
9,Haley Kerstetter,MB,FR,Hebron,,University of Pennsylvania,DI,IVY,The Ivy League,https://pennathletics.com/sports/womens-volleyball/roster/2025,2026-07-20T01:03:40.151526+00:00,73,Frisco,TX,USA,2025
10,Feyi Ogunlari,OH,SR,Rockwell,,University of Pennsylvania,DI,IVY,The Ivy League,https://pennathletics.com/sports/womens-volleyball/roster/2025,2026-07-20T01:03:40.151526+00:00,70,Heath,TX,USA,2025
11,Elsa McDermott,L/DS,JR,Catlin Gabel School,,University of Pennsylvania,DI,IVY,The Ivy League,https://pennathletics.com/sports/womens-volleyball/roster/2025,2026-07-20T01:03:40.151526+00:00,67,Portland,OR,USA,2025
12,Emery Moore,S,SO,North Central,,University of Pennsylvania,DI,IVY,The Ivy League,https://pennathletics.com/sports/womens-volleyball/roster/2025,2026-07-20T01:03:40.151526+00:00,70,Indianapolis,IN,USA,2025
13,Adell Murray,MB,SO,Stephen F. Austin HS,,University of Pennsylvania,DI,IVY,The Ivy League,https://pennathletics.com/sports/womens-volleyball/roster/2025,2026-07-20T01:03:40.151526+00:00,73,Sugar Land,TX,USA,2025
14,Lauren Van Wie,L/DS,JR,Wesleyan School,,University of Pennsylvania,DI,IVY,The Ivy League,https://pennathletics.com/sports/womens-volleyball/roster/2025,2026-07-20T01:03:40.151526+00:00,66,Peachtree Corners,GA,USA,2025
16,Bella Rittenberg,OPP,JR,Chaparral,,University of Pennsylvania,DI,IVY,The Ivy League,https://pennathletics.com/sports/womens-volleyball/roster/2025,2026-07-20T01:03:40.151526+00:00,71,Fallbrook,CA,USA,2025
17,Claire Deller,MB,SR,Torrey Pines,,University of Pennsylvania,DI,IVY,The Ivy League,https://pennathletics.com/sports/womens-volleyball/roster/2025,2026-07-20T01:03:40.151526+00:00,73,Del Mar,CA,USA,2025
18,Addison Pollock,L/DS,FR,Ransom Everglades School,,University of Pennsylvania,DI,IVY,The Ivy League,https://pennathletics.com/sports/womens-volleyball/roster/2025,2026-07-20T01:03:40.151526+00:00,68,Miami,FL,USA,2025
19,Ellie Siskin,OH,SO,Pace Academy,,University of Pennsylvania,DI,IVY,The Ivy League,https://pennathletics.com/sports/womens-volleyball/roster/2025,2026-07-20T01:03:40.151526+00:00,71,Atlanta,GA,USA,2025
20,Taylor Roloff,OH,FR,Encinal,,University of Pennsylvania,DI,IVY,The Ivy League,https://pennathletics.com/sports/womens-volleyball/roster/2025,2026-07-20T01:03:40.151526+00:00,75,Alameda,CA,USA,2025
21,Anna Shohfi,S,SR,East Chapel Hill,,University of Pennsylvania,DI,IVY,The Ivy League,https://pennathletics.com/sports/womens-volleyball/roster/2025,2026-07-20T01:03:40.151526+00:00,70,Chapel Hill,NC,USA,2025
22,Hailey Hilsabeck,OH,SO,Head-Royce School,,University of Pennsylvania,DI,IVY,The Ivy League,https://pennathletics.com/sports/womens-volleyball/roster/2025,2026-07-20T01:03:40.151526+00:00,71,Lafayette,CA,USA,2025
2,Meki Maile,S,FR,Menlo Atherton HS,,University of Portland,DI,WCC,West Coast Conference,https://portlandpilots.com/sports/womens-volleyball/roster/2025,2026-07-20T01:03:45.447911+00:00,67,Menlo Park,CA,USA,2025
3,Havannah Hoeft,S,R-SO,St. Francis HS,,University of Portland,DI,WCC,West Coast Conference,https://portlandpilots.com/sports/womens-volleyball/roster/2025,2026-07-20T01:03:45.447911+00:00,69,Belmont,CA,USA,2025
4,Jeryn Hildenbrand,L/DS,FR,West Side Christian HS,,University of Portland,DI,WCC,West Coast Conference,https://portlandpilots.com/sports/womens-volleyball/roster/2025,2026-07-20T01:03:45.447911+00:00,66,Portland,OR,USA,2025
5,Jules Tan,S,GR,Cal State East Bay / Sonoma State,,University of Portland,DI,WCC,West Coast Conference,https://portlandpilots.com/sports/womens-volleyball/roster/2025,2026-07-20T01:03:45.447911+00:00,65,Redwood City,CA,USA,2025
6,Larkin Chock,L/DS,R-JR,Carlmont HS,,University of Portland,DI,WCC,West Coast Conference,https://portlandpilots.com/sports/womens-volleyball/roster/2025,2026-07-20T01:03:45.447911+00:00,66,Belmont,CA,USA,2025
7,Sydney Cazimero,MB,R-FR,Kamehameha Schools Kapalama,,University of Portland,DI,WCC,West Coast Conference,https://portlandpilots.com/sports/womens-volleyball/roster/2025,2026-07-20T01:03:45.447911+00:00,68,Mililani,,Hawai'i,2025
8,Lucia Busso,OH,SR,Liceo Statale Augusto Monti,,University of Portland,DI,WCC,West Coast Conference,https://portlandpilots.com/sports/womens-volleyball/roster/2025,2026-07-20T01:03:45.447911+00:00,72,Pino Torinese,,Italy,2025
9,Lila Krall,OPP,FR,Bellevue HS,,University of Portland,DI,WCC,West Coast Conference,https://portlandpilots.com/sports/womens-volleyball/roster/2025,2026-07-20T01:03:45.447911+00:00,72,Clyde,OH,USA,2025
10,Vanessa Haddock,OH,FR,Viewmont HS,,University of Portland,DI,WCC,West Coast Conference,https://portlandpilots.com/sports/womens-volleyball/roster/2025,2026-07-20T01:03:45.447911+00:00,71,Center Ville,UT,USA,2025
11,Elin Larsson,OH,SR,Ållebergsgymnasiet,,University of Portland,DI,WCC,West Coast Conference,https://portlandpilots.com/sports/womens-volleyball/roster/2025,2026-07-20T01:03:45.447911+00:00,74,Borås,,Sweden,2025
12,Amiyah Eason,L/DS,SO,Sam Barlow HS,,University of Portland,DI,WCC,West Coast Conference,https://portlandpilots.com/sports/womens-volleyball/roster/2025,2026-07-20T01:03:45.447911+00:00,64,Sandy,OR,USA,2025
14,Tinoa Woodward-Hart,L/DS,SO,Venice HS,,University of Portland,DI,WCC,West Coast Conference,https://portlandpilots.com/sports/womens-volleyball/roster/2025,2026-07-20T01:03:45.447911+00:00,64,Los Angeles,CA,USA,2025
16,Callie Pieper,OH,FR,‘Iolani School,,University of Portland,DI,WCC,West Coast Conference,https://portlandpilots.com/sports/womens-volleyball/roster/2025,2026-07-20T01:03:45.447911+00:00,71,Kaneohe,,Hawai’i,2025
17,Una Rajkovic,MB,SR,Kreativno Pero,,University of Portland,DI,WCC,West Coast Conference,https://portlandpilots.com/sports/womens-volleyball/roster/2025,2026-07-20T01:03:45.447911+00:00,75,Belgrade,,Serbia,2025
18,Taina Kaauwai,MB,JR,Kamehameha Schools Hawaii,,University of Portland,DI,WCC,West Coast Conference,https://portlandpilots.com/sports/womens-volleyball/roster/2025,2026-07-20T01:03:45.447911+00:00,73,Hilo,,Hawai'i,2025
19,Georgia Haynes,OPP,FR,Archbishop Riordan HS,,University of Portland,DI,WCC,West Coast Conference,https://portlandpilots.com/sports/womens-volleyball/roster/2025,2026-07-20T01:03:45.447911+00:00,68,San Francisco,CA,USA,2025
21,Alana Villela,MB,R-FR,California HS,,University of Portland,DI,WCC,West Coast Conference,https://portlandpilots.com/sports/womens-volleyball/roster/2025,2026-07-20T01:03:45.447911+00:00,72,Oakland,CA,USA,2025
2,Lauren Lynch,L/DS,FR,Sierra Canyon High School,,University of San Diego,DI,WCC,West Coast Conference,https://usdtoreros.com/sports/womens-volleyball/roster/2025,2026-07-20T01:03:50.571011+00:00,65,Burbank,CA,USA,2025
6,Kennedy Osunsanmi,OPP,SO,West Ranch High School,,University of San Diego,DI,WCC,West Coast Conference,https://usdtoreros.com/sports/womens-volleyball/roster/2025,2026-07-20T01:03:50.571011+00:00,75,Stevenson Ranch,CA,USA,2025
7,Isabel Clark,OH,SO,Mater Dei High School,,University of San Diego,DI,WCC,West Coast Conference,https://usdtoreros.com/sports/womens-volleyball/roster/2025,2026-07-20T01:03:50.571011+00:00,72,Orange County,CA,USA,2025
9,Tatum Lane,S,JR,Palos Verdes High School,,University of San Diego,DI,WCC,West Coast Conference,https://usdtoreros.com/sports/womens-volleyball/roster/2025,2026-07-20T01:03:50.571011+00:00,70,San Pedro,CA,USA,2025
10,Ava Durgan,MB,FR,Mead Senior High School,,University of San Diego,DI,WCC,West Coast Conference,https://usdtoreros.com/sports/womens-volleyball/roster/2025,2026-07-20T01:03:50.571011+00:00,75,Spokane,WA,USA,2025
12,Kylie Munday,S,SO,Post Falls High School,,University of San Diego,DI,WCC,West Coast Conference,https://usdtoreros.com/sports/womens-volleyball/roster/2025,2026-07-20T01:03:50.571011+00:00,70,Post Falls,ID,USA,2025
13,Kinley Swan,MB,R-JR,Lone Peak High School,,University of San Diego,DI,WCC,West Coast Conference,https://usdtoreros.com/sports/womens-volleyball/roster/2025,2026-07-20T01:03:50.571011+00:00,74,Orem,UT,USA,2025
14,Kali Engeman,MB,GR,Minnetonka High School,,University of San Diego,DI,WCC,West Coast Conference,https://usdtoreros.com/sports/womens-volleyball/roster/2025,2026-07-20T01:03:50.571011+00:00,73,Excelsior,MN,USA,2025
17,Maya Kitna,MB,R-JR,Sandra Day O'Connor High School,,University of San Diego,DI,WCC,West Coast Conference,https://usdtoreros.com/sports/womens-volleyball/roster/2025,2026-07-20T01:03:50.571011+00:00,74,Phoenix,AZ,USA,2025
18,BayLea Sparks,MB,R-JR,Fruita Monument High School,,University of San Diego,DI,WCC,West Coast Conference,https://usdtoreros.com/sports/womens-volleyball/roster/2025,2026-07-20T01:03:50.571011+00:00,74,Grand Junction,CO,USA,2025
20,Eloise McGibben,MB,JR,San Marcos Senior High School,,University of San Diego,DI,WCC,West Coast Conference,https://usdtoreros.com/sports/womens-volleyball/roster/2025,2026-07-20T01:03:50.571011+00:00,73,Santa Barbara,CA,USA,2025
6,Elyse Heffner,MB,FR,Traverse City Central HS,,University of South Alabama,DI,SBC,Sun Belt Conference,https://usajaguars.com/sports/womens-volleyball/roster/2025,2026-07-20T01:03:56.292791+00:00,73,Traverse City,MI,USA,2025
7,Dalayla Blackwell,MB,R-SO,Lafayette HS,,University of South Alabama,DI,SBC,Sun Belt Conference,https://usajaguars.com/sports/womens-volleyball/roster/2025,2026-07-20T01:03:56.292791+00:00,71,Lafayette,LA,USA,2025
9,Anna Loberg,S,R-SR,Geneva Community HS,,University of South Alabama,DI,SBC,Sun Belt Conference,https://usajaguars.com/sports/womens-volleyball/roster/2025,2026-07-20T01:03:56.292791+00:00,72,Geneva,IL,USA,2025
12,Rachel Rossman,S,SR,Oakland,,University of South Alabama,DI,SBC,Sun Belt Conference,https://usajaguars.com/sports/womens-volleyball/roster/2025,2026-07-20T01:03:56.292791+00:00,67,Crown Point,IN,USA,2025
15,Halle Norvell,S,FR,Southwestern Pulaski HS,,University of South Alabama,DI,SBC,Sun Belt Conference,https://usajaguars.com/sports/womens-volleyball/roster/2025,2026-07-20T01:03:56.292791+00:00,70,London,KY,USA,2025
15,Ella Rogers,S,FR,Dowling Catholic,,University of South Dakota,DI,Summit,The Summit League,https://goyotes.com/sports/womens-volleyball/roster/2025,2026-07-20T01:04:17.302508+00:00,73,Des Moines,IA,USA,2025
1,Ava Wild,OPP,SR,Davies,,University of St. Thomas (Minnesota),DI,Summit,The Summit League,https://tommiesports.com/sports/wvball/roster/2025,2026-07-20T01:04:29.732463+00:00,72,Fargo,ND,USA,2025
2,Allie Kopp,S,SR,Champlin Park,,University of St. Thomas (Minnesota),DI,Summit,The Summit League,https://tommiesports.com/sports/wvball/roster/2025,2026-07-20T01:04:29.732463+00:00,67,Champlin,MN,USA,2025
3,Taylor McNear,L/DS,JR,Green Hope,App State,University of St. Thomas (Minnesota),DI,Summit,The Summit League,https://tommiesports.com/sports/wvball/roster/2025,2026-07-20T01:04:29.732463+00:00,66,Cary,NC,USA,2025
4,Ella Voegele,L/DS,SR,Wayzata,UNC Greensboro,University of St. Thomas (Minnesota),DI,Summit,The Summit League,https://tommiesports.com/sports/wvball/roster/2025,2026-07-20T01:04:29.732463+00:00,66,Plymouth,MN,USA,2025
5,Morgan Kealy,S,JR,River Falls,,University of St. Thomas (Minnesota),DI,Summit,The Summit League,https://tommiesports.com/sports/wvball/roster/2025,2026-07-20T01:04:29.732463+00:00,71,River Falls,WI,USA,2025
6,Maria Chapman,L/DS,SR,East Ridge,,University of St. Thomas (Minnesota),DI,Summit,The Summit League,https://tommiesports.com/sports/wvball/roster/2025,2026-07-20T01:04:29.732463+00:00,66,Woodbury,MN,USA,2025
7,Ellie Gustafson,OH,JR,Monticello,,University of St. Thomas (Minnesota),DI,Summit,The Summit League,https://tommiesports.com/sports/wvball/roster/2025,2026-07-20T01:04:29.732463+00:00,71,Monticello,WI,USA,2025
8,Megan Wetter,MB,SR,Monticello,,University of St. Thomas (Minnesota),DI,Summit,The Summit League,https://tommiesports.com/sports/wvball/roster/2025,2026-07-20T01:04:29.732463+00:00,72,Monticello,MN,USA,2025
9,Emory Brosnahan,OPP,FR,Jefferson,,University of St. Thomas (Minnesota),DI,Summit,The Summit League,https://tommiesports.com/sports/wvball/roster/2025,2026-07-20T01:04:29.732463+00:00,72,Sioux Falls,SD,USA,2025
10,Maddy Benka,OH,R-FR,Minnehaha Academy,,University of St. Thomas (Minnesota),DI,Summit,The Summit League,https://tommiesports.com/sports/wvball/roster/2025,2026-07-20T01:04:29.732463+00:00,69,Minnehaha,MN,USA,2025
11,Anya Schmidt,OH,FR,Rogers,,University of St. Thomas (Minnesota),DI,Summit,The Summit League,https://tommiesports.com/sports/wvball/roster/2025,2026-07-20T01:04:29.732463+00:00,70,Rogers,MN,USA,2025
13,Keya Luta Win Hunt,S,SR,Breck,,University of St. Thomas (Minnesota),DI,Summit,The Summit League,https://tommiesports.com/sports/wvball/roster/2025,2026-07-20T01:04:29.732463+00:00,71,Minneapolis,MN,USA,2025
14,Heidi Wingate,MB,FR,Seven Lakes,,University of St. Thomas (Minnesota),DI,Summit,The Summit League,https://tommiesports.com/sports/wvball/roster/2025,2026-07-20T01:04:29.732463+00:00,73,Katy,TX,USA,2025
15,Tezra Rudzitis,OPP,SR,Legacy Christian Academy,,University of St. Thomas (Minnesota),DI,Summit,The Summit League,https://tommiesports.com/sports/wvball/roster/2025,2026-07-20T01:04:29.732463+00:00,71,Anoka,MN,USA,2025
16,Emma Goerger,MB,SR,Wayzata,,University of St. Thomas (Minnesota),DI,Summit,The Summit League,https://tommiesports.com/sports/wvball/roster/2025,2026-07-20T01:04:29.732463+00:00,76,Plymouth,MN,USA,2025
17,Addison Menefee,OH,FR,Ridge Point,,University of St. Thomas (Minnesota),DI,Summit,The Summit League,https://tommiesports.com/sports/wvball/roster/2025,2026-07-20T01:04:29.732463+00:00,73,Missouri City,TX,USA,2025
21,Reilly Kurth,MB,FR,Wayzata,,University of St. Thomas (Minnesota),DI,Summit,The Summit League,https://tommiesports.com/sports/wvball/roster/2025,2026-07-20T01:04:29.732463+00:00,74,Maple Grove,MN,USA,2025
22,Addie Schmotzer,MB,R-SO,Edgewood,,University of St. Thomas (Minnesota),DI,Summit,The Summit League,https://tommiesports.com/sports/wvball/roster/2025,2026-07-20T01:04:29.732463+00:00,74,Madison,WI,USA,2025
23,Miriam Unongo,OPP,JR,DeLaSalle,,University of St. Thomas (Minnesota),DI,Summit,The Summit League,https://tommiesports.com/sports/wvball/roster/2025,2026-07-20T01:04:29.732463+00:00,72,Minneapolis,MN,USA,2025
24,Kaitlynn Peterson,OH,SR,Lakeville North,Bradley,University of St. Thomas (Minnesota),DI,Summit,The Summit League,https://tommiesports.com/sports/wvball/roster/2025,2026-07-20T01:04:29.732463+00:00,72,Lakeville,MN,USA,2025
25,Camryn Overton,OH,FR,Indianola,,University of St. Thomas (Minnesota),DI,Summit,The Summit League,https://tommiesports.com/sports/wvball/roster/2025,2026-07-20T01:04:29.732463+00:00,71,Indianola,IA,USA,2025
0,Izzy Mogridge,S,,,,"University of Tennessee, Knoxville",DI,SEC,Southeastern Conference,https://utsports.com/sports/womens-volleyball/roster/2025,2026-07-20T01:04:39.559794+00:00,71,Lutz,FL,USA,2025
1,Gülce Güçtekin,L/DS,,,,"University of Tennessee, Knoxville",DI,SEC,Southeastern Conference,https://utsports.com/sports/womens-volleyball/roster/2025,2026-07-20T01:04:39.559794+00:00,65,Istanbul,,Turkey,2025
2,Eryn Jones,L/DS,,,,"University of Tennessee, Knoxville",DI,SEC,Southeastern Conference,https://utsports.com/sports/womens-volleyball/roster/2025,2026-07-20T01:04:39.559794+00:00,72,Goodyear,AZ,USA,2025
4,Paityn Chapman,OPP,,,,"University of Tennessee, Knoxville",DI,SEC,Southeastern Conference,https://utsports.com/sports/womens-volleyball/roster/2025,2026-07-20T01:04:39.559794+00:00,75,Castle Rock,CO,USA,2025
6,Mackenzie Plante,OH,,,,"University of Tennessee, Knoxville",DI,SEC,Southeastern Conference,https://utsports.com/sports/womens-volleyball/roster/2025,2026-07-20T01:04:39.559794+00:00,74,Dripping Springs,TX,USA,2025
8,Camdyn Stucky,S,,,,"University of Tennessee, Knoxville",DI,SEC,Southeastern Conference,https://utsports.com/sports/womens-volleyball/roster/2025,2026-07-20T01:04:39.559794+00:00,75,Wichita,KS,USA,2025
9,Brynn Williams,OH,,,,"University of Tennessee, Knoxville",DI,SEC,Southeastern Conference,https://utsports.com/sports/womens-volleyball/roster/2025,2026-07-20T01:04:39.559794+00:00,70,Mansfield,TX,USA,2025
10,Alaina Jarrett,MB,,,,"University of Tennessee, Knoxville",DI,SEC,Southeastern Conference,https://utsports.com/sports/womens-volleyball/roster/2025,2026-07-20T01:04:39.559794+00:00,72,Charleston,SC,USA,2025
11,Caroline Kerr,S,,,,"University of Tennessee, Knoxville",DI,SEC,Southeastern Conference,https://utsports.com/sports/womens-volleyball/roster/2025,2026-07-20T01:04:39.559794+00:00,71,Champaign,IL,USA,2025
12,Starr Williams,OH,,,,"University of Tennessee, Knoxville",DI,SEC,Southeastern Conference,https://utsports.com/sports/womens-volleyball/roster/2025,2026-07-20T01:04:39.559794+00:00,75,Ontario,CA,USA,2025
13,Sydney Jones,OH,,,,"University of Tennessee, Knoxville",DI,SEC,Southeastern Conference,https://utsports.com/sports/womens-volleyball/roster/2025,2026-07-20T01:04:39.559794+00:00,74,Havertown,PA,USA,2025
14,Sydney Jaynes,L/DS,,,,"University of Tennessee, Knoxville",DI,SEC,Southeastern Conference,https://utsports.com/sports/womens-volleyball/roster/2025,2026-07-20T01:04:39.559794+00:00,72,Northfield,MN,USA,2025
15,Maggie Dostic,OH,,,,"University of Tennessee, Knoxville",DI,SEC,Southeastern Conference,https://utsports.com/sports/womens-volleyball/roster/2025,2026-07-20T01:04:39.559794+00:00,73,Tampa,FL,USA,2025
16,Chelsea Sutton,MB,,,,"University of Tennessee, Knoxville",DI,SEC,Southeastern Conference,https://utsports.com/sports/womens-volleyball/roster/2025,2026-07-20T01:04:39.559794+00:00,76,Ponte Vedra Beach,FL,USA,2025
19,Klaudia Pawlik,MB,,,,"University of Tennessee, Knoxville",DI,SEC,Southeastern Conference,https://utsports.com/sports/womens-volleyball/roster/2025,2026-07-20T01:04:39.559794+00:00,78,Hansk,,Poland,2025
23,Cate Schnell,OH,,,,"University of Tennessee, Knoxville",DI,SEC,Southeastern Conference,https://utsports.com/sports/womens-volleyball/roster/2025,2026-07-20T01:04:39.559794+00:00,73,San Diego,CA,USA,2025
24,Zoë Humphrey,MB,,,,"University of Tennessee, Knoxville",DI,SEC,Southeastern Conference,https://utsports.com/sports/womens-volleyball/roster/2025,2026-07-20T01:04:39.559794+00:00,74,Houston,TX,USA,2025
33,Hayden Kubik,OH,,,,"University of Tennessee, Knoxville",DI,SEC,Southeastern Conference,https://utsports.com/sports/womens-volleyball/roster/2025,2026-07-20T01:04:39.559794+00:00,74,West Des Moines,IA,USA,2025
77,Keondreya Granberry,MB,,,,"University of Tennessee, Knoxville",DI,SEC,Southeastern Conference,https://utsports.com/sports/womens-volleyball/roster/2025,2026-07-20T01:04:39.559794+00:00,75,Winter Garden,FL,USA,2025
3,Taryn Doiron,S,JR,Bridge City High School,,University of Texas at Arlington,DI,WAC,Western Athletic Conference,https://utamavs.com/sports/womens-volleyball/roster/2025,2026-07-20T01:04:42.269025+00:00,69,Bridge City,TX,USA,2025
4,Eliana Collins,OH,FR,"Christchurch, New Zealand",,University of Texas at Arlington,DI,WAC,Western Athletic Conference,https://utamavs.com/sports/womens-volleyball/roster/2025,2026-07-20T01:04:42.269025+00:00,71,Christchurch,,New Zealand,2025
5,Alondra Hernandez,L/DS,GR,Timpview High School,,University of Texas at Arlington,DI,WAC,Western Athletic Conference,https://utamavs.com/sports/womens-volleyball/roster/2025,2026-07-20T01:04:42.269025+00:00,68,Provo,UT,USA,2025
6,Sophie Ocampo,OH,R-JR,Kingwood,,University of Texas at Arlington,DI,WAC,Western Athletic Conference,https://utamavs.com/sports/womens-volleyball/roster/2025,2026-07-20T01:04:42.269025+00:00,75,Humble,TX,USA,2025
7,Sophia Krichev,MB,FR,Huntsville High School,,University of Texas at Arlington,DI,WAC,Western Athletic Conference,https://utamavs.com/sports/womens-volleyball/roster/2025,2026-07-20T01:04:42.269025+00:00,75,Huntsville,AL,USA,2025
8,Andrea Nunez,OH,FR,Alexander High School,,University of Texas at Arlington,DI,WAC,Western Athletic Conference,https://utamavs.com/sports/womens-volleyball/roster/2025,2026-07-20T01:04:42.269025+00:00,71,Laredo,TX,USA,2025
11,Isabella Camacho,L/DS,SO,Lovejoy High School,,University of Texas at Arlington,DI,WAC,Western Athletic Conference,https://utamavs.com/sports/womens-volleyball/roster/2025,2026-07-20T01:04:42.269025+00:00,67,Allen,TX,USA,2025
12,Evyn Snook,OH,JR,Magnolia West,,University of Texas at Arlington,DI,WAC,Western Athletic Conference,https://utamavs.com/sports/womens-volleyball/roster/2025,2026-07-20T01:04:42.269025+00:00,74,Magnolia,TX,USA,2025
14,Mira Ledermueller,S,JR,Syracuse,,University of Texas at Arlington,DI,WAC,Western Athletic Conference,https://utamavs.com/sports/womens-volleyball/roster/2025,2026-07-20T01:04:42.269025+00:00,73,Endorf,,Germany,2025
15,Marin Freeland,OH,GR,Herriman High School,,University of Texas at Arlington,DI,WAC,Western Athletic Conference,https://utamavs.com/sports/womens-volleyball/roster/2025,2026-07-20T01:04:42.269025+00:00,74,Riverton,UT,USA,2025
17,Camryn McMinn,OH,FR,Pelham High School,,University of Texas at Arlington,DI,WAC,Western Athletic Conference,https://utamavs.com/sports/womens-volleyball/roster/2025,2026-07-20T01:04:42.269025+00:00,72,Pelham,AL,USA,2025
20,Jalie Tritt,OH,SR,Episcopal Collegiate School,,University of Texas at Arlington,DI,WAC,Western Athletic Conference,https://utamavs.com/sports/womens-volleyball/roster/2025,2026-07-20T01:04:42.269025+00:00,73,Little Rock,AR,USA,2025
21,Ava Burroughs,MB,SR,Quitman,,University of Texas at Arlington,DI,WAC,Western Athletic Conference,https://utamavs.com/sports/womens-volleyball/roster/2025,2026-07-20T01:04:42.269025+00:00,75,Quitman,TX,USA,2025
83,Samantha Glenn,L/DS,JR,Southlake Carroll,,University of Texas at Arlington,DI,WAC,Western Athletic Conference,https://utamavs.com/sports/womens-volleyball/roster/2025,2026-07-20T01:04:42.269025+00:00,68,Grapevine,TX,USA,2025
3,Sydney Frazier,MB,FR,IMG Academy,,University of Texas at El Paso,DI,CUSA,Conference USA,https://utepminers.com/sports/womens-volleyball/roster/2025,2026-07-20T01:04:48.042660+00:00,74,Atlanta,GA,USA,2025
16,Mackenzi Davis,OH,FR,Melissa HS,,University of Texas at El Paso,DI,CUSA,Conference USA,https://utepminers.com/sports/womens-volleyball/roster/2025,2026-07-20T01:04:48.042660+00:00,,Melissa,TX,USA,2025
23,Lexee Salas,S,FR,Americas HS,,University of Texas at El Paso,DI,CUSA,Conference USA,https://utepminers.com/sports/womens-volleyball/roster/2025,2026-07-20T01:04:48.042660+00:00,68,El Paso,TX,USA,2025
4,Ella Biggs,OH,R-JR,Alta HS,,University of Utah,DI,B12,Big 12 Conference,https://utahutes.com/sports/womens-volleyball/roster/2025,2026-07-20T01:05:03.518940+00:00,74,Draper,UT,USA,2025
12,Katelynn Field,MB,FR,Weber High School,,University of Utah,DI,B12,Big 12 Conference,https://utahutes.com/sports/womens-volleyball/roster/2025,2026-07-20T01:05:03.518940+00:00,77,Harrisville,UT,USA,2025
18,Kamryn Gibadlo,OH,JR,Cactus Shadows HS,,University of Utah,DI,B12,Big 12 Conference,https://utahutes.com/sports/womens-volleyball/roster/2025,2026-07-20T01:05:03.518940+00:00,73,Cave Creek,AZ,USA,2025
15,Langley Griffin,OH,JR,Peninsula HS,,University of Utah,DI,B12,Big 12 Conference,https://utahutes.com/sports/womens-volleyball/roster/2025,2026-07-20T01:05:03.518940+00:00,72,Gig Harbor,WA,USA,2025
7,DyBorrah Johnson,MB,FR,Camille Casteel High School,,University of Utah,DI,B12,Big 12 Conference,https://utahutes.com/sports/womens-volleyball/roster/2025,2026-07-20T01:05:03.518940+00:00,73,Gilbert,AZ,USA,2025
20,Neea-Maria Joki,OH,SO,Sammon keskuslukio,Clemson,University of Utah,DI,B12,Big 12 Conference,https://utahutes.com/sports/womens-volleyball/roster/2025,2026-07-20T01:05:03.518940+00:00,72,Tampere,,Finland,2025
10,Levani Key-Powell,OH,SO,Bingham,,University of Utah,DI,B12,Big 12 Conference,https://utahutes.com/sports/womens-volleyball/roster/2025,2026-07-20T01:05:03.518940+00:00,69,South Jordan,UT,USA,2025
8,Iliana Linahan,L/DS,SR,Vandegrift HS,,University of Utah,DI,B12,Big 12 Conference,https://utahutes.com/sports/womens-volleyball/roster/2025,2026-07-20T01:05:03.518940+00:00,66,Austin,TX,USA,2025
3,Isabelle Marco,S,SO,Sacred Heart Preparatory,,University of Utah,DI,B12,Big 12 Conference,https://utahutes.com/sports/womens-volleyball/roster/2025,2026-07-20T01:05:03.518940+00:00,70,Atherton,CA,USA,2025
1,Lana Mijacic,MB,FR,"Gimnazija ""Crnjasnki""",,University of Utah,DI,B12,Big 12 Conference,https://utahutes.com/sports/womens-volleyball/roster/2025,2026-07-20T01:05:03.518940+00:00,75,Belgrade,,Serbia,2025
2,Emrie Moea'i,MB,SR,Bountiful HS,Idaho State,University of Utah,DI,B12,Big 12 Conference,https://utahutes.com/sports/womens-volleyball/roster/2025,2026-07-20T01:05:03.518940+00:00,72,Bountiful,UT,USA,2025
9,Grace Moss,L/DS,R-SO,Santa Margarita HS,Cal State Bakersfield,University of Utah,DI,B12,Big 12 Conference,https://utahutes.com/sports/womens-volleyball/roster/2025,2026-07-20T01:05:03.518940+00:00,65,Dana Point,CA,USA,2025
14,Olga Musial,OH,JR,Szkoly Mistrzostwa Sportowego Mielec,,University of Utah,DI,B12,Big 12 Conference,https://utahutes.com/sports/womens-volleyball/roster/2025,2026-07-20T01:05:03.518940+00:00,74,Boguchwala,,Poland,2025
11,McKenna Payne,L/DS,FR,St. Mary Catholic Central HS,,University of Utah,DI,B12,Big 12 Conference,https://utahutes.com/sports/womens-volleyball/roster/2025,2026-07-20T01:05:03.518940+00:00,67,Monroe,MI,USA,2025
,Briar Rose,,FR,,,University of Utah,DI,B12,Big 12 Conference,https://utahutes.com/sports/womens-volleyball/roster/2025,2026-07-20T01:05:03.518940+00:00,,Farmington,UT,USA,2025
6,Ashley West,OH,R-JR,Ralston Valley HS,,University of Utah,DI,B12,Big 12 Conference,https://utahutes.com/sports/womens-volleyball/roster/2025,2026-07-20T01:05:03.518940+00:00,76,Arvada,CO,USA,2025
16,Devyn Wiest,OH,FR,Sandra Day O'Connor HS,,University of Utah,DI,B12,Big 12 Conference,https://utahutes.com/sports/womens-volleyball/roster/2025,2026-07-20T01:05:03.518940+00:00,75,Peoria,AZ,USA,2025
5,Leah Wilton-LaBoy,S,SR,Marin Catholic HS,Utah State/Oklahoma,University of Utah,DI,B12,Big 12 Conference,https://utahutes.com/sports/womens-volleyball/roster/2025,2026-07-20T01:05:03.518940+00:00,68,San Rafael,CA,USA,2025
1,Sam Vanda,OPP,FR,Geneva Community,,University of Wisconsin-Milwaukee,DI,Horizon,Horizon League,https://mkepanthers.com/sports/womens-volleyball/roster/2025,2026-07-20T01:05:24.604365+00:00,70,Geneva,IL,USA,2025
2,Julia Kellner,MB,FR,Racine Lutheran,,University of Wisconsin-Milwaukee,DI,Horizon,Horizon League,https://mkepanthers.com/sports/womens-volleyball/roster/2025,2026-07-20T01:05:24.604365+00:00,75,Racine,WI,USA,2025
3,Annie Eschenbach,OPP,SO,Benet Academy,McHenry,University of Wisconsin-Milwaukee,DI,Horizon,Horizon League,https://mkepanthers.com/sports/womens-volleyball/roster/2025,2026-07-20T01:05:24.604365+00:00,76,Downers Grove,IL,USA,2025
4,Josie Johnson,S,SR,Waterford Union,,University of Wisconsin-Milwaukee,DI,Horizon,Horizon League,https://mkepanthers.com/sports/womens-volleyball/roster/2025,2026-07-20T01:05:24.604365+00:00,67,Burlington,WI,USA,2025
5,Milica Tomic,S,SO,Lake Central,,University of Wisconsin-Milwaukee,DI,Horizon,Horizon League,https://mkepanthers.com/sports/womens-volleyball/roster/2025,2026-07-20T01:05:24.604365+00:00,67,Dyer,IN,USA,2025
6,Josie Noble,MB,FR,Caledonia,,University of Wisconsin-Milwaukee,DI,Horizon,Horizon League,https://mkepanthers.com/sports/womens-volleyball/roster/2025,2026-07-20T01:05:24.604365+00:00,74,Caledonia,MI,USA,2025
7,Hailey Hutchings,MB,GR,Flower Mound,Grand Canyon,University of Wisconsin-Milwaukee,DI,Horizon,Horizon League,https://mkepanthers.com/sports/womens-volleyball/roster/2025,2026-07-20T01:05:24.604365+00:00,69,Flower Mound,TX,USA,2025
8,Jenna Soerens,OH,SO,Oostburg,,University of Wisconsin-Milwaukee,DI,Horizon,Horizon League,https://mkepanthers.com/sports/womens-volleyball/roster/2025,2026-07-20T01:05:24.604365+00:00,71,Oostburg,WI,USA,2025
9,Kati Goba,L/DS,JR,Wisconsin Lutheran,,University of Wisconsin-Milwaukee,DI,Horizon,Horizon League,https://mkepanthers.com/sports/womens-volleyball/roster/2025,2026-07-20T01:05:24.604365+00:00,64,Mukwonago,WI,USA,2025
10,Braylin Bosetski,L/DS,FR,De Pere,,University of Wisconsin-Milwaukee,DI,Horizon,Horizon League,https://mkepanthers.com/sports/womens-volleyball/roster/2025,2026-07-20T01:05:24.604365+00:00,66,De Pere,WI,USA,2025
11,Natalie Schmitz,OH,SR,Blaine,,University of Wisconsin-Milwaukee,DI,Horizon,Horizon League,https://mkepanthers.com/sports/womens-volleyball/roster/2025,2026-07-20T01:05:24.604365+00:00,73,Ham Lake,MN,USA,2025
12,Bella Lipski,MB,JR,Divine Savior Holy Angels,,University of Wisconsin-Milwaukee,DI,Horizon,Horizon League,https://mkepanthers.com/sports/womens-volleyball/roster/2025,2026-07-20T01:05:24.604365+00:00,74,Milwaukee,WI,USA,2025
13,Kara Erdmann,L/DS,SR,Forreston,,University of Wisconsin-Milwaukee,DI,Horizon,Horizon League,https://mkepanthers.com/sports/womens-volleyball/roster/2025,2026-07-20T01:05:24.604365+00:00,66,Forreston,IL,USA,2025
14,Ella Schuetz,OH,FR,Lakeside Lutheran,,University of Wisconsin-Milwaukee,DI,Horizon,Horizon League,https://mkepanthers.com/sports/womens-volleyball/roster/2025,2026-07-20T01:05:24.604365+00:00,73,Lake Mills,WI,USA,2025
15,Emily Hansen,OH,SO,Mayville,,University of Wisconsin-Milwaukee,DI,Horizon,Horizon League,https://mkepanthers.com/sports/womens-volleyball/roster/2025,2026-07-20T01:05:24.604365+00:00,70,Mayville,WI,USA,2025
16,Carol Herrero,OH,JR,Colegio Eduardo Gomes,Iowa Western,University of Wisconsin-Milwaukee,DI,Horizon,Horizon League,https://mkepanthers.com/sports/womens-volleyball/roster/2025,2026-07-20T01:05:24.604365+00:00,70,Sao Caetano Do Sul,,Brazil,2025
17,Hallie Cook,L/DS,SR,Springfield Catholic,UNC Greensboro,University of Wisconsin-Milwaukee,DI,Horizon,Horizon League,https://mkepanthers.com/sports/womens-volleyball/roster/2025,2026-07-20T01:05:24.604365+00:00,68,Springfield,MO,USA,2025
15,Addy Cook,OH,FR,Mountain Ridge,,University of Wyoming,DI,Mountain West,Mountain West Conference,https://gowyo.com/sports/womens-volleyball/roster/2025,2026-07-20T01:05:34.739100+00:00,73,Herriman,UT,USA,2025
2,Jillian Gregory,OH,FR,Maize South,,University of Wyoming,DI,Mountain West,Mountain West Conference,https://gowyo.com/sports/womens-volleyball/roster/2025,2026-07-20T01:05:34.739100+00:00,72,Wichita,KS,USA,2025
3,Lily LaFlesch,L/DS,FR,Perry,,University of Wyoming,DI,Mountain West,Mountain West Conference,https://gowyo.com/sports/womens-volleyball/roster/2025,2026-07-20T01:05:34.739100+00:00,67,Gilbert,AZ,USA,2025
17,Sara Quigley,S,FR,McKinney Boyd,,University of Wyoming,DI,Mountain West,Mountain West Conference,https://gowyo.com/sports/womens-volleyball/roster/2025,2026-07-20T01:05:34.739100+00:00,70,McKinney,TX,USA,2025
11,Anna Williams,MB,FR,Hamilton,,University of Wyoming,DI,Mountain West,Mountain West Conference,https://gowyo.com/sports/womens-volleyball/roster/2025,2026-07-20T01:05:34.739100+00:00,73,Chandler,AZ,USA,2025
4,Finley Evans,OH,SR,Frisco Memorial HS,,University of the Incarnate Word,DI,Southland,Southland Conference,https://uiwcardinals.com/sports/womens-volleyball/roster/2025,2026-07-20T01:05:37.176265+00:00,73,Frisco,TX,USA,2025
5,Calissa Allison,S,SO,Concordia High School,,University of the Incarnate Word,DI,Southland,Southland Conference,https://uiwcardinals.com/sports/womens-volleyball/roster/2025,2026-07-20T01:05:37.176265+00:00,69,Pflugerville,TX,USA,2025
6,Victoria Hall,S,JR,Metamora Township HS,,University of the Incarnate Word,DI,Southland,Southland Conference,https://uiwcardinals.com/sports/womens-volleyball/roster/2025,2026-07-20T01:05:37.176265+00:00,68,Metamora,IL,USA,2025
10,Karli Krueger,OH,SO,Liberty Common High School,,University of the Incarnate Word,DI,Southland,Southland Conference,https://uiwcardinals.com/sports/womens-volleyball/roster/2025,2026-07-20T01:05:37.176265+00:00,70,Fort Collins,CO,USA,2025
12,Sofia Grimm,MB,JR,Cypress Creek HS,,University of the Incarnate Word,DI,Southland,Southland Conference,https://uiwcardinals.com/sports/womens-volleyball/roster/2025,2026-07-20T01:05:37.176265+00:00,74,Houston,TX,USA,2025
13,Gabby Fish,OPP,R-FR,Wayzata HS,,University of the Incarnate Word,DI,Southland,Southland Conference,https://uiwcardinals.com/sports/womens-volleyball/roster/2025,2026-07-20T01:05:37.176265+00:00,72,Plymouth,MN,USA,2025
17,Teyhlor Thomas,MB,SO,Cardinal Gibbons High School,,University of the Incarnate Word,DI,Southland,Southland Conference,https://uiwcardinals.com/sports/womens-volleyball/roster/2025,2026-07-20T01:05:37.176265+00:00,71,Pompano Beach,FL,USA,2025
19,Kade Thomas,MB,SR,Clear Falls HS,,University of the Incarnate Word,DI,Southland,Southland Conference,https://uiwcardinals.com/sports/womens-volleyball/roster/2025,2026-07-20T01:05:37.176265+00:00,75,League City,TX,USA,2025
20,Kyla Malone,OH,SR,Canyon HS,,University of the Incarnate Word,DI,Southland,Southland Conference,https://uiwcardinals.com/sports/womens-volleyball/roster/2025,2026-07-20T01:05:37.176265+00:00,70,New Braunfels,TX,USA,2025
24,Vanessa Eregie,MB,SO,James E. Taylor HS,,University of the Incarnate Word,DI,Southland,Southland Conference,https://uiwcardinals.com/sports/womens-volleyball/roster/2025,2026-07-20T01:05:37.176265+00:00,73,Katy,TX,USA,2025
25,Liliana Brisco,S,FR,Clark HS,,University of the Incarnate Word,DI,Southland,Southland Conference,https://uiwcardinals.com/sports/womens-volleyball/roster/2025,2026-07-20T01:05:37.176265+00:00,69,Boerne,TX,USA,2025
2,Hannah Koester,OH,FR,Northfield HS,,University of the Pacific,DI,WCC,West Coast Conference,https://pacifictigers.com/sports/womens-volleyball/roster/2025,2026-07-20T01:05:39.735289+00:00,71,Northfield,MN,USA,2025
4,Olivia Keller,OH,GR,Fresno State,,University of the Pacific,DI,WCC,West Coast Conference,https://pacifictigers.com/sports/womens-volleyball/roster/2025,2026-07-20T01:05:39.735289+00:00,73,Modesto,CA,USA,2025
6,Valentina Varani,MB,GR,Coastal Carolina,,University of the Pacific,DI,WCC,West Coast Conference,https://pacifictigers.com/sports/womens-volleyball/roster/2025,2026-07-20T01:05:39.735289+00:00,73,Rome,,Italy,2025
7,Mazi Smith,OH,FR,Pampa HS,,University of the Pacific,DI,WCC,West Coast Conference,https://pacifictigers.com/sports/womens-volleyball/roster/2025,2026-07-20T01:05:39.735289+00:00,74,Pampa,TX,USA,2025
9,Julia Porath,OPP,FR,Katy Taylor HS,,University of the Pacific,DI,WCC,West Coast Conference,https://pacifictigers.com/sports/womens-volleyball/roster/2025,2026-07-20T01:05:39.735289+00:00,73,Katy,TX,USA,2025
10,Mila Stojakovic,OH,R-FR,Pepperdine,,University of the Pacific,DI,WCC,West Coast Conference,https://pacifictigers.com/sports/womens-volleyball/roster/2025,2026-07-20T01:05:39.735289+00:00,73,Sacramento,CA,USA,2025
12,Logan Blutreich,MB,SR,Hamilton,,University of the Pacific,DI,WCC,West Coast Conference,https://pacifictigers.com/sports/womens-volleyball/roster/2025,2026-07-20T01:05:39.735289+00:00,74,Ahwatukee,AZ,USA,2025
14,Ella Gridley,L/DS,FR,Notre Dame Preparatory HS,,University of the Pacific,DI,WCC,West Coast Conference,https://pacifictigers.com/sports/womens-volleyball/roster/2025,2026-07-20T01:05:39.735289+00:00,70,Paradise Valley,AZ,USA,2025
19,Adeline Sirbu,MB,FR,Buffalo Grove HS,,University of the Pacific,DI,WCC,West Coast Conference,https://pacifictigers.com/sports/womens-volleyball/roster/2025,2026-07-20T01:05:39.735289+00:00,75,Palatine,IL,USA,2025
20,Elena Hernandez,L/DS,FR,Franklin HS,,University of the Pacific,DI,WCC,West Coast Conference,https://pacifictigers.com/sports/womens-volleyball/roster/2025,2026-07-20T01:05:39.735289+00:00,63,Stockton,CA,USA,2025
21,Jayhlin Swain,L/DS,SR,Cosumnes Oaks,,University of the Pacific,DI,WCC,West Coast Conference,https://pacifictigers.com/sports/womens-volleyball/roster/2025,2026-07-20T01:05:39.735289+00:00,63,Sacramento,CA,USA,2025
22,Avery LaPlaca,L/DS,FR,Sacramento Country Day,,University of the Pacific,DI,WCC,West Coast Conference,https://pacifictigers.com/sports/womens-volleyball/roster/2025,2026-07-20T01:05:39.735289+00:00,65,Sacramento,CA,USA,2025
23,Olga Gergacz,OH,SO,American Univ.,,University of the Pacific,DI,WCC,West Coast Conference,https://pacifictigers.com/sports/womens-volleyball/roster/2025,2026-07-20T01:05:39.735289+00:00,74,Gencsapati,,Hungary,2025
30,Bella Gutierrez,L/DS,FR,St. Mary's HS,,University of the Pacific,DI,WCC,West Coast Conference,https://pacifictigers.com/sports/womens-volleyball/roster/2025,2026-07-20T01:05:39.735289+00:00,62,Manteca,CA,USA,2025
1,Lauren Larkin,MB,R-FR,Desert Hills HS,,Utah State University,DI,Mountain West,Mountain West Conference,https://utahstateaggies.com/sports/womens-volleyball/roster/2025,2026-07-20T01:05:50.227976+00:00,74,St. George,UT,USA,2025
2,Tierney Barlow,MB,SR,Liberty HS,,Utah State University,DI,Mountain West,Mountain West Conference,https://utahstateaggies.com/sports/womens-volleyball/roster/2025,2026-07-20T01:05:50.227976+00:00,74,Colorado Springs,CO,USA,2025
3,Ava Napierski,MB,SO,Orem HS,,Utah State University,DI,Mountain West,Mountain West Conference,https://utahstateaggies.com/sports/womens-volleyball/roster/2025,2026-07-20T01:05:50.227976+00:00,73,Provo,UT,USA,2025
7,Andrea Simovski,OH,SO,Sixth Belgrade General HS,,Utah State University,DI,Mountain West,Mountain West Conference,https://utahstateaggies.com/sports/womens-volleyball/roster/2025,2026-07-20T01:05:50.227976+00:00,73,Belgrade,,Serbia,2025
9,Hailey Spencer,OH,FR,Del Norte HS,,Utah State University,DI,Mountain West,Mountain West Conference,https://utahstateaggies.com/sports/womens-volleyball/roster/2025,2026-07-20T01:05:50.227976+00:00,70,San Diego,CA,USA,2025
10,Delaney Lawson,OH,SO,Bellmont HS,,Utah State University,DI,Mountain West,Mountain West Conference,https://utahstateaggies.com/sports/womens-volleyball/roster/2025,2026-07-20T01:05:50.227976+00:00,74,Fort Wayne,IN,USA,2025
14,Ava Martin,MB,FR,Twin Falls HS,,Utah State University,DI,Mountain West,Mountain West Conference,https://utahstateaggies.com/sports/womens-volleyball/roster/2025,2026-07-20T01:05:50.227976+00:00,74,Twin Falls,ID,USA,2025
18,Olivia Tukuafu,S,JR,Mountain View HS,,Utah State University,DI,Mountain West,Mountain West Conference,https://utahstateaggies.com/sports/womens-volleyball/roster/2025,2026-07-20T01:05:50.227976+00:00,72,Mesa,AZ,USA,2025
19,Ava Nakai,OH,SO,Spanish Fork HS,,Utah State University,DI,Mountain West,Mountain West Conference,https://utahstateaggies.com/sports/womens-volleyball/roster/2025,2026-07-20T01:05:50.227976+00:00,71,Spanish Fork,UT,USA,2025
20,Kaylie Kofe,S,SO,Bonneville HS,,Utah State University,DI,Mountain West,Mountain West Conference,https://utahstateaggies.com/sports/womens-volleyball/roster/2025,2026-07-20T01:05:50.227976+00:00,68,Idaho Falls,ID,USA,2025
2,Taylor Snow,MB,SR,Salem Hills HS,,Utah Tech University,DI,WAC,Western Athletic Conference,https://utahtechtrailblazers.com/sports/womens-volleyball/roster/2025,2026-07-20T01:05:52.747115+00:00,73,Salem,UT,USA,2025
3,Tessa Treanor,OH,JR,Salem Hills HS,,Utah Tech University,DI,WAC,Western Athletic Conference,https://utahtechtrailblazers.com/sports/womens-volleyball/roster/2025,2026-07-20T01:05:52.747115+00:00,71,Salem,UT,USA,2025
4,Nana Asiata,OPP,R-SO,Herriman HS,,Utah Tech University,DI,WAC,Western Athletic Conference,https://utahtechtrailblazers.com/sports/womens-volleyball/roster/2025,2026-07-20T01:05:52.747115+00:00,72,Herriman,UT,USA,2025
5,Marley Roe,S,JR,Kamehameha Kaplama HS,,Utah Tech University,DI,WAC,Western Athletic Conference,https://utahtechtrailblazers.com/sports/womens-volleyball/roster/2025,2026-07-20T01:05:52.747115+00:00,67,Honolulu,,Hawai'i,2025
6,Lusia Langi,MB,SO,Hays HS,,Utah Tech University,DI,WAC,Western Athletic Conference,https://utahtechtrailblazers.com/sports/womens-volleyball/roster/2025,2026-07-20T01:05:52.747115+00:00,71,Kyle,TX,USA,2025
7,Ireland Avalos,S,SO,Perry HS,,Utah Tech University,DI,WAC,Western Athletic Conference,https://utahtechtrailblazers.com/sports/womens-volleyball/roster/2025,2026-07-20T01:05:52.747115+00:00,70,Chandler,AZ,USA,2025
8,Emery Harrison,OH,SO,Cedar HS,,Utah Tech University,DI,WAC,Western Athletic Conference,https://utahtechtrailblazers.com/sports/womens-volleyball/roster/2025,2026-07-20T01:05:52.747115+00:00,73,Cedar City,UT,USA,2025
10,Alyia Worthen,OPP,FR,Spanish Fork HS,,Utah Tech University,DI,WAC,Western Athletic Conference,https://utahtechtrailblazers.com/sports/womens-volleyball/roster/2025,2026-07-20T01:05:52.747115+00:00,71,Spanish Fork,UT,USA,2025
11,Tehanie Waters,S,FR,Crimson Cliffs HS,,Utah Tech University,DI,WAC,Western Athletic Conference,https://utahtechtrailblazers.com/sports/womens-volleyball/roster/2025,2026-07-20T01:05:52.747115+00:00,68,St. George,UT,USA,2025
12,Mya Laufiso,L/DS,JR,Copper Hills HS,,Utah Tech University,DI,WAC,Western Athletic Conference,https://utahtechtrailblazers.com/sports/womens-volleyball/roster/2025,2026-07-20T01:05:52.747115+00:00,67,West Jordan,UT,USA,2025
13,Kaycee Bugas,L/DS,SR,Mountain View HS,,Utah Tech University,DI,WAC,Western Athletic Conference,https://utahtechtrailblazers.com/sports/womens-volleyball/roster/2025,2026-07-20T01:05:52.747115+00:00,66,Mountain View,WY,USA,2025
15,Sydney Reese,OPP,R-SO,Moapa Valley HS,,Utah Tech University,DI,WAC,Western Athletic Conference,https://utahtechtrailblazers.com/sports/womens-volleyball/roster/2025,2026-07-20T01:05:52.747115+00:00,75,Logandale,NV,USA,2025
22,Casidy Fried,MB,SR,Middleton HS,,Utah Tech University,DI,WAC,Western Athletic Conference,https://utahtechtrailblazers.com/sports/womens-volleyball/roster/2025,2026-07-20T01:05:52.747115+00:00,74,Middleton,ID,USA,2025
23,Kennedi Knudsen,OH,SR,Gunnison HS,,Utah Tech University,DI,WAC,Western Athletic Conference,https://utahtechtrailblazers.com/sports/womens-volleyball/roster/2025,2026-07-20T01:05:52.747115+00:00,71,Gunnison,UT,USA,2025
1,Maranda Woolf,MB,R-JR,Liberty HS,,Utah Valley University,DI,WAC,Western Athletic Conference,https://gouvu.com/sports/womens-volleyball/roster/2025,2026-07-20T01:05:55.077922+00:00,74,Peoria,AZ,USA,2025
2,Alyvia Watkins,MB,SO,Morgan HS,Utah Hive,Utah Valley University,DI,WAC,Western Athletic Conference,https://gouvu.com/sports/womens-volleyball/roster/2025,2026-07-20T01:05:55.077922+00:00,75,Morgan,UT,USA,2025
3,Madi Standifird,OH,JR,Skyridge HS,,Utah Valley University,DI,WAC,Western Athletic Conference,https://gouvu.com/sports/womens-volleyball/roster/2025,2026-07-20T01:05:55.077922+00:00,69,Lehi,UT,USA,2025
4,Alyssa Erickson,OH,SR,Perry HS,BYU,Utah Valley University,DI,WAC,Western Athletic Conference,https://gouvu.com/sports/womens-volleyball/roster/2025,2026-07-20T01:05:55.077922+00:00,73,Gilbert,AZ,USA,2025
5,Avery Page,OH,SR,Lehi HS,,Utah Valley University,DI,WAC,Western Athletic Conference,https://gouvu.com/sports/womens-volleyball/roster/2025,2026-07-20T01:05:55.077922+00:00,73,Lehi,UT,USA,2025
6,Brooke Stauffer,S,FR,Corner Canyon HS,,Utah Valley University,DI,WAC,Western Athletic Conference,https://gouvu.com/sports/womens-volleyball/roster/2025,2026-07-20T01:05:55.077922+00:00,70,Cottonwood Heights,UT,USA,2025
7,Rylee Busse,OH,JR,Cornerstone Christian HS,Memphis,Utah Valley University,DI,WAC,Western Athletic Conference,https://gouvu.com/sports/womens-volleyball/roster/2025,2026-07-20T01:05:55.077922+00:00,70,New Braunfels,TX,USA,2025
8,Lani Matavao,L/DS,JR,West Jordan HS,,Utah Valley University,DI,WAC,Western Athletic Conference,https://gouvu.com/sports/womens-volleyball/roster/2025,2026-07-20T01:05:55.077922+00:00,66,West Jordan,UT,USA,2025
9,Natalie Riggs,S,SR,Highland HS,,Utah Valley University,DI,WAC,Western Athletic Conference,https://gouvu.com/sports/womens-volleyball/roster/2025,2026-07-20T01:05:55.077922+00:00,70,Gilbert,AZ,USA,2025
10,Lauren Feiler,MB,FR,San Marcos HS,,Utah Valley University,DI,WAC,Western Athletic Conference,https://gouvu.com/sports/womens-volleyball/roster/2025,2026-07-20T01:05:55.077922+00:00,73,Carlsbad,CA,USA,2025
11,Evalyn Medaris,S,JR,Bountiful HS,,Utah Valley University,DI,WAC,Western Athletic Conference,https://gouvu.com/sports/womens-volleyball/roster/2025,2026-07-20T01:05:55.077922+00:00,70,Bountiful,UT,USA,2025
12,Kenna McClure,L/DS,FR,,,Utah Valley University,DI,WAC,Western Athletic Conference,https://gouvu.com/sports/womens-volleyball/roster/2025,2026-07-20T01:05:55.077922+00:00,68,Meridian,ID,USA,2025
13,Sami Blackett,OH,SO,Orem HS,,Utah Valley University,DI,WAC,Western Athletic Conference,https://gouvu.com/sports/womens-volleyball/roster/2025,2026-07-20T01:05:55.077922+00:00,73,Orem,UT,USA,2025
15,Bella Wooden,MB,SR,Northern Guilford HS,Utah State,Utah Valley University,DI,WAC,Western Athletic Conference,https://gouvu.com/sports/womens-volleyball/roster/2025,2026-07-20T01:05:55.077922+00:00,75,Summerfield,NC,USA,2025
17,Olivia Gloeckner,OPP,SO,Skyline HS,Idaho,Utah Valley University,DI,WAC,Western Athletic Conference,https://gouvu.com/sports/womens-volleyball/roster/2025,2026-07-20T01:05:55.077922+00:00,74,Salt Lake City,UT,USA,2025
18,Moana Peaua,OH,FR,Kamehameha Kapalama HS,,Utah Valley University,DI,WAC,Western Athletic Conference,https://gouvu.com/sports/womens-volleyball/roster/2025,2026-07-20T01:05:55.077922+00:00,70,Miliani,HI,USA,2025
20,Steliyana Chakarova,OPP,SR,,Eastern Arizona,Utah Valley University,DI,WAC,Western Athletic Conference,https://gouvu.com/sports/womens-volleyball/roster/2025,2026-07-20T01:05:55.077922+00:00,76,Stara Zagora,,Bulgaria,2025
2,Olivia Wagner,S,FR,Lakeville South,,Valparaiso University,DI,MVC,Missouri Valley Conference,https://valpoathletics.com/sports/womens-volleyball/roster/2025,2026-07-20T01:05:57.491455+00:00,72,Lakeville,MN,USA,2025
3,Lindley Martin,L/DS,SO,North Judson-San Pierre,,Valparaiso University,DI,MVC,Missouri Valley Conference,https://valpoathletics.com/sports/womens-volleyball/roster/2025,2026-07-20T01:05:57.491455+00:00,66,North Judson,IN,USA,2025
4,Jordyn Gove,OH,SO,Randall,,Valparaiso University,DI,MVC,Missouri Valley Conference,https://valpoathletics.com/sports/womens-volleyball/roster/2025,2026-07-20T01:05:57.491455+00:00,72,Amarillo,TX,USA,2025
5,Drew Glaser,OPP,SO,Edwardsburg,,Valparaiso University,DI,MVC,Missouri Valley Conference,https://valpoathletics.com/sports/womens-volleyball/roster/2025,2026-07-20T01:05:57.491455+00:00,72,Edwardsburg,MI,USA,2025
7,Mara Thomas,S,JR,Athens Academy,,Valparaiso University,DI,MVC,Missouri Valley Conference,https://valpoathletics.com/sports/womens-volleyball/roster/2025,2026-07-20T01:05:57.491455+00:00,67,Bogart,GA,USA,2025
8,Kadence Brumitt,OH,SO,Brandywine,,Valparaiso University,DI,MVC,Missouri Valley Conference,https://valpoathletics.com/sports/womens-volleyball/roster/2025,2026-07-20T01:05:57.491455+00:00,69,Niles,MI,USA,2025
10,Ava Helming,OPP,SO,Johnston,,Valparaiso University,DI,MVC,Missouri Valley Conference,https://valpoathletics.com/sports/womens-volleyball/roster/2025,2026-07-20T01:05:57.491455+00:00,72,Johnston,IA,USA,2025
11,Addy Kois,S,SR,Penn,,Valparaiso University,DI,MVC,Missouri Valley Conference,https://valpoathletics.com/sports/womens-volleyball/roster/2025,2026-07-20T01:05:57.491455+00:00,71,Osceola,IN,USA,2025
13,Kendal Ramey,L/DS,SR,Western Boone,,Valparaiso University,DI,MVC,Missouri Valley Conference,https://valpoathletics.com/sports/womens-volleyball/roster/2025,2026-07-20T01:05:57.491455+00:00,67,Crawfordsville,IN,USA,2025
14,Keira Lucas,OH,FR,Northview,,Valparaiso University,DI,MVC,Missouri Valley Conference,https://valpoathletics.com/sports/womens-volleyball/roster/2025,2026-07-20T01:05:57.491455+00:00,70,Brazil,IN,USA,2025
17,Danica Goch,L/DS,SO,Lakeshore,,Valparaiso University,DI,MVC,Missouri Valley Conference,https://valpoathletics.com/sports/womens-volleyball/roster/2025,2026-07-20T01:05:57.491455+00:00,68,Baroda,MI,USA,2025
22,Sam Warren,OPP,SR,South Newton,,Valparaiso University,DI,MVC,Missouri Valley Conference,https://valpoathletics.com/sports/womens-volleyball/roster/2025,2026-07-20T01:05:57.491455+00:00,70,Kentland,IN,USA,2025
23,Lilly Merk,MB,SO,Terre Haute South Vigo,,Valparaiso University,DI,MVC,Missouri Valley Conference,https://valpoathletics.com/sports/womens-volleyball/roster/2025,2026-07-20T01:05:57.491455+00:00,72,Terre Haute,IN,USA,2025
27,Jessica Pickett,MB,SO,Carmel,,Valparaiso University,DI,MVC,Missouri Valley Conference,https://valpoathletics.com/sports/womens-volleyball/roster/2025,2026-07-20T01:05:57.491455+00:00,78,Carmel,IN,USA,2025
31,Mia Liberti,L/DS,SO,De La Salle Institute,,Valparaiso University,DI,MVC,Missouri Valley Conference,https://valpoathletics.com/sports/womens-volleyball/roster/2025,2026-07-20T01:05:57.491455+00:00,66,Chicago,IL,USA,2025
2,Ava Harris,S,FR,Angola,,Villanova University,DI,Big East,Big East Conference,https://villanova.com/sports/womens-volleyball/roster/2025,2026-07-20T01:06:10.379928+00:00,71,Angola,IN,USA,2025
5,Emma Vu,S,GR,Allen,,Villanova University,DI,Big East,Big East Conference,https://villanova.com/sports/womens-volleyball/roster/2025,2026-07-20T01:06:10.379928+00:00,65,Allen,TX,USA,2025
7,Alyssa Nelson,S,SO,Lafayette High,,Villanova University,DI,Big East,Big East Conference,https://villanova.com/sports/womens-volleyball/roster/2025,2026-07-20T01:06:10.379928+00:00,68,Wildwood,MO,USA,2025
9,Cat Young,OH,SO,Flower Mound,,Villanova University,DI,Big East,Big East Conference,https://villanova.com/sports/womens-volleyball/roster/2025,2026-07-20T01:06:10.379928+00:00,71,Flower Mound,TX,USA,2025
10,Abby Harrell,OH,JR,Ellensburg,,Villanova University,DI,Big East,Big East Conference,https://villanova.com/sports/womens-volleyball/roster/2025,2026-07-20T01:06:10.379928+00:00,70,Ellensburg,WA,USA,2025
23,Margot Randall,MB,SO,St. Teresa's Academy,,Villanova University,DI,Big East,Big East Conference,https://villanova.com/sports/womens-volleyball/roster/2025,2026-07-20T01:06:10.379928+00:00,74,Leawood,KS,USA,2025
25,Annika Veurink,MB,JR,Southwest Christian,,Villanova University,DI,Big East,Big East Conference,https://villanova.com/sports/womens-volleyball/roster/2025,2026-07-20T01:06:10.379928+00:00,74,Eden Prairie,MN,USA,2025
44,Reagan McGivern,MB,FR,Hayden Catholic,,Villanova University,DI,Big East,Big East Conference,https://villanova.com/sports/womens-volleyball/roster/2025,2026-07-20T01:06:10.379928+00:00,74,Topeka,KS,USA,2025
1,Letizia Galli,MB,,,,Virginia Commonwealth University,DI,A10,Atlantic 10 Conference,https://vcuathletics.com/sports/womens-volleyball/roster/2025,2026-07-20T01:06:12.858036+00:00,72,Appiano Gentile,,Italy,2025
2,Haruka Sugimoto,L/DS,,,Central Wyoming College/Stetson,Virginia Commonwealth University,DI,A10,Atlantic 10 Conference,https://vcuathletics.com/sports/womens-volleyball/roster/2025,2026-07-20T01:06:12.858036+00:00,66,Kobe,,Japan,2025
3,Meghan Touhey,L/DS,,,Owen J. Roberts,Virginia Commonwealth University,DI,A10,Atlantic 10 Conference,https://vcuathletics.com/sports/womens-volleyball/roster/2025,2026-07-20T01:06:12.858036+00:00,69,Spring City,PA,USA,2025
4,Lannah Price,OH,,,South Johnston,Virginia Commonwealth University,DI,A10,Atlantic 10 Conference,https://vcuathletics.com/sports/womens-volleyball/roster/2025,2026-07-20T01:06:12.858036+00:00,69,Four Oaks,NC,USA,2025
7,Sarah Dibbs-Frantz,MB,,,Carrollwood Day,Virginia Commonwealth University,DI,A10,Atlantic 10 Conference,https://vcuathletics.com/sports/womens-volleyball/roster/2025,2026-07-20T01:06:12.858036+00:00,75,Tampa,FL,USA,2025
8,Abby Edwards,S,,,Chapin,Virginia Commonwealth University,DI,A10,Atlantic 10 Conference,https://vcuathletics.com/sports/womens-volleyball/roster/2025,2026-07-20T01:06:12.858036+00:00,70,Chapin,SC,USA,2025
9,Julieta Portillo,OH,,,,Virginia Commonwealth University,DI,A10,Atlantic 10 Conference,https://vcuathletics.com/sports/womens-volleyball/roster/2025,2026-07-20T01:06:12.858036+00:00,76,Yerba Buena,,Argentina,2025
10,Kayla Foley,L/DS,,,First Colonial (Michigan State),Virginia Commonwealth University,DI,A10,Atlantic 10 Conference,https://vcuathletics.com/sports/womens-volleyball/roster/2025,2026-07-20T01:06:12.858036+00:00,64,Virginia Beach,VA,USA,2025
11,Kalina Pylinska,OH,,,Navarro College,Virginia Commonwealth University,DI,A10,Atlantic 10 Conference,https://vcuathletics.com/sports/womens-volleyball/roster/2025,2026-07-20T01:06:12.858036+00:00,70,Nowy Tomysl,,Poland,2025
12,Lara Del Core,OPP,,,,Virginia Commonwealth University,DI,A10,Atlantic 10 Conference,https://vcuathletics.com/sports/womens-volleyball/roster/2025,2026-07-20T01:06:12.858036+00:00,74,Busto Arsizio,,Italy,2025
15,Julia Rienks,OPP,,,Daytona State College,Virginia Commonwealth University,DI,A10,Atlantic 10 Conference,https://vcuathletics.com/sports/womens-volleyball/roster/2025,2026-07-20T01:06:12.858036+00:00,74,Dronryp,,Netherlands,2025
16,Nina Boledovicova,MB,,,Gymnazium Jura Hronca (Florida SW St.),Virginia Commonwealth University,DI,A10,Atlantic 10 Conference,https://vcuathletics.com/sports/womens-volleyball/roster/2025,2026-07-20T01:06:12.858036+00:00,71,Bratislava,,Slovakia,2025
17,Akire Jones,MB,,,Hutto,Virginia Commonwealth University,DI,A10,Atlantic 10 Conference,https://vcuathletics.com/sports/womens-volleyball/roster/2025,2026-07-20T01:06:12.858036+00:00,73,Round Rock,TX,USA,2025
20,Elif Ozsoy,S,,,Private Okyanus (Trinity Valley CC/North Alabama),Virginia Commonwealth University,DI,A10,Atlantic 10 Conference,https://vcuathletics.com/sports/womens-volleyball/roster/2025,2026-07-20T01:06:12.858036+00:00,74,Ankara,,Turkey,2025
21,Alicja Jaryszek,OH,,,Coastal Carolina,Virginia Commonwealth University,DI,A10,Atlantic 10 Conference,https://vcuathletics.com/sports/womens-volleyball/roster/2025,2026-07-20T01:06:12.858036+00:00,74,Buczek,,Poland,2025
24,Cansin Sendir,S,,,,Virginia Commonwealth University,DI,A10,Atlantic 10 Conference,https://vcuathletics.com/sports/womens-volleyball/roster/2025,2026-07-20T01:06:12.858036+00:00,70,Istanbul,,Turkey,2025
1,Meleah Foster,MB,SO,,,Western Carolina University,DI,Southern,Southern Conference,https://catamountsports.com/sports/womens-volleyball/roster/2025,2026-07-20T01:06:38.203909+00:00,73,Brevard,NC,USA,2025
2,Halley Tang,L/DS,SO,,,Western Carolina University,DI,Southern,Southern Conference,https://catamountsports.com/sports/womens-volleyball/roster/2025,2026-07-20T01:06:38.203909+00:00,67,Fort Lauderdale,FL,USA,2025
5,Courtney Graham,MB,SO,,,Western Carolina University,DI,Southern,Southern Conference,https://catamountsports.com/sports/womens-volleyball/roster/2025,2026-07-20T01:06:38.203909+00:00,73,Alpharetta,GA,USA,2025
6,Elise Gurley,L/DS,FR,,,Western Carolina University,DI,Southern,Southern Conference,https://catamountsports.com/sports/womens-volleyball/roster/2025,2026-07-20T01:06:38.203909+00:00,65,Wake Forest,NC,USA,2025
7,Samantha Jo Mikosky,MB,SR,,,Western Carolina University,DI,Southern,Southern Conference,https://catamountsports.com/sports/womens-volleyball/roster/2025,2026-07-20T01:06:38.203909+00:00,75,Bethlehem,PA,USA,2025
9,Danielle Wheat,S,FR,,,Western Carolina University,DI,Southern,Southern Conference,https://catamountsports.com/sports/womens-volleyball/roster/2025,2026-07-20T01:06:38.203909+00:00,68,Mount Olive,AL,USA,2025
10,Peri Subat,OH,SO,,,Western Carolina University,DI,Southern,Southern Conference,https://catamountsports.com/sports/womens-volleyball/roster/2025,2026-07-20T01:06:38.203909+00:00,71,Sheboygan Falls,WI,USA,2025
11,Abbie Willis,OH,FR,,,Western Carolina University,DI,Southern,Southern Conference,https://catamountsports.com/sports/womens-volleyball/roster/2025,2026-07-20T01:06:38.203909+00:00,74,Punta Gorda,FL,USA,2025
12,Tatum Sharp,MB,FR,,,Western Carolina University,DI,Southern,Southern Conference,https://catamountsports.com/sports/womens-volleyball/roster/2025,2026-07-20T01:06:38.203909+00:00,74,Loveland,CO,USA,2025
14,Janelle Blue,MB,SR,,,Western Carolina University,DI,Southern,Southern Conference,https://catamountsports.com/sports/womens-volleyball/roster/2025,2026-07-20T01:06:38.203909+00:00,71,Clover,SC,USA,2025
15,Samantha Kranzler,OH,FR,,,Western Carolina University,DI,Southern,Southern Conference,https://catamountsports.com/sports/womens-volleyball/roster/2025,2026-07-20T01:06:38.203909+00:00,71,Norwood,NJ,USA,2025
17,Evelyn Keefer,L/DS,FR,,,Western Carolina University,DI,Southern,Southern Conference,https://catamountsports.com/sports/womens-volleyball/roster/2025,2026-07-20T01:06:38.203909+00:00,68,Winder,GA,USA,2025
18,Katie Boney,S,JR,,,Western Carolina University,DI,Southern,Southern Conference,https://catamountsports.com/sports/womens-volleyball/roster/2025,2026-07-20T01:06:38.203909+00:00,72,Brookhaven,GA,USA,2025
20,Eda Yalçinkaya,L/DS,JR,,,Western Carolina University,DI,Southern,Southern Conference,https://catamountsports.com/sports/womens-volleyball/roster/2025,2026-07-20T01:06:38.203909+00:00,64,Istanbul,,Turkey,2025
22,Zoe Zudans,OH,JR,,,Western Carolina University,DI,Southern,Southern Conference,https://catamountsports.com/sports/womens-volleyball/roster/2025,2026-07-20T01:06:38.203909+00:00,72,Palm Beach Gardens,FL,USA,2025
6,Madelyn Norton,S,JR,Dike-New Hartford HS,,Western Illinois University,DI,Ohio Valley,Ohio Valley Conference,https://goleathernecks.com/sports/womens-volleyball/roster/2025,2026-07-20T01:06:40.954505+00:00,70,Dike,IA,USA,2025
8,Ashlee Markert,OH,FR,Brown County HS,,Western Illinois University,DI,Ohio Valley,Ohio Valley Conference,https://goleathernecks.com/sports/womens-volleyball/roster/2025,2026-07-20T01:06:40.954505+00:00,75,Mt. Sterling,IL,USA,2025
9,Hillary Estes,MB,JR,Nixa HS,,Western Illinois University,DI,Ohio Valley,Ohio Valley Conference,https://goleathernecks.com/sports/womens-volleyball/roster/2025,2026-07-20T01:06:40.954505+00:00,72,Nixa,MO,USA,2025
10,Kiyah Franklin,OPP,GR,Romeo HS,,Western Illinois University,DI,Ohio Valley,Ohio Valley Conference,https://goleathernecks.com/sports/womens-volleyball/roster/2025,2026-07-20T01:06:40.954505+00:00,72,Macomb,MI,USA,2025
11,Caroline Clayton,OH,FR,Olathe South HS,,Western Illinois University,DI,Ohio Valley,Ohio Valley Conference,https://goleathernecks.com/sports/womens-volleyball/roster/2025,2026-07-20T01:06:40.954505+00:00,68,Lenexa,KS,USA,2025
12,Kennedy Adair,OH,JR,Macomb HS,,Western Illinois University,DI,Ohio Valley,Ohio Valley Conference,https://goleathernecks.com/sports/womens-volleyball/roster/2025,2026-07-20T01:06:40.954505+00:00,72,Macomb,IL,USA,2025
14,Alysia Perez,S,R-FR,Geneseo HS,,Western Illinois University,DI,Ohio Valley,Ohio Valley Conference,https://goleathernecks.com/sports/womens-volleyball/roster/2025,2026-07-20T01:06:40.954505+00:00,69,Geneseo,IL,USA,2025
15,Jaleah Bauss,S,FR,Wakeland HS,,Western Illinois University,DI,Ohio Valley,Ohio Valley Conference,https://goleathernecks.com/sports/womens-volleyball/roster/2025,2026-07-20T01:06:40.954505+00:00,67,Frisco,TX,USA,2025
16,Melaina Hawblitzel,OH,SO,Warsaw HS,,Western Illinois University,DI,Ohio Valley,Ohio Valley Conference,https://goleathernecks.com/sports/womens-volleyball/roster/2025,2026-07-20T01:06:40.954505+00:00,70,Warsaw,IN,USA,2025
18,Martyna Sowiak,MB,FR,Bartlett High,,Western Illinois University,DI,Ohio Valley,Ohio Valley Conference,https://goleathernecks.com/sports/womens-volleyball/roster/2025,2026-07-20T01:06:40.954505+00:00,73,Bartlett,IL,USA,2025
21,Keyana Cruse,OH,GR,Bonner Springs HS,,Western Illinois University,DI,Ohio Valley,Ohio Valley Conference,https://goleathernecks.com/sports/womens-volleyball/roster/2025,2026-07-20T01:06:40.954505+00:00,73,Bonner Springs,KS,USA,2025
3,Trabrece Marbley,OH,FR,Humble H.S.,,Winthrop University,DI,Big South,Big South Conference,https://winthropeagles.com/sports/womens-volleyball/roster/2025,2026-07-20T01:06:54.023107+00:00,69,Humble,TX,USA,2025
4,Lexi Thatcher,S,JR,Bishop Chatard,,Winthrop University,DI,Big South,Big South Conference,https://winthropeagles.com/sports/womens-volleyball/roster/2025,2026-07-20T01:06:54.023107+00:00,71,Indianapolis,IN,USA,2025
5,Paige Bennett,OH,SO,Foothill H.S.,,Winthrop University,DI,Big South,Big South Conference,https://winthropeagles.com/sports/womens-volleyball/roster/2025,2026-07-20T01:06:54.023107+00:00,72,Pleasanton,CA,USA,2025
9,Giselle Little,MB,SO,Mountain Island Charter School,,Winthrop University,DI,Big South,Big South Conference,https://winthropeagles.com/sports/womens-volleyball/roster/2025,2026-07-20T01:06:54.023107+00:00,71,Mt. Holly,NC,USA,2025
11,Sophia Matthews,L/DS,SO,Apex Friendship H.S.,,Winthrop University,DI,Big South,Big South Conference,https://winthropeagles.com/sports/womens-volleyball/roster/2025,2026-07-20T01:06:54.023107+00:00,66,Apex,NC,USA,2025
12,Reece Rhoads,OH,R-SO,West Forsyth H.S.,,Winthrop University,DI,Big South,Big South Conference,https://winthropeagles.com/sports/womens-volleyball/roster/2025,2026-07-20T01:06:54.023107+00:00,71,Cumming,GA,USA,2025
13,Alyah Cadavid,L/DS,JR,Westminster Christian School,,Winthrop University,DI,Big South,Big South Conference,https://winthropeagles.com/sports/womens-volleyball/roster/2025,2026-07-20T01:06:54.023107+00:00,68,Miami,FL,USA,2025
14,Addison Torain,L/DS,FR,Metea Valley H.S.,,Winthrop University,DI,Big South,Big South Conference,https://winthropeagles.com/sports/womens-volleyball/roster/2025,2026-07-20T01:06:54.023107+00:00,67,Aurora,IL,USA,2025
16,Isabella Murray,S,R-SR,Norcross H.S.,,Winthrop University,DI,Big South,Big South Conference,https://winthropeagles.com/sports/womens-volleyball/roster/2025,2026-07-20T01:06:54.023107+00:00,74,Norcross,GA,USA,2025
19,Sydney Nolan,MB,SR,Academy of the Holy Cross,,Winthrop University,DI,Big South,Big South Conference,https://winthropeagles.com/sports/womens-volleyball/roster/2025,2026-07-20T01:06:54.023107+00:00,76,Upper Marlboro,MD,USA,2025
23,Teagan Sychterz,MB,R-SO,Triton H.S.,,Winthrop University,DI,Big South,Big South Conference,https://winthropeagles.com/sports/womens-volleyball/roster/2025,2026-07-20T01:06:54.023107+00:00,72,Benson,NC,USA,2025
